cleverness,uncommonness,remoteness,originality,explanation,problem,condition,education,response,response_id,problem_id,originality_rescaled_factor,effectiveness_rescaled_factor,word_count,duplicate_flag,ai_generated_flag,two_sentence_flag
4,3,1,4,I think this idea implements gamification and behavioral conditioning in an interesting way. I'm not sure how adaptive it would be for learning impairments which can be varied.,assist people with learning impairments retain information,oracle,Undergraduate degree (BA / BSc / Other),"a flash card lock screen widget, you can only unlock your phone after you get x correct answers.",10,1,4.1,5,18,0,0,0
5,5,5,5,A very net idea to help give people a challenge and incentive to learn the information that they are needing to learn,assist people with learning impairments retain information,oracle,Undergraduate degree (BA / BSc / Other),"a flash card lock screen widget, you can only unlock your phone after you get x correct answers.",10,1,4.1,5,18,0,0,0
5,5,4,5,"So far the most original response. I have yet to see it implemented, this is rather novel in my opinion. It is very original because it is a combination of a very practical educational tool (flashcards) with modern technology (lock screen mechanism) and it uses a smartphone - which is a device we all use many many times a day therefore, the subject will be exposed to these flashcard very often. Great idea!",assist people with learning impairments retain information,no_oracle,Graduate degree (MA / MSc / Other),"a flash card lock screen widget, you can only unlock your phone after you get x correct answers.",10,1,4.1,5,18,0,0,0
4,4,4,4,"I have no experience in the world of psychology/memory, but I think I can confidently say that most people would provide this response to this problem.",assist people with learning impairments retain information,oracle,Undergraduate degree (BA / BSc / Other),"a flash card lock screen widget, you can only unlock your phone after you get x correct answers.",10,1,4.1,5,18,0,0,0
5,1,5,5,This helps prevent overwhelm and makes retention easier.,assist people with learning impairments retain information,oracle,Undergraduate degree (BA / BSc / Other),aloow them to see as many as pictures in their surrandings regarding the topic,368,1,2.7,3.2,14,0,0,0
4,4,4,4,"I selected 4, I think it would be interesting to have an app that could do this and its not something ive heard of being done.",assist people with learning impairments retain information,oracle,Undergraduate degree (BA / BSc / Other),apps that can gauge where and how much time a student needs to learn more of a topic on.,274,1,3.8,3.7,19,0,0,0
4,3,3,3,This idea though practical lacks revolutionary aspects due to the lack of new aspects to add on to the idea.,assist people with learning impairments retain information,no_oracle,Undergraduate degree (BA / BSc / Other),apps that can gauge where and how much time a student needs to learn more of a topic on.,274,1,3.8,3.7,19,0,0,0
4,4,2,3,It's a application that I'm not sure if it's been developed or not.,assist people with learning impairments retain information,oracle,Graduate degree (MA / MSc / Other),ar wearables,352,1,3.4,2.2,2,0,0,0
4,5,2,4,This could help widespread solve the issue and isn't too implemented as of now.,assist people with learning impairments retain information,oracle,Undergraduate degree (BA / BSc / Other),ar wearables,352,1,3.4,2.2,2,0,0,0
4,3,1,4,because it present  a creative and personalized process designed to help people having that problem,assist people with learning impairments retain information,oracle,Undergraduate degree (BA / BSc / Other),art works,136,1,1.8,2.1,2,0,0,0
4,4,4,5,the problem appera to be uncommon.,assist people with learning impairments retain information,no_oracle,Undergraduate degree (BA / BSc / Other),assistive technology such as text to speech,283,1,2.5,2.8,7,0,0,0
3,2,3,3,"This idea has also been around for a long time - many people do stay organized with color coding. So certain colors may jog your memory about specific things, so not hugely original.",assist people with learning impairments retain information,oracle,Graduate degree (MA / MSc / Other),color codes,415,1,1.9,2.7,2,0,0,0
3,2,2,2,The usage of things such as color coding and mnemonics to assist with memory retention has been common in education for a long time.,assist people with learning impairments retain information,no_oracle,Undergraduate degree (BA / BSc / Other),color codes,415,1,1.9,2.7,2,0,0,0
5,4,2,4,The response is a very brilliant and intelligent one which can solve the problem,assist people with learning impairments retain information,oracle,Doctorate degree (PhD / Other),design recording instruments placed in cellphone that can be searched through with voice prompts,361,1,3.6,2.3,14,0,0,0
4,3,3,4,This response suggests a novel approach by integrating voice-activated search capabilities directly into recording instruments on a cellphone.,assist people with learning impairments retain information,no_oracle,Graduate degree (MA / MSc / Other),design recording instruments placed in cellphone that can be searched through with voice prompts,361,1,3.6,2.3,14,0,0,0
4,4,2,5,"This is original because it mimics the human encoding process for information. This will also help many people with disabilities or speech impairments, as they can listen to recordings as many times as needed.",assist people with learning impairments retain information,no_oracle,Undergraduate degree (BA / BSc / Other),design recording instruments placed in cellphone that can be searched through with voice prompts,361,1,3.6,2.3,14,0,0,0
4,3,4,4,That can also be very helpful to who use cellphones,assist people with learning impairments retain information,no_oracle,Undergraduate degree (BA / BSc / Other),design recording instruments placed in cellphone that can be searched through with voice prompts,361,1,3.6,2.3,14,0,0,0
4,3,3,3,"We already have this technology in place but from my point of view it could use further refinement which I think validates this statement,.",assist people with learning impairments retain information,oracle,High school diploma,design recording instruments placed in cellphone that can be searched through with voice prompts,361,1,3.6,2.3,14,0,0,0
1,1,1,3,I think using ebooks is definitely a good idea because it allows people to take notes on the side. Although it does not really help these people retain information and will probably make them very distracted,assist people with learning impairments retain information,no_oracle,Graduate degree (MA / MSc / Other),ebooks to read,1,1,2.2,2.3,3,0,0,0
2,1,1,1,"ebooks help everyone retain info, not sure if its the highest leverage solution",assist people with learning impairments retain information,no_oracle,Undergraduate degree (BA / BSc / Other),ebooks to read,1,1,2.2,2.3,3,0,0,0
1,1,1,1,Ebooks are something that is often used today.  I don't see how this will assist people with learning impairments to be able to assist them.,assist people with learning impairments retain information,oracle,Graduate degree (MA / MSc / Other),ebooks to read,1,1,2.2,2.3,3,0,0,0
3,2,3,2,Many people would suggest this idea,assist people with learning impairments retain information,no_oracle,Undergraduate degree (BA / BSc / Other),ebooks to read,1,1,2.2,2.3,3,0,0,0
2,2,4,1,People with learning impairments aren't going to learn with just a gadget. They will need more interation from teaching people to learn. Anyone can say give them an ebook but it doesn't solve the problem.,assist people with learning impairments retain information,no_oracle,Undergraduate degree (BA / BSc / Other),ebooks to read,1,1,2.2,2.3,3,0,0,0
1,1,1,1,The concept currently exists.,assist people with learning impairments retain information,oracle,Graduate degree (MA / MSc / Other),explain concepts in different methods to reinforce thinking habits and memory retention.,111,1,3,3.7,12,0,0,0
3,3,2,3,The idea of explaining concepts through different method is moderately original as it builds on common teaching practices.,assist people with learning impairments retain information,oracle,Undergraduate degree (BA / BSc / Other),explain concepts in different methods to reinforce thinking habits and memory retention.,111,1,3,3.7,12,0,0,0
4,4,1,4,Using different methods in conceptualization helps with retentive memory,assist people with learning impairments retain information,oracle,Undergraduate degree (BA / BSc / Other),explain concepts in different methods to reinforce thinking habits and memory retention.,111,1,3,3.7,12,0,0,0
1,1,1,1,when havign a hard time retaining information using multiple formats is a common practice to achive retention.,assist people with learning impairments retain information,no_oracle,Undergraduate degree (BA / BSc / Other),explain concepts in different methods to reinforce thinking habits and memory retention.,111,1,3,3.7,12,0,0,0
4,2,2,3,"Different methods can be used to teach them, but the most effective method should be employed.",assist people with learning impairments retain information,no_oracle,Undergraduate degree (BA / BSc / Other),explain concepts in different methods to reinforce thinking habits and memory retention.,111,1,3,3.7,12,0,0,0
5,1,1,4,learninig through the video games is a brilliant idea since sometimes learning can be boring.,assist people with learning impairments retain information,no_oracle,Undergraduate degree (BA / BSc / Other),explain concepts in different methods to reinforce thinking habits and memory retention.,111,1,3,3.7,12,0,0,0
1,1,1,1,N/A this response is to short and does not provide adequate context for a solution.,assist people with learning impairments retain information,oracle,Undergraduate degree (BA / BSc / Other),explain concepts in different methods to reinforce thinking habits and memory retention.,111,1,3,3.7,12,0,0,0
3,2,3,3,"I've heard of music therapy before, but usually in the context of health issues like disease. So it's not completely original, but not too basic either.",assist people with learning impairments retain information,oracle,Graduate degree (MA / MSc / Other),explaining a topic via music,93,1,3.8,2.6,5,0,0,0
5,5,4,5,"I love the use of music here, it's innovative and different.  It's a different way to think about the problem and solving it.",assist people with learning impairments retain information,oracle,Graduate degree (MA / MSc / Other),explaining a topic via music,93,1,3.8,2.6,5,0,0,0
5,4,2,4,This response is original in that it offers a specific and largely untried method of trying to convey information in a way that is more easily graspable.,assist people with learning impairments retain information,oracle,Undergraduate degree (BA / BSc / Other),explaining a topic via music,93,1,3.8,2.6,5,0,0,0
3,3,2,3,"It's common but making it into a game, I believe it helps people remember better.",assist people with learning impairments retain information,no_oracle,Undergraduate degree (BA / BSc / Other),games,337,1,2.7,3.2,1,0,0,0
5,1,4,2,I think its not that original since its one of the most common modes of learning used especially among children,assist people with learning impairments retain information,oracle,Undergraduate degree (BA / BSc / Other),games,337,1,2.7,3.2,1,0,0,0
4,4,3,4,"Modified learning is a relatively innovative approach, particularly in the context of assisting individuals with learning impairments. It creatively combines motivation and engagement techniques with education, though it is not entirely unique as gamification.",assist people with learning impairments retain information,oracle,Undergraduate degree (BA / BSc / Other),"gamified learning: gamify the learning experience by incorporating game-like elements, rewards, and progress tracking to motivate and engage individuals with learning impairments in the learning process.",464,1,4,4.4,26,0,1,0
3,2,2,3,"Giving direction in multiple formats is known method for assisting people with learning impairment, so it is not particularly original, though it is a practical approach to improving retention.",assist people with learning impairments retain information,no_oracle,Undergraduate degree (BA / BSc / Other),give directions in multiple format,495,1,2.5,2.6,5,0,0,0
3,1,1,1,Im not sure what the response is saying. It does not make sense.,assist people with learning impairments retain information,no_oracle,Undergraduate degree (BA / BSc / Other),give directions in multiple format,495,1,2.5,2.6,5,0,0,0
5,4,4,2,"Thought it was very unoriginal that ships can enhance peoples memory and very helpful to people. I’ve never heard this before, and I think it would be very beneficial to individuals with memory problems.",assist people with learning impairments retain information,oracle,Graduate degree (MA / MSc / Other),have social politics to help this people.,151,1,2.2,1.6,7,0,0,0
4,4,4,4,The technology for this exists but not currently accessible to the majority. It will happen and actually does on a smaller scale..,assist people with learning impairments retain information,oracle,Graduate degree (MA / MSc / Other),increaing the production of robots to teach people who have these impairments,383,1,3.6,1.7,12,0,0,0
4,4,4,4,increasing the production of robots who can teach is innovative in comparison to standard tools. educational robots do exists but specifically for assisting people with learning impairments isn't' common,assist people with learning impairments retain information,oracle,Graduate degree (MA / MSc / Other),increaing the production of robots to teach people who have these impairments,383,1,3.6,1.7,12,0,0,0
2,5,2,1,It will be very hard for these robots to teach people and will probably not give them the effective treatment that they need,assist people with learning impairments retain information,no_oracle,Graduate degree (MA / MSc / Other),increaing the production of robots to teach people who have these impairments,383,1,3.6,1.7,12,0,0,0
3,3,3,3,Robots will be leading the world soon in good ways of course so this idea is neutral as many developments are already happening,assist people with learning impairments retain information,no_oracle,Undergraduate degree (BA / BSc / Other),increaing the production of robots to teach people who have these impairments,383,1,3.6,1.7,12,0,0,0
2,4,5,3,"I rated this response as neutral because while it is uncommon and very remote, the idea of increasing robot production to teach people is not very clever or realistic. If the person meant developing AI tools and programs that can help people with learning impairments, that is more realistic, but as it's written the response is not very viable.",assist people with learning impairments retain information,no_oracle,Undergraduate degree (BA / BSc / Other),increaing the production of robots to teach people who have these impairments,383,1,3.6,1.7,12,0,0,0
2,2,2,2,"This response is very vague, so it is hard to know what the unique contribution will be. As it stands, different learning methods are already implemented for people with learning impairments.",assist people with learning impairments retain information,no_oracle,Undergraduate degree (BA / BSc / Other),introducing different learning methods to the traditional ones,247,1,2.9,3,8,0,0,0
1,1,1,1,"At best, this solution addresses that something needs to be fixed but offers no actual ways to go about changing or fixing the issue itself.",assist people with learning impairments retain information,oracle,Undergraduate degree (BA / BSc / Other),introducing different learning methods to the traditional ones,247,1,2.9,3,8,0,0,0
4,2,3,4,Learning aids with music can help those who visually impaired to learn and retain information.,assist people with learning impairments retain information,no_oracle,Undergraduate degree (BA / BSc / Other),learning aided with music for the vis,235,1,3.4,2.7,7,0,0,0
1,1,3,4,it gives stimulation to the individual to help them learn,assist people with learning impairments retain information,oracle,Undergraduate degree (BA / BSc / Other),little thematic games in an app or on the computer to facilitate the learning process.,131,1,3.7,3.5,15,0,0,0
1,1,1,1,"It is a good idea, but one that is already well established. Many apps and games exist for the purpose of learning.",assist people with learning impairments retain information,no_oracle,Graduate degree (MA / MSc / Other),little thematic games in an app or on the computer to facilitate the learning process.,131,1,3.7,3.5,15,0,0,0
4,2,1,4,"This is not a completely novel idea, but with clever and customized implementation it can be original if it leverages the technology.",assist people with learning impairments retain information,oracle,Undergraduate degree (BA / BSc / Other),little thematic games in an app or on the computer to facilitate the learning process.,131,1,3.7,3.5,15,0,0,0
4,2,1,4,Thematic games help improve retentive ability,assist people with learning impairments retain information,oracle,Undergraduate degree (BA / BSc / Other),little thematic games in an app or on the computer to facilitate the learning process.,131,1,3.7,3.5,15,0,0,0
3,1,1,1,"While the idea could be useful, it is already an established way of teaching/planning. Infograms are popular among teachers/trainers.",assist people with learning impairments retain information,no_oracle,Graduate degree (MA / MSc / Other),make a lot of infograms about the things you want to teach,148,1,2.7,3.1,12,0,0,0
2,2,2,2,"Infograms, or other similar methods to display a lot of information in an easy to understand way, are already heavily utilized in education of all sorts.",assist people with learning impairments retain information,no_oracle,Undergraduate degree (BA / BSc / Other),make a lot of infograms about the things you want to teach,148,1,2.7,3.1,12,0,0,0
3,2,2,2,"The response of using more engaging teaching or learning regimes is an established approach in educational psychology and isn't particularly novel. While it's a valid strategy, it has been widely implemented and discussed.",assist people with learning impairments retain information,oracle,Undergraduate degree (BA / BSc / Other),more engaging teaching/learning regimens,199,1,2.8,3.6,4,0,0,0
5,4,4,2,I rated this Andrew an original as putting chips in the brain to help with memory is something very cool and clever. I’ve never heard anything like this. It’s something new and I was shocked to read about it.,assist people with learning impairments retain information,oracle,Graduate degree (MA / MSc / Other),more engaging teaching/learning regimens,199,1,2.8,3.6,4,0,0,0
2,2,2,2,The idea of using more engaging teaching and learning is broadly known.,assist people with learning impairments retain information,oracle,Undergraduate degree (BA / BSc / Other),more engaging teaching/learning regimens,199,1,2.8,3.6,4,0,0,0
4,4,5,4,Systematic teaching and learning plan will help,assist people with learning impairments retain information,no_oracle,Undergraduate degree (BA / BSc / Other),more engaging teaching/learning regimens,199,1,2.8,3.6,4,0,0,0
1,1,1,1,It's a common method of teaching.,assist people with learning impairments retain information,oracle,Graduate degree (MA / MSc / Other),multiple repetitions of the material in differents forms,213,1,2.7,3.4,8,0,0,0
2,2,1,2,"Requires more information as the idea is vague. In order to be original, the different forms to be implemented should have been thoroughly explained.",assist people with learning impairments retain information,oracle,Graduate degree (MA / MSc / Other),multiple repetitions of the material in differents forms,213,1,2.7,3.4,8,0,0,0
4,4,4,4,"There could be a variety of uncommon, remote and clever forms.",assist people with learning impairments retain information,oracle,Undergraduate degree (BA / BSc / Other),multiple repetitions of the material in differents forms,213,1,2.7,3.4,8,0,0,0
4,3,3,3,"Repetition is a known and implemented strategy in learning environments, though the different forms could be original based on what they are.",assist people with learning impairments retain information,no_oracle,Undergraduate degree (BA / BSc / Other),multiple repetitions of the material in differents forms,213,1,2.7,3.4,8,0,0,0
3,2,2,2,The strategy of repetition and using different forms of information in learning for people with impairments isn't anything groundbreaking or new.,assist people with learning impairments retain information,oracle,Undergraduate degree (BA / BSc / Other),multiple repetitions of the material in differents forms,213,1,2.7,3.4,8,0,0,0
5,1,1,4,Such approach is a well-established educational technique hence making it original,assist people with learning impairments retain information,oracle,Graduate degree (MA / MSc / Other),multiple repetitions of the material in differents forms,213,1,2.7,3.4,8,0,0,0
3,3,3,3,"I wouldn't write this off and say it's unoriginal, while the idea is unoriginal the goal of coming up with these new mulitisensory tools would hopefully be very original. Again, here it's not really providing a solution, but more the direction which is unoriginal.",assist people with learning impairments retain information,no_oracle,Graduate degree (MA / MSc / Other),"multisensory learning tools: develop learning tools that incorporate multiple senses, such as tactile elements, auditory cues, and visual aids, to enhance retention and comprehension for individuals with learning impairments.",463,1,4.3,4.1,29,0,1,0
5,5,5,5,This response not only fully thought their solution but offered multiple ways that their idea would help.  This was a well constructed response that made me believe that multi-sensory learning would help people with learning impairments retain information.,assist people with learning impairments retain information,oracle,Undergraduate degree (BA / BSc / Other),"multisensory learning tools: develop learning tools that incorporate multiple senses, such as tactile elements, auditory cues, and visual aids, to enhance retention and comprehension for individuals with learning impairments.",463,1,4.3,4.1,29,0,1,0
1,1,1,1,Most people already take notes when they are students. This idea wouldn't really be unique to helping people specifically with learning impairments.,assist people with learning impairments retain information,no_oracle,Undergraduate degree (BA / BSc / Other),note taking,481,1,1.4,2.1,2,0,0,0
2,2,2,2,"The first things that gets offering to someone with learning impairments is to have someone take notes for them in a class, so I do not find this very original.",assist people with learning impairments retain information,no_oracle,Undergraduate degree (BA / BSc / Other),note taking,481,1,1.4,2.1,2,0,0,0
1,1,1,1,Sometimes note taking is not helpful.  It depends on the learning disorder.  Note taking CAN be helpful but the idea needs to be fleshed out more.,assist people with learning impairments retain information,oracle,Graduate degree (MA / MSc / Other),note taking,481,1,1.4,2.1,2,0,0,0
5,2,4,4,Taking little bit of notes make it easier to recall,assist people with learning impairments retain information,no_oracle,Undergraduate degree (BA / BSc / Other),note taking,481,1,1.4,2.1,2,0,0,0
5,1,5,5,This would help them remember what was taught,assist people with learning impairments retain information,oracle,Undergraduate degree (BA / BSc / Other),note taking,481,1,1.4,2.1,2,0,0,0
1,1,1,1,People have been writing notes for so long so it's not a new idea at all.,assist people with learning impairments retain information,no_oracle,Undergraduate degree (BA / BSc / Other),notepads,479,1,1.5,1.9,1,0,0,0
2,1,1,1,"pen and paper. not only original, very outdated",assist people with learning impairments retain information,no_oracle,Undergraduate degree (BA / BSc / Other),notepads,479,1,1.5,1.9,1,0,0,0
1,2,5,1,Just giving someone a notepad isn't going to do anything.,assist people with learning impairments retain information,no_oracle,Undergraduate degree (BA / BSc / Other),notepads,479,1,1.5,1.9,1,0,0,0
2,1,4,1,"i mean that's almost the de-facto go to solution whenever most people find it hard to grasp certain concepts right off the bat. I have heard of it, tried it and even seen its effects through out the years",assist people with learning impairments retain information,oracle,Undergraduate degree (BA / BSc / Other),notepads,479,1,1.5,1.9,1,0,0,0
3,3,3,3,I feel like this is probably too common for it to be and original idea.,assist people with learning impairments retain information,no_oracle,Graduate degree (MA / MSc / Other),pair the dates with known events,380,1,2.6,2.4,6,0,0,0
2,1,1,2,"associating dates with known events is a common mnemonic technique used in various educational settings, including for individuals with learning impairments.",assist people with learning impairments retain information,no_oracle,Graduate degree (MA / MSc / Other),pair the dates with known events,380,1,2.6,2.4,6,0,0,0
5,4,4,4,This will enable them to remember most of the date as it is associated with important events,assist people with learning impairments retain information,oracle,Graduate degree (MA / MSc / Other),pair the dates with known events,380,1,2.6,2.4,6,0,0,0
5,4,4,4,The idea of leveraging personalize audios or calls during optimal brain states for memory retention is innovative.,assist people with learning impairments retain information,oracle,Undergraduate degree (BA / BSc / Other),personalized audios or calls in which the learning session occurs whenever the brain is in a state in which it easily access the part that retains information in the long term memory,401,1,4,2.6,32,0,0,0
1,1,1,1,"i selected 1 because for people with learning impairments, simply practicing something may not be enough to really retain information.",assist people with learning impairments retain information,oracle,Undergraduate degree (BA / BSc / Other),practice,306,1,1.4,2.1,1,0,0,0
4,1,1,2,its a common practice actually and it helps as well,assist people with learning impairments retain information,no_oracle,Graduate degree (MA / MSc / Other),practice,306,1,1.4,2.1,1,0,0,0
1,1,1,1,"Respondent left a one word response in, ""practice"".  That barely addresses the question and not much thought was placed into the idea.",assist people with learning impairments retain information,oracle,Undergraduate degree (BA / BSc / Other),practice,306,1,1.4,2.1,1,0,0,0
3,3,2,3,smartphone notifications is not something new to remind people to study. however the application of being specifically for those with learning impairments adds relevance.,assist people with learning impairments retain information,oracle,Graduate degree (MA / MSc / Other),push-notification reminders in smartphones for study,359,1,2.6,2.6,6,0,0,0
3,1,1,1,N|A,assist people with learning impairments retain information,no_oracle,Undergraduate degree (BA / BSc / Other),push-notification reminders in smartphones for study,359,1,2.6,2.6,6,0,0,0
3,2,2,3,Notifications on smartphones already exist and are used.  I ranked this a neutral as they respondent was headed in the right direction but could have developed their idea a little further.,assist people with learning impairments retain information,oracle,Undergraduate degree (BA / BSc / Other),push-notification reminders in smartphones for study,359,1,2.6,2.6,6,0,0,0
1,1,1,1,I rated this response as very unoriginal because it's a simple one word response to a complex issue. It is not clever because people with learning impairments may struggle to read or retain the information they have read. It has no nuance and is not helpful.,assist people with learning impairments retain information,no_oracle,Undergraduate degree (BA / BSc / Other),read,305,1,1.3,1.1,1,1,0,0
5,2,4,5,It's highlight a tailored approach to educational assistance that addresses the specific challenges face by these people,assist people with learning impairments retain information,oracle,Graduate degree (MA / MSc / Other),read,305,1,1.3,1.1,1,1,0,0
2,1,1,2,"Learning from just reading is highly volatile, thus making it unoriginal. A more mentally stimulating effort can be done other than just reading.",assist people with learning impairments retain information,oracle,Undergraduate degree (BA / BSc / Other),read,305,1,1.3,1.1,1,1,0,0
1,1,1,1,This idea is way too simple and many people already use this method.,assist people with learning impairments retain information,no_oracle,Undergraduate degree (BA / BSc / Other),read and write it,348,1,1.4,1.5,4,0,0,0
1,1,1,1,"I feel like this is a very common thing that a lot of people do, although it does not work for those that really need additional resources .",assist people with learning impairments retain information,no_oracle,Graduate degree (MA / MSc / Other),read and write it,348,1,1.4,1.5,4,0,0,0
3,2,2,3,"this a good idea, but neutral because i dont think it is the most effective way. Because learning impairment can be improved by various tech means.",assist people with learning impairments retain information,no_oracle,Undergraduate degree (BA / BSc / Other),read and write it,348,1,1.4,1.5,4,0,0,0
3,1,1,3,"I'm neutral on this also as reading and writing in the form of learning is different for everyone. Some can learn from just reading and writing, others too need more effort which exceeds just reading and writing thus making me neutral on it.",assist people with learning impairments retain information,oracle,Undergraduate degree (BA / BSc / Other),read and write it,348,1,1.4,1.5,4,0,0,0
1,1,1,2,This is unoriginal this is basically what youtube and tiktok were created for,assist people with learning impairments retain information,no_oracle,Undergraduate degree (BA / BSc / Other),recorded videos of the learning material so the individual can have more time to learn at their own rate,227,1,3.5,3.9,19,0,0,0
4,1,1,1,N|A,assist people with learning impairments retain information,no_oracle,Undergraduate degree (BA / BSc / Other),recorded videos of the learning material so the individual can have more time to learn at their own rate,227,1,3.5,3.9,19,0,0,0
3,3,4,3,Being able to rewatch learning material as many times a necissary helps some. This is still not a novel approach. Most anyone can come up with this ideal.,assist people with learning impairments retain information,no_oracle,Undergraduate degree (BA / BSc / Other),recorded videos of the learning material so the individual can have more time to learn at their own rate,227,1,3.5,3.9,19,0,0,0
5,1,1,4,explaining this in different ways can help build the memory retention and can also help in quick remembrance.,assist people with learning impairments retain information,no_oracle,Undergraduate degree (BA / BSc / Other),recorded videos of the learning material so the individual can have more time to learn at their own rate,227,1,3.5,3.9,19,0,0,0
1,5,1,5,It's highlight a tailored approach to educational assistance that addresses specific challenges face by these individuals,assist people with learning impairments retain information,oracle,Graduate degree (MA / MSc / Other),recorded videos of the learning material so the individual can have more time to learn at their own rate,227,1,3.5,3.9,19,0,0,0
5,2,3,4,I think its been worked out and its highly effective when adopted by a lot of people since it enhances flexibility when it comes to learning,assist people with learning impairments retain information,oracle,Undergraduate degree (BA / BSc / Other),recorded videos of the learning material so the individual can have more time to learn at their own rate,227,1,3.5,3.9,19,0,0,0
3,3,2,4,I strongly believe that pictures help people remember things.,assist people with learning impairments retain information,no_oracle,Undergraduate degree (BA / BSc / Other),relate always to an image,173,1,2.4,2.8,5,0,0,0
1,1,1,1,"I believe this is already what is used. Flashcards, symbols, and simple formulas/phrases are commonly used.",assist people with learning impairments retain information,no_oracle,Graduate degree (MA / MSc / Other),relate always to an image,173,1,2.4,2.8,5,0,0,0
1,1,1,1,The response gives a good solution to solve problems with impairment,assist people with learning impairments retain information,oracle,Doctorate degree (PhD / Other),relate always to an image,173,1,2.4,2.8,5,0,0,0
4,2,4,4,helping people keep or retain impairment helps a lot,assist people with learning impairments retain information,no_oracle,Undergraduate degree (BA / BSc / Other),relate always to an image,173,1,2.4,2.8,5,0,0,0
1,1,1,1,"This is something that is done in schools, with books, and other means around the world, specifically for toddlers",assist people with learning impairments retain information,oracle,High school diploma,relate always to an image,173,1,2.4,2.8,5,0,0,0
1,1,1,1,"reminders aren't creative at all, it's something we all already do when needing to retain information.",assist people with learning impairments retain information,oracle,Graduate degree (MA / MSc / Other),reminder,32,1,1.4,1.1,1,0,0,0
2,4,1,2,I believe in a system where people are either compelled or coaxed into doing something. Using a reminder doesn't do any of these as the choice is still with the learner to choose whether to learn or not.,assist people with learning impairments retain information,oracle,Undergraduate degree (BA / BSc / Other),reminder,32,1,1.4,1.1,1,0,0,0
3,2,3,2,This is kind of fun but its not new. People already use things like songs or games.,assist people with learning impairments retain information,no_oracle,Undergraduate degree (BA / BSc / Other),repeating in fun ways the knowledge,208,1,2.6,3.3,6,0,0,0
5,4,4,4,"This would be a more original solution, it seems fairly witty and less of a known/standardized technique.",assist people with learning impairments retain information,no_oracle,Graduate degree (MA / MSc / Other),repeating in fun ways the knowledge,208,1,2.6,3.3,6,0,0,0
2,1,2,2,"Once again, repetition is the standard approach taught in schools. If someone has a learning impairment, it is likely they need the information taught in a way that's different than the way it's presented in schools.",assist people with learning impairments retain information,oracle,Graduate degree (MA / MSc / Other),repeating in fun ways the knowledge,208,1,2.6,3.3,6,0,0,0
2,2,2,2,been done alot,assist people with learning impairments retain information,no_oracle,Technical / community college,repeating in fun ways the knowledge,208,1,2.6,3.3,6,0,0,0
3,2,1,3,"The idea of repeating information in fun ways is a fairly common educational strategy, especially when working with people with learning impairments.",assist people with learning impairments retain information,no_oracle,Undergraduate degree (BA / BSc / Other),repeating in fun ways the knowledge,208,1,2.6,3.3,6,0,0,0
4,4,1,4,because it gives a detailed suggestion specifically designed to help people with learning impairment,assist people with learning impairments retain information,oracle,Undergraduate degree (BA / BSc / Other),repeating in fun ways the knowledge,208,1,2.6,3.3,6,0,0,0
2,1,1,1,I selected 1 because the idea of using repetition to help impaired people retain information seems pretty basic and in my opinion not innovative at all.,assist people with learning impairments retain information,oracle,Undergraduate degree (BA / BSc / Other),repetition,183,1,1.6,2.8,1,1,0,0
2,1,1,1,I selected 1 because the idea of using repetition to help impaired people retain information seems pretty basic and in my opinion not innovative at all.,assist people with learning impairments retain information,oracle,Undergraduate degree (BA / BSc / Other),repetition,280,1,1.5,2.3,1,1,0,0
1,4,2,2,The response is common but does not give any reasonable explanation,assist people with learning impairments retain information,oracle,Doctorate degree (PhD / Other),repetition,183,1,1.6,2.8,1,1,0,0
1,4,2,2,The response is common but does not give any reasonable explanation,assist people with learning impairments retain information,oracle,Doctorate degree (PhD / Other),repetition,280,1,1.5,2.3,1,1,0,0
4,2,3,2,N|A,assist people with learning impairments retain information,no_oracle,Undergraduate degree (BA / BSc / Other),robot that specialises in learning disability,25,1,3.8,3.7,6,0,0,0
3,2,3,3,"This is some what original, the technology to do this already exists but I have not seen it in full-on robots yet.",assist people with learning impairments retain information,oracle,High school diploma,robot that specialises in learning disability,25,1,3.8,3.7,6,0,0,0
2,3,3,3,"Robotics have been proposed to address many different problems in many fields, which makes the sentiment unoriginal, but I have not seen its usage in learning discussed much, so I would say neutral.",assist people with learning impairments retain information,no_oracle,Undergraduate degree (BA / BSc / Other),robot that specialises in learning disability,25,1,3.8,3.7,6,0,0,0
4,3,2,4,"Being able to use your sense of touch and smell for learning purposes isn't a well known concept. If you combine the two senses, people should be able to retain information more.",assist people with learning impairments retain information,no_oracle,Undergraduate degree (BA / BSc / Other),sensory white board where you can feel and mell different things,157,1,3.9,2,11,0,0,0
2,1,1,2,I rated this unoriginal because it is fairly common knowledge that standardized learning techniques are not as effective for those with learning impairments so alternative solutions are needed- and the most common would be audio/visual tools in addition to lecture.,assist people with learning impairments retain information,no_oracle,Graduate degree (MA / MSc / Other),sounds annd images that relate to the topic,334,1,2.5,3.3,8,0,0,0
5,1,3,5,Using sounds and images which are related to the topic make use of the multisensory learning hence imparting some originality though not a novel.,assist people with learning impairments retain information,oracle,Graduate degree (MA / MSc / Other),sounds annd images that relate to the topic,334,1,2.5,3.3,8,0,0,0
4,3,2,2,"I believe this response is unoriginal since educators have been using images and sounds for decades. 
This response, however, is quite practical in my opinion, since it does help. My mom is a child psychiatrist and has been dealing with kids with learning impairments for her entire career. Lately, they have been taking it a step forward and integrating touch and tactile experiences together with sounds and images.",assist people with learning impairments retain information,no_oracle,Graduate degree (MA / MSc / Other),sounds annd images that relate to the topic,334,1,2.5,3.3,8,0,0,0
1,1,1,1,The proposal is not unique and currently exists,assist people with learning impairments retain information,oracle,Graduate degree (MA / MSc / Other),summarize books into bullet points,74,1,2.1,2.4,5,0,0,0
3,2,3,3,"This would make it easier to condense large chunks of information, but this idea has been around for a while - book summaries are prevalent on the internet.",assist people with learning impairments retain information,oracle,Graduate degree (MA / MSc / Other),summarize books into bullet points,74,1,2.1,2.4,5,0,0,0
3,1,1,2,This could help people summarize better but its not a very original idea we do this in school,assist people with learning impairments retain information,no_oracle,Undergraduate degree (BA / BSc / Other),summarize books into bullet points,74,1,2.1,2.4,5,0,0,0
1,1,1,1,There are multiple ways this idea is being used today. It's too basic and common.,assist people with learning impairments retain information,oracle,Graduate degree (MA / MSc / Other),"they should have daily reminders, for important tasks.",331,1,2.3,2.7,8,0,0,0
1,1,1,1,"This idea has already been widely implemented in the form of alarms, calendar notifications, virtual assistants, etc.",assist people with learning impairments retain information,no_oracle,Graduate degree (MA / MSc / Other),"they should have daily reminders, for important tasks.",331,1,2.3,2.7,8,0,0,0
1,1,2,1,"This solution doesn't help with continued retainment of information, though it helps with timeline-based tasks to complete.",assist people with learning impairments retain information,oracle,Undergraduate degree (BA / BSc / Other),"they should have daily reminders, for important tasks.",331,1,2.3,2.7,8,0,0,0
2,1,1,2,"Daily reminders for important tasks are a common assistive strategy for individuals with various cognitive challenges, not just learning impairments.",assist people with learning impairments retain information,no_oracle,Graduate degree (MA / MSc / Other),"they should have daily reminders, for important tasks.",331,1,2.3,2.7,8,0,0,0
4,3,3,4,the development of wearable devices that can deliver real time cognitive assistance relies on both miniaturization of electronics.,assist people with learning impairments retain information,oracle,Undergraduate degree (BA / BSc / Other),"they should have daily reminders, for important tasks.",331,1,2.3,2.7,8,0,0,0
4,2,4,3,"The idea is not particularly novel, as repetitive is a well-established strategy in education and cognitive training.",assist people with learning impairments retain information,no_oracle,Undergraduate degree (BA / BSc / Other),train people with repetitive actions so they do it out of habit,250,1,2.9,3.4,12,0,0,0
5,4,4,4,People with learning impairment takes time to retain information and therefore training someone with repetitive action will go a long way to help.,assist people with learning impairments retain information,no_oracle,Undergraduate degree (BA / BSc / Other),train people with repetitive actions so they do it out of habit,250,1,2.9,3.4,12,0,0,0
5,1,5,4,you have to be patient with the disabled.,assist people with learning impairments retain information,no_oracle,Graduate degree (MA / MSc / Other),try not to get mad when they make something slower,129,1,1.5,1.5,10,0,0,0
1,1,1,1,Advising tact and patience in learning isn't a new approach at all. Maintaining a good attitude is a basic method every teacher should have.,assist people with learning impairments retain information,oracle,Undergraduate degree (BA / BSc / Other),try not to get mad when they make something slower,129,1,1.5,1.5,10,0,0,0
3,2,2,4,"even though it a common knowledge, I still feel it a ver good way to learn for those in that particular condition.",assist people with learning impairments retain information,oracle,Undergraduate degree (BA / BSc / Other),use of notebook,17,1,1.4,2,3,0,0,0
3,1,1,2,a common teaching & learning method for all,assist people with learning impairments retain information,no_oracle,Undergraduate degree (BA / BSc / Other),use of similitudes,257,1,2.4,2.9,3,0,0,0
4,4,4,4,It is something that is unique and is not a answer i have heard before so i would mark it as original,assist people with learning impairments retain information,oracle,Undergraduate degree (BA / BSc / Other),use of similitudes,257,1,2.4,2.9,3,0,0,0
5,4,2,4,The idea is original as it involves reducing the cognitive load of remembering where items that have different locations are. The idea is not so common and it is very helpful. I have not heard of similar solutions in my career,assist people with learning impairments retain information,no_oracle,Graduate degree (MA / MSc / Other),use one location for important items.,489,1,2.5,2.6,6,0,0,0
2,1,1,2,"The concept of designating a specific location for frequently used items is a common organizational strategy, often recommended for individuals with various cognitive challenges, including learning impairments.",assist people with learning impairments retain information,no_oracle,Graduate degree (MA / MSc / Other),use one location for important items.,489,1,2.5,2.6,6,0,0,0
1,1,1,1,"Using post it notes is pretty common for most people. Plenty of people, such as office workers do this daily, and this wouldn't directly help anyone with learning impairments.",assist people with learning impairments retain information,no_oracle,Undergraduate degree (BA / BSc / Other),use post it notes for every day things,149,1,2,2.2,8,0,0,0
2,5,4,3,This can be very effective since learning with already installed videos can help this people to very quickly and adapt at thier your own rate.,assist people with learning impairments retain information,no_oracle,Undergraduate degree (BA / BSc / Other),use post it notes for every day things,149,1,2,2.2,8,0,0,0
2,1,3,2,"This has been a known technique for a long time.
Using repetition has been known to work well.",assist people with learning impairments retain information,oracle,Undergraduate degree (BA / BSc / Other),use repetition.,492,1,1.5,2.4,2,0,0,0
2,1,1,1,"Repetition is a widely used and well known technique for improving memory retention, especially in learning. It is not a novel or creative approach, making it a very unoriginal solution.",assist people with learning impairments retain information,oracle,Undergraduate degree (BA / BSc / Other),use repetition.,492,1,1.5,2.4,2,0,0,0
1,1,1,1,"Not very original, this is mainly what's taught in school. ""Repetition is the mother of all learning"", but this idea is thrown out when there are learning impairments.",assist people with learning impairments retain information,oracle,Graduate degree (MA / MSc / Other),use repetition.,492,1,1.5,2.4,2,0,0,0
5,1,4,5,"It helps by reinforcing neural connections, making it easier to recall and understand concepts over time",assist people with learning impairments retain information,oracle,Graduate degree (MA / MSc / Other),use repetition.,492,1,1.5,2.4,2,0,0,0
2,2,2,2,"This is a vague response, without knowing specifics it is not original. Repetition is used already in many learning environments.",assist people with learning impairments retain information,no_oracle,Undergraduate degree (BA / BSc / Other),use repetition.,492,1,1.5,2.4,2,0,0,0
5,1,2,1,"The idea is quite common, it is also a very clever idea. It has been implemented already and is being used regularly and frequently",assist people with learning impairments retain information,no_oracle,Graduate degree (MA / MSc / Other),use repitition,393,1,1.5,2.5,2,0,0,0
2,1,1,2,"Repetition is a well-known and widely used technique in learning and memory retention. while effective, it is not particularly original, as it is a standard approach.",assist people with learning impairments retain information,no_oracle,Undergraduate degree (BA / BSc / Other),use repitition,393,1,1.5,2.5,2,0,0,0
4,2,3,3,I selected 3 as this is a practice that Ive seen be used to help people with other issues learn so I dont see it as being particularly original,assist people with learning impairments retain information,oracle,Undergraduate degree (BA / BSc / Other),"use video games as teaching platforms, people with learning impairments might pay more attention if the activity isn't as boring",190,1,4,4.8,20,0,0,0
5,4,4,2,I’ve never heard of inserting chips in the brain enhance memory. I rated it on original as it’s something very new and something that is quite clever.,assist people with learning impairments retain information,oracle,Graduate degree (MA / MSc / Other),"use video games as teaching platforms, people with learning impairments might pay more attention if the activity isn't as boring",190,1,4,4.8,20,0,0,0
4,4,2,4,This as a brilliant idea which is not seen in our society,assist people with learning impairments retain information,oracle,Doctorate degree (PhD / Other),"use video games as teaching platforms, people with learning impairments might pay more attention if the activity isn't as boring",190,1,4,4.8,20,0,0,0
4,4,4,4,The solution appear to be remote,assist people with learning impairments retain information,no_oracle,Undergraduate degree (BA / BSc / Other),"use video games as teaching platforms, people with learning impairments might pay more attention if the activity isn't as boring",190,1,4,4.8,20,0,0,0
4,5,5,4,Its one of the new and innovative way of assisting people with learning impairment to retain information.,assist people with learning impairments retain information,no_oracle,Graduate degree (MA / MSc / Other),"use video games as teaching platforms, people with learning impairments might pay more attention if the activity isn't as boring",190,1,4,4.8,20,0,0,0
4,2,2,5,this is  possible and available because i think it will use the same principle as the hoverboards which also uses muscles for mobility.,assist people with learning impairments retain information,no_oracle,Undergraduate degree (BA / BSc / Other),"use video games as teaching platforms, people with learning impairments might pay more attention if the activity isn't as boring",190,1,4,4.8,20,0,0,0
4,4,3,5,"This is a perfect way of making people learn. This makes them have a feel of what is going on, and as human beings as we are, we normally don't forget how we feel, thus making it an easy way to tap it into leaning.",assist people with learning impairments retain information,oracle,Undergraduate degree (BA / BSc / Other),"use video games as teaching platforms, people with learning impairments might pay more attention if the activity isn't as boring",190,1,4,4.8,20,0,0,0
5,3,4,4,This is definitely a fair approach because it is common sense after all.,assist people with learning impairments retain information,no_oracle,Graduate degree (MA / MSc / Other),"visual storytelling: utilize visual storytelling techniques, such as comic strips or picture sequences, to present information in a more accessible and memorable way for individuals with learning impairments.",462,1,3.6,4.1,28,0,1,0
5,4,4,4,"Storytelling is not an often used strategy, which makes this response unique.",assist people with learning impairments retain information,no_oracle,Undergraduate degree (BA / BSc / Other),"visual storytelling: utilize visual storytelling techniques, such as comic strips or picture sequences, to present information in a more accessible and memorable way for individuals with learning impairments.",462,1,3.6,4.1,28,0,1,0
1,2,3,5,"I see i remember ,the Chinese saying goes, this will help the person remember what she\he saw.it easy to remember what you saw than what you heard.",assist people with learning impairments retain information,no_oracle,Undergraduate degree (BA / BSc / Other),"visual storytelling: utilize visual storytelling techniques, such as comic strips or picture sequences, to present information in a more accessible and memorable way for individuals with learning impairments.",462,1,3.6,4.1,28,0,1,0
3,4,3,4,Using a VR headset to show different times in history as a way of help individuals  with learning impairments is a creative and somewhat uncommon idea. It goes beyond typical visual aid and offer san immerse learning experience.,assist people with learning impairments retain information,oracle,Undergraduate degree (BA / BSc / Other),vr head et that shows different times in history,156,1,3.5,1.8,9,0,0,0
2,2,2,1,"If they are visual learner then perhaps it would be helpful, but it isn't very original.  Also misspellings in the example.",assist people with learning impairments retain information,oracle,Graduate degree (MA / MSc / Other),vr head et that shows different times in history,156,1,3.5,1.8,9,0,0,0
1,1,1,1,This is a very common practice.,assist people with learning impairments retain information,oracle,Undergraduate degree (BA / BSc / Other),write it down,376,1,1.5,1.5,3,0,0,0
1,1,4,1,This is way too simple and doesn't solve the issue by being obvious.,assist people with learning impairments retain information,oracle,Undergraduate degree (BA / BSc / Other),write it down,376,1,1.5,1.5,3,0,0,0
1,1,1,1,This is not a novel solution and in fact has been used since the development of written language.,assist people with learning impairments retain information,oracle,Undergraduate degree (BA / BSc / Other),write it down,376,1,1.5,1.5,3,0,0,0
4,2,1,1,This method is already used by people with and without learning impairments to retain information.,assist people with learning impairments retain information,no_oracle,Undergraduate degree (BA / BSc / Other),write it down,376,1,1.5,1.5,3,0,0,0
1,1,1,1,"I rated this response very unoriginal because it is so limited in its suggestion. Learning impairments can be nuanced and the suggestion to simply ""WRITE IT DOWN"" does not allow for the complexity of a learning impairment. The suggestion is not insightful, original or different.",assist people with learning impairments retain information,no_oracle,Undergraduate degree (BA / BSc / Other),write it down,376,1,1.5,1.5,3,0,0,0
1,1,4,1,It doesnt add anything to the learning impaired individual,assist people with learning impairments retain information,oracle,Undergraduate degree (BA / BSc / Other),write it out.,493,1,1.4,1.8,3,0,0,0
2,2,2,2,"To me, writing something down is the first basic step to making sure you are keeping the information. Most people are not good at remembering things in their head.",assist people with learning impairments retain information,no_oracle,Undergraduate degree (BA / BSc / Other),write it out.,493,1,1.4,1.8,3,0,0,0
5,1,2,1,it's actually one of the well established method of helping people with this disability eg dyslexia etc,assist people with learning impairments retain information,no_oracle,Graduate degree (MA / MSc / Other),write it out.,493,1,1.4,1.8,3,0,0,0
1,1,1,1,"Said and done. We would need new and improved writing tools to assist, but now that we have CGPT-4 and all these included advancements within said tech, it's trying to find what else can work because right now there really isn't anything new and improved, unless it's expensive and most people haven't heard of it.",assist people with learning impairments retain information,no_oracle,Graduate degree (MA / MSc / Other),wrtting tools,34,1,1.4,1.6,2,0,0,0
4,1,4,5,Helping people with learning impairment retain ideas and informations,assist people with learning impairments retain information,no_oracle,Undergraduate degree (BA / BSc / Other),wrtting tools,34,1,1.4,1.6,2,0,0,0
3,3,3,2,It is the most basic form of stair assist other than a cane,help people with mobility impairments navigate stairs,oracle,Undergraduate degree (BA / BSc / Other),a foldable escalator with a place to sit,1705,4,2.9,2.8,8,0,0,0
2,2,2,4,"There exists stairlift technologies already, but a foldable escalator is an original twist on it.",help people with mobility impairments navigate stairs,oracle,Undergraduate degree (BA / BSc / Other),a foldable escalator with a place to sit,1705,4,2.9,2.8,8,0,0,0
1,1,2,2,We have device like this.  They  are called elevators.,help people with mobility impairments navigate stairs,oracle,Undergraduate degree (BA / BSc / Other),"a person type lift, to carry indeviduals from one place to another",1956,4,2.2,2.4,12,0,0,0
3,3,2,4,a lift designed to carry individuals from one place to another is a little original.,help people with mobility impairments navigate stairs,oracle,Graduate degree (MA / MSc / Other),"a person type lift, to carry indeviduals from one place to another",1956,4,2.2,2.4,12,0,0,0
1,1,1,1,"The idea has already been widely implemented in the form of elevators, escalators, and stair lifts.",help people with mobility impairments navigate stairs,no_oracle,Graduate degree (MA / MSc / Other),"a person type lift, to carry indeviduals from one place to another",1956,4,2.2,2.4,12,0,0,0
2,1,1,2,"Lifts to help with stairs already exist and are widely used.  The only difference int his answer is using a ""person type lift"".  The idea needs to be more fleshed out.",help people with mobility impairments navigate stairs,oracle,Undergraduate degree (BA / BSc / Other),"a person type lift, to carry indeviduals from one place to another",1956,4,2.2,2.4,12,0,0,0
1,1,1,3,It makes a chair assist be more universally accepted with a railing that is compatible with it all,help people with mobility impairments navigate stairs,oracle,Undergraduate degree (BA / BSc / Other),a universal railing that connects to the mobility impairments people chair's,1961,4,3.3,3.5,11,0,0,0
5,5,5,5,This is great idea especially for those impaired that cant manually move themselves up a ramp. It also is for a great universal way for everybody to be able to use it allowing with not obstructing others foot traffic.,help people with mobility impairments navigate stairs,no_oracle,Undergraduate degree (BA / BSc / Other),a universal railing that connects to the mobility impairments people chair's,1961,4,3.3,3.5,11,0,0,0
2,4,4,2,"This is good idea, technologies can be built to help people with all type of impairments by using AI programmed technologies.",help people with mobility impairments navigate stairs,no_oracle,Undergraduate degree (BA / BSc / Other),a universal railing that connects to the mobility impairments people chair's,1961,4,3.3,3.5,11,0,0,0
2,2,2,2,I feel this idea has been floated around via the moving chair lift that's on the infomercials. Putting it in an escalator with controls is more of an upgrade to an original idea.,help people with mobility impairments navigate stairs,no_oracle,Graduate degree (MA / MSc / Other),add controllable escalator,1953,4,2.9,3.3,3,0,0,0
3,1,2,2,"Escalators are commonly in use already in malls, airports, etc. The ""controllable"" aspect is too vague to consider this original.",help people with mobility impairments navigate stairs,no_oracle,Undergraduate degree (BA / BSc / Other),add controllable escalator,1953,4,2.9,3.3,3,0,0,0
3,3,3,3,this is already a common practice.,help people with mobility impairments navigate stairs,no_oracle,Undergraduate degree (BA / BSc / Other),add controllable escalator,1953,4,2.9,3.3,3,0,0,0
4,3,4,3,It's a good start but requires more information regarding how it works. Assuming the stairs are stationary a moving rail may be dangerous.,help people with mobility impairments navigate stairs,oracle,Graduate degree (MA / MSc / Other),asissted railings which move to help the person holding onto it,1462,4,3.1,3.2,11,0,0,0
2,2,3,3,I have seen something like this before in the past.  I think it was at the World's Fair in 1982.,help people with mobility impairments navigate stairs,oracle,Graduate degree (MA / MSc / Other),asissted railings which move to help the person holding onto it,1462,4,3.1,3.2,11,0,0,0
5,4,3,4,"Not aware of railings themselves being used to address this problem, but it's an interesting and fresh idea.",help people with mobility impairments navigate stairs,no_oracle,Undergraduate degree (BA / BSc / Other),asissted railings which move to help the person holding onto it,1462,4,3.1,3.2,11,0,0,0
3,1,3,1,I marked it as very unoriginal as this response is very similar to the examples already given.  The fact that it's in the examples given means it has been thought of many times in the past.,help people with mobility impairments navigate stairs,oracle,Undergraduate degree (BA / BSc / Other),attachable rail chairs,1562,4,2.4,3,3,0,0,0
1,1,1,1,Most individuals main reaction when seeing an unable person struggling with obstacles is to aid i like to think. This is also a main form of care in the elderly/ impairment living homes / positions.,help people with mobility impairments navigate stairs,no_oracle,Undergraduate degree (BA / BSc / Other),balancing aids,1811,4,2.4,3.2,2,0,0,0
2,3,3,3,"I think that this response is rather neutral. This does address some issues with mobility, but in a rather self-evident way.",help people with mobility impairments navigate stairs,no_oracle,Undergraduate degree (BA / BSc / Other),balancing aids,1811,4,2.4,3.2,2,0,0,0
2,4,4,5,"In my experience I have often heard of physical means of making it easier for mobility impaired people to navigate stairs, such as a ramp or motorized chair, but never something to help actually improve the balance of the mobility impaired individual.",help people with mobility impairments navigate stairs,oracle,Undergraduate degree (BA / BSc / Other),balancing aids,1811,4,2.4,3.2,2,0,0,0
3,2,3,2,this is a well known solution to helping people,help people with mobility impairments navigate stairs,no_oracle,Undergraduate degree (BA / BSc / Other),build a ramp,1613,4,2.3,3.6,3,0,0,0
1,1,1,1,"Yes, while a ramp is always needed, we also need to think about those people who are not able to get a wheelchair or scooter or those who don't have any assistance walking or transporting themselves period. I always felt there were never enough electrical shopping carts at the store, but I think that's a problem too, so it comes down to human assistance. How do we incorporate more human assistance in these situations instead of adding to a potential problem.",help people with mobility impairments navigate stairs,no_oracle,Graduate degree (MA / MSc / Other),build more ramps,1550,4,2.1,3.3,3,0,0,0
1,1,1,1,Most people use canes or walkers this is highly unoriginal,help people with mobility impairments navigate stairs,no_oracle,Undergraduate degree (BA / BSc / Other),cane,1665,4,1.4,1.8,1,0,0,0
1,1,1,1,I rated this response very unoriginal because it is not a creative or uncommon solution. Those with mobility issues may already be using a cane. The solution is obvious and not insightful.,help people with mobility impairments navigate stairs,no_oracle,Undergraduate degree (BA / BSc / Other),cane,1665,4,1.4,1.8,1,0,0,0
1,1,1,1,"I have not actually seen this before, but I could understand how this may help improve individuals with mobility impairments navigating stairs and feel like it would be something that already exists, but I am not certain.",help people with mobility impairments navigate stairs,no_oracle,Graduate degree (MA / MSc / Other),chairs that can come out from the side of the stairwell and that work as an elevator,1553,4,4,3.6,17,0,0,0
3,2,3,3,A decent idea but I feel like it is already existing enough out there for it to not be considered a original idea.,help people with mobility impairments navigate stairs,no_oracle,Graduate degree (MA / MSc / Other),chairs that can come out from the side of the stairwell and that work as an elevator,1553,4,4,3.6,17,0,0,0
4,4,4,5,I selected 5 because this idea seems very inovative and Ive never seen this done before. this idea would also take up less space than current solutions.,help people with mobility impairments navigate stairs,oracle,Undergraduate degree (BA / BSc / Other),chairs that can come out from the side of the stairwell and that work as an elevator,1553,4,4,3.6,17,0,0,0
5,1,1,1,This method is very unoriginal because it was introduced long ago and has been explored for this purpose for a long time. The method is pretty practical but it lacks uniqueness because it was introduced long ago and lacks forward-thinking elements.,help people with mobility impairments navigate stairs,no_oracle,Undergraduate degree (BA / BSc / Other),collapsible ramps,1812,4,2.7,3,2,0,0,0
5,2,1,4,because it provides detailed information of how collapsible ramps can help with mobility impairments issues,help people with mobility impairments navigate stairs,oracle,Undergraduate degree (BA / BSc / Other),collapsible ramps,1812,4,2.7,3,2,0,0,0
3,4,2,4,"I have not heard this solution proposed before, and it would involve some amount of architectural/engineering ingenuity to put it into buildings, so I would call it original.",help people with mobility impairments navigate stairs,no_oracle,Undergraduate degree (BA / BSc / Other),collapsible ramps,1812,4,2.7,3,2,0,0,0
4,4,4,4,"a solution that works with th current infra & addresses the problem. while not super original, it takes understanding the constraints & still finding a solution",help people with mobility impairments navigate stairs,no_oracle,Undergraduate degree (BA / BSc / Other),"create wheelchairs that have stair railing connectors, allowing for it to convert into a lift while remaining within the wheelchair",1695,4,4,3.3,20,0,0,0
5,4,3,4,I have not heard of this idea and it makes so much sense and it is quite practical brilliant and not very common. it is original,help people with mobility impairments navigate stairs,no_oracle,Graduate degree (MA / MSc / Other),"create wheelchairs that have stair railing connectors, allowing for it to convert into a lift while remaining within the wheelchair",1695,4,4,3.3,20,0,0,0
3,3,2,3,"Portable ramps for impaired people is already a thing. They aren't used specifically for stairs, but for curbs instead.",help people with mobility impairments navigate stairs,no_oracle,Undergraduate degree (BA / BSc / Other),"develop easy to use ""on-top-of-stair-ramps"" that simply can be put on existing stairs and lock safely",1650,4,3.7,3,16,0,0,0
4,3,3,4,Interesting idea but the feasibility of it being used is questionable.,help people with mobility impairments navigate stairs,oracle,Graduate degree (MA / MSc / Other),"develop easy to use ""on-top-of-stair-ramps"" that simply can be put on existing stairs and lock safely",1650,4,3.7,3,16,0,0,0
2,2,2,3,"This could work in theory, but mobility impairments come in a vast array of disabilities. This solution has also already been thought of, as seen in ramps that come out of busses.",help people with mobility impairments navigate stairs,no_oracle,Undergraduate degree (BA / BSc / Other),"develop easy to use ""on-top-of-stair-ramps"" that simply can be put on existing stairs and lock safely",1650,4,3.7,3,16,0,0,0
2,4,2,5,It's offers a simple and practical to making buildings more inclusive without extensive renovation,help people with mobility impairments navigate stairs,oracle,Graduate degree (MA / MSc / Other),"develop easy to use ""on-top-of-stair-ramps"" that simply can be put on existing stairs and lock safely",1650,4,3.7,3,16,0,0,0
3,4,3,2,"Developing an 'on-top-of-stair-ramps' will waste time during it's utilization as the number of mobility impaired people aren't that many as compared to the general population. A faster design or a permanent one will be better as compared to this.
A question can be asked, who will be aiding these people to lock these 'on-top-of-stair-ramp' when no one is around.",help people with mobility impairments navigate stairs,oracle,Undergraduate degree (BA / BSc / Other),"develop easy to use ""on-top-of-stair-ramps"" that simply can be put on existing stairs and lock safely",1650,4,3.7,3,16,0,0,0
4,4,3,4,"The idea of portable ramps that can be placed on existing stairs is a useful and practical approach. It combines the common solution of ramps with a more flexible, user-friendly design. While not entirely novel, it’s an original spin on existing accessibility features.",help people with mobility impairments navigate stairs,oracle,Graduate degree (MA / MSc / Other),"develop easy to use ""on-top-of-stair-ramps"" that simply can be put on existing stairs and lock safely",1650,4,3.7,3,16,0,0,0
4,4,3,4,This idea was original and applicable to use in a real life situation.  A on demand ramp would work as a real life solution.,help people with mobility impairments navigate stairs,oracle,Undergraduate degree (BA / BSc / Other),"develop easy to use ""on-top-of-stair-ramps"" that simply can be put on existing stairs and lock safely",1650,4,3.7,3,16,0,0,0
1,1,2,1,"This solution proposes splitting a staircase into two shorter flights, which is not an original concept.",help people with mobility impairments navigate stairs,no_oracle,Graduate degree (MA / MSc / Other),"dive the staircase in two, by the middle, and build double the stairs by putting only 50% of the size in each side.",1497,4,3.8,2.8,23,0,0,0
4,5,4,5,This solution is very specific and offers a precise way to see if this solution is viable or not through testing.,help people with mobility impairments navigate stairs,oracle,Undergraduate degree (BA / BSc / Other),"dive the staircase in two, by the middle, and build double the stairs by putting only 50% of the size in each side.",1497,4,3.8,2.8,23,0,0,0
3,2,2,2,This response does not make sense - N/A,help people with mobility impairments navigate stairs,no_oracle,Graduate degree (MA / MSc / Other),each step is rounded at the end to help user climb,1451,4,2.9,2.3,11,0,0,0
4,2,4,4,its a way to aid mobility impairments navigate stairs.,help people with mobility impairments navigate stairs,no_oracle,Graduate degree (MA / MSc / Other),each step is rounded at the end to help user climb,1451,4,2.9,2.3,11,0,0,0
2,4,3,4,"the response is somehow original ,as modifying step design with rounded ends is an unconventional approach compared to common solutions like ramps or elevators.",help people with mobility impairments navigate stairs,no_oracle,Graduate degree (MA / MSc / Other),each step is rounded at the end to help user climb,1451,4,2.9,2.3,11,0,0,0
3,3,2,3,"The concept of adding railings with adjustable heights is an idea that addresses accessibility but is relatively conventional. While it may not be commonly implemented in every staircase design, similar ideas around customized handrails or accessibility feature have been explored before.",help people with mobility impairments navigate stairs,oracle,Undergraduate degree (BA / BSc / Other),efficient railings on both sides and different heights to suit the different people who use them,1751,4,3.4,2.9,16,0,0,0
3,2,2,2,Handrails for handicapped/disabled individuals have long time been a very common thing. Railings are commonly used for those with limited mobility.,help people with mobility impairments navigate stairs,oracle,Undergraduate degree (BA / BSc / Other),efficient railings on both sides and different heights to suit the different people who use them,1751,4,3.4,2.9,16,0,0,0
3,2,2,2,i was going to select n/a but Im going to assume that electric chair means an automatic chair lift on the stairs and not the device used to execute prisoners. I selected 2 as this is already a common practice in many places.,help people with mobility impairments navigate stairs,oracle,Undergraduate degree (BA / BSc / Other),electric chairs,1683,4,2.8,2.7,2,0,0,0
3,1,1,2,"I rated this response as unoriginal because stair lifts are very common and in use today. They are a valid solution to help people with mobility issues navigate stairs. However, I'm making an assumption that this is what the person meant, as ""electric chairs"" is a very general response.",help people with mobility impairments navigate stairs,no_oracle,Undergraduate degree (BA / BSc / Other),electric chairs,1683,4,2.8,2.7,2,0,0,0
3,2,1,4,"this is original because it provides a clear explanation based on general knowledge, instead of copying from pre-existing source",help people with mobility impairments navigate stairs,oracle,Undergraduate degree (BA / BSc / Other),electric chairs,1683,4,2.8,2.7,2,0,0,0
2,4,2,1,Having bins in the noticeable place will help.,help people with mobility impairments navigate stairs,oracle,Undergraduate degree (BA / BSc / Other),electric chairs,1683,4,2.8,2.7,2,0,0,0
1,1,1,1,the reason we don't see as many ramps is bc of this exact solution....,help people with mobility impairments navigate stairs,no_oracle,Undergraduate degree (BA / BSc / Other),elevadores,1776,4,2.1,2.9,1,0,0,0
1,1,1,1,This is the current method used to increase memory retention.,help people with mobility impairments navigate stairs,no_oracle,Undergraduate degree (BA / BSc / Other),elevadores,1776,4,2.1,2.9,1,0,0,0
5,5,4,4,"Using your own weight is an original concept that could be reasonably practical for a solution like this. I can't rate it ""very original"" since an elevator is an existing concept.",help people with mobility impairments navigate stairs,no_oracle,Undergraduate degree (BA / BSc / Other),elevator with your own weigth,1623,4,2.3,2.2,5,0,0,0
3,4,2,2,"The response suggests a weight-based elevator system, which is unconventional but lacks clear details on functionality or feasibility. The idea is not well-articulated, limiting its originality and potential for practical application",help people with mobility impairments navigate stairs,no_oracle,Undergraduate degree (BA / BSc / Other),elevator with your own weigth,1623,4,2.3,2.2,5,0,0,0
4,2,4,4,Such technique introduces a creative approach though less conventional  to approaching mobility challenges,help people with mobility impairments navigate stairs,oracle,Graduate degree (MA / MSc / Other),elevator with your own weigth,1623,4,2.3,2.2,5,0,0,0
3,1,1,1,These have been invented and used for many many years,help people with mobility impairments navigate stairs,no_oracle,Undergraduate degree (BA / BSc / Other),escalator with chair attachment,1443,4,3,3.1,4,0,0,0
3,2,2,2,"I think this is an unoriginal response, since the technology already exists in people's homes. Elderly or disabled patients have a machine which transports their wheelchairs up the stairs. I have not seen this technology utilized in escalators before, which makes it merely unoriginal, not very original.",help people with mobility impairments navigate stairs,no_oracle,Undergraduate degree (BA / BSc / Other),escalator with chair attachment,1443,4,3,3.1,4,0,0,0
4,4,3,4,Escalator is an already made technology. Updating it to fit the mobility impaired is an original idea to me.,help people with mobility impairments navigate stairs,oracle,Undergraduate degree (BA / BSc / Other),escalator with chair attachment,1443,4,3,3.1,4,0,0,0
4,2,4,4,Promoting the use electric cars is a well established and recognized  solution for reducing reliance on fossils making it basic and low-originality.,help people with mobility impairments navigate stairs,oracle,Graduate degree (MA / MSc / Other),escalator with chair attachment,1443,4,3,3.1,4,0,0,0
1,1,1,1,The idea is not innovative and currently exists.,help people with mobility impairments navigate stairs,oracle,Graduate degree (MA / MSc / Other),have alternate routes with ramps installed,1605,4,3,4.3,6,0,0,0
3,2,3,2,This is a much more clever idea and makes since for easier movement for able and enable individuals . Its not a brand new idea but streamlines floor traffic for all involved.,help people with mobility impairments navigate stairs,no_oracle,Undergraduate degree (BA / BSc / Other),have alternate routes with ramps installed,1605,4,3,4.3,6,0,0,0
2,1,2,1,"This response is unoriginal because ramps are a commonly available solution, especially for accessibility for disabled or wheelchair users.",help people with mobility impairments navigate stairs,no_oracle,Undergraduate degree (BA / BSc / Other),have alternate routes with ramps installed,1605,4,3,4.3,6,0,0,0
4,4,2,4,Robots for this function aren't in use yet so this is a novel thought. It will take a bit of engineering and alot of science to make happen. Still most anyone can come up with this ideal but not many can make it happen.,help people with mobility impairments navigate stairs,no_oracle,Undergraduate degree (BA / BSc / Other),have robots carry them up,1455,4,3.7,2,5,0,0,0
2,2,2,2,use of lifts for mobility impairment is widely implemented and almost standard solution in public areas,help people with mobility impairments navigate stairs,oracle,Graduate degree (MA / MSc / Other),if the budget allows having lifts that have mobility impairement specifications is useful,1475,4,3.6,3.7,13,0,0,0
3,3,3,3,"While a good idea, it's not realistic and people would still need human assistance for mobility especially getting in and out of the lifts.",help people with mobility impairments navigate stairs,no_oracle,Graduate degree (MA / MSc / Other),if the budget allows having lifts that have mobility impairement specifications is useful,1475,4,3.6,3.7,13,0,0,0
4,2,4,5,this is going to help the physically challenged to get an easy means to use stairs,help people with mobility impairments navigate stairs,no_oracle,Undergraduate degree (BA / BSc / Other),if the budget allows having lifts that have mobility impairement specifications is useful,1475,4,3.6,3.7,13,0,0,0
4,2,4,3,Both large scale wind and solar farms will be productive in such a way that people will depend on other source of electricity,help people with mobility impairments navigate stairs,oracle,Graduate degree (MA / MSc / Other),if the budget allows having lifts that have mobility impairement specifications is useful,1475,4,3.6,3.7,13,0,0,0
4,4,4,4,implementing rail systems for wheelchairs on stairs is unique. this adds automation that goes beyond common accessibility solutions.,help people with mobility impairments navigate stairs,oracle,Graduate degree (MA / MSc / Other),implement railways for wheelchairs on stairs that can navigate a wheelchair efficiently and safe through the stairs,1525,4,3.8,4,17,0,0,0
3,4,4,4,The idea is different from already established methods such as elevators or a stair lift. A sort of railway has not been traditionally used for this purpose.,help people with mobility impairments navigate stairs,no_oracle,Graduate degree (MA / MSc / Other),implement railways for wheelchairs on stairs that can navigate a wheelchair efficiently and safe through the stairs,1525,4,3.8,4,17,0,0,0
4,4,2,4,This is widely not seen and could be very useful if made publicly.,help people with mobility impairments navigate stairs,oracle,Undergraduate degree (BA / BSc / Other),implement railways for wheelchairs on stairs that can navigate a wheelchair efficiently and safe through the stairs,1525,4,3.8,4,17,0,0,0
4,2,4,2,Something to help individuals with mobility and paramount to help them up and down the staircase is very interesting. I’ve never heard anything like this. And I think it would be very helpful. For people who cannot move up and staircases and have mobility issues.,help people with mobility impairments navigate stairs,oracle,Graduate degree (MA / MSc / Other),implement railways for wheelchairs on stairs that can navigate a wheelchair efficiently and safe through the stairs,1525,4,3.8,4,17,0,0,0
5,5,5,5,I think this is a great idea as it would not over bulk the stairway and it makes the single area usable to all without the need for additions.,help people with mobility impairments navigate stairs,no_oracle,Undergraduate degree (BA / BSc / Other),implement railways for wheelchairs on stairs that can navigate a wheelchair efficiently and safe through the stairs,1525,4,3.8,4,17,0,0,0
1,1,1,1,Seems good in practice but does not add additional value to already used methods.,help people with mobility impairments navigate stairs,no_oracle,Undergraduate degree (BA / BSc / Other),implement railways for wheelchairs on stairs that can navigate a wheelchair efficiently and safe through the stairs,1525,4,3.8,4,17,0,0,0
4,2,4,4,Gives a sensible solution,help people with mobility impairments navigate stairs,no_oracle,Graduate degree (MA / MSc / Other),implement railways for wheelchairs on stairs that can navigate a wheelchair efficiently and safe through the stairs,1525,4,3.8,4,17,0,0,0
4,4,3,4,"This idea is innovative and original. Although there are existing products that assist people with mobility impairments on stairs, such as stairlifts and lifts for wheelchairs, this particular solution focuses on a more integrated system that combines railways and wheelchair accessibility.",help people with mobility impairments navigate stairs,oracle,Graduate degree (MA / MSc / Other),implement railways for wheelchairs on stairs that can navigate a wheelchair efficiently and safe through the stairs,1525,4,3.8,4,17,0,0,0
1,5,1,1,The response is very unoriginal. I think elevator is the best option,help people with mobility impairments navigate stairs,no_oracle,Undergraduate degree (BA / BSc / Other),implementing robotics in wheelchairs to change from wheels to robotic legs on the fly.,1434,4,4.1,2.2,14,0,0,0
4,4,4,5,"very original, as integrating robotics into wheelchairs to switch from wheels to robotic legs on the fly is an innovative and futuristic solution.",help people with mobility impairments navigate stairs,no_oracle,Graduate degree (MA / MSc / Other),implementing robotics in wheelchairs to change from wheels to robotic legs on the fly.,1434,4,4.1,2.2,14,0,0,0
2,2,2,2,using inclines such as ramps for assistance is already used. thi includes wheelchair ramps.,help people with mobility impairments navigate stairs,oracle,Graduate degree (MA / MSc / Other),inclines,1844,4,1.7,2.6,1,1,0,0
4,4,4,1,It’s pretty cool helping people go up and downstairs. I’ve never heard anything like this before. I think it’s pretty cool that robots can help people move up and staircases.,help people with mobility impairments navigate stairs,oracle,Graduate degree (MA / MSc / Other),install an additional handrail on your staircase,1945,4,2.1,2.5,7,0,0,0
3,2,2,3,"Having an extra handrail for people with mobility impairments might be slightly original, but I have not inspected if most handrails already do that.",help people with mobility impairments navigate stairs,no_oracle,Undergraduate degree (BA / BSc / Other),install an additional handrail on your staircase,1945,4,2.1,2.5,7,0,0,0
3,2,3,3,Handrails may reduce the risk of fall making the response original,help people with mobility impairments navigate stairs,no_oracle,Undergraduate degree (BA / BSc / Other),install an additional handrail on your staircase,1945,4,2.1,2.5,7,0,0,0
3,1,1,1,"This response is not original, since we have lots of examples of decade-old buildings with this solution implemented. However, I like this solution because it is easy to implement and gets the job done (it is very practical for the cost of implementation.
A more original and novel solution to this problem would be installation of a motorized stair climber and enhanced architecture designs that feature more ramps and escalators.",help people with mobility impairments navigate stairs,no_oracle,Graduate degree (MA / MSc / Other),install an additional handrail on your staircase,1945,4,2.1,2.5,7,0,0,0
1,1,1,1,You see devices like this on the news all the time.,help people with mobility impairments navigate stairs,oracle,Graduate degree (MA / MSc / Other),introduce an device that supports leg movement by decreasing the strength required to lift a leg,1649,4,3.9,3,16,0,0,0
4,4,4,2,Helping people go up and downstairs is very cool. I’ve never heard of robots helping with that. As I labeled it unoriginal as I’ve never heard this before.,help people with mobility impairments navigate stairs,oracle,Graduate degree (MA / MSc / Other),introduce an device that supports leg movement by decreasing the strength required to lift a leg,1649,4,3.9,3,16,0,0,0
4,3,3,3,"While the concept of assistive devices to aid in leg movement is not entirely new, the specific application to navigating stairs introduces a degree of novelty",help people with mobility impairments navigate stairs,no_oracle,Graduate degree (MA / MSc / Other),introduce an device that supports leg movement by decreasing the strength required to lift a leg,1649,4,3.9,3,16,0,0,0
5,5,4,5,"While this responsive is not very creative, I don't here this solution more than other common solutions such as the use of mobility aids. Still, this is a common solution.",help people with mobility impairments navigate stairs,oracle,Undergraduate degree (BA / BSc / Other),introduce an device that supports leg movement by decreasing the strength required to lift a leg,1649,4,3.9,3,16,0,0,0
3,4,2,4,"This solution would directly solve the problem, as if a wheelchair could fly, a person would be able to navigate stairs with ease; it is just not feasible at a large-scale with the tools we have at this time.",help people with mobility impairments navigate stairs,oracle,Undergraduate degree (BA / BSc / Other),invent a wheelchair that can fly,1566,4,3.7,1.6,6,0,0,0
5,4,3,4,This is the first time I've ever heard of this and it made me laugh out loud at the image so It's very original to me.,help people with mobility impairments navigate stairs,no_oracle,Graduate degree (MA / MSc / Other),invent a wheelchair that can fly,1566,4,3.7,1.6,6,0,0,0
1,5,5,2,"I rated this response as unoriginal because it does not have a basis in present reality. It is extremely remote as a possible invention and not a very clever solution to actually help people with mobility impairments navigate stairs. It's an uncommon solution, but for good reason because it's not actually viable.",help people with mobility impairments navigate stairs,no_oracle,Undergraduate degree (BA / BSc / Other),invent a wheelchair that can fly,1566,4,3.7,1.6,6,0,0,0
4,2,4,5,"very original, as the concept of a wheelchair is highly imaginative and represents a futuristic and unconventional solution to mobility challenges.",help people with mobility impairments navigate stairs,no_oracle,Graduate degree (MA / MSc / Other),invent a wheelchair that can fly,1566,4,3.7,1.6,6,0,0,0
3,2,2,2,"The idea of making steps shorter rather than  taller is practical suggestion but not particularly original. It fails under commonly considered modifications for making more accessible, although it may not be the most innovative solution.",help people with mobility impairments navigate stairs,oracle,Undergraduate degree (BA / BSc / Other),make more shorter steps instead of taller fewer ones,1557,4,2.4,2.6,9,0,0,0
2,2,2,2,Adjusting step height and spacing is basic architectural solution.,help people with mobility impairments navigate stairs,oracle,Undergraduate degree (BA / BSc / Other),make more shorter steps instead of taller fewer ones,1557,4,2.4,2.6,9,0,0,0
3,2,2,2,The concept of reducing the height of individual steps to improve accessibility for people with mobility impairments is a well-established principle in architectural design.,help people with mobility impairments navigate stairs,no_oracle,Graduate degree (MA / MSc / Other),make more shorter steps instead of taller fewer ones,1557,4,2.4,2.6,9,0,0,0
4,3,4,4,increasing the use of renewable energy source helps a lot by recycling the wastes products,help people with mobility impairments navigate stairs,no_oracle,Undergraduate degree (BA / BSc / Other),make more shorter steps instead of taller fewer ones,1557,4,2.4,2.6,9,0,0,0
3,2,2,2,"This response is a good idea, though I do not believe it is very original because it has been implemented before.",help people with mobility impairments navigate stairs,no_oracle,Undergraduate degree (BA / BSc / Other),make more shorter steps instead of taller fewer ones,1557,4,2.4,2.6,9,0,0,0
1,2,2,2,"I have not heard of this exact idea before, but I know of only one other application that is similar. That application applies this same concept to a wake-up alarm.",help people with mobility impairments navigate stairs,oracle,Undergraduate degree (BA / BSc / Other),make more shorter steps instead of taller fewer ones,1557,4,2.4,2.6,9,0,0,0
1,1,1,1,It's a good idea but so far from an original one. A lot of places already have implemented this idea.,help people with mobility impairments navigate stairs,no_oracle,Undergraduate degree (BA / BSc / Other),non slip material,1645,4,2.1,2.3,3,0,0,0
3,2,2,2,"Non-slip materials have been used widely to prevent accidents and improve safety. While practical, this solution is quite standard and has been implemented in many areas (e.g., for ramps, stairs, and other surfaces).",help people with mobility impairments navigate stairs,oracle,Graduate degree (MA / MSc / Other),non slip material,1645,4,2.1,2.3,3,0,0,0
3,3,2,2,"I marked this response as unoriginal because this is a common practice for this problem. While it helps with walking, it does not address other issues these people may face, such as climbing and other movement types.",help people with mobility impairments navigate stairs,no_oracle,Graduate degree (MA / MSc / Other),non slip material,1645,4,2.1,2.3,3,0,0,0
2,2,2,2,Planning before construction is a standard practice in accessibility and does not introduce any innovative or original elements to address the problem.,help people with mobility impairments navigate stairs,oracle,Undergraduate degree (BA / BSc / Other),planning right before construction,1551,4,2.3,3.3,4,0,0,0
1,1,1,1,Again this is so simple and already in use; not original.,help people with mobility impairments navigate stairs,oracle,High school diploma,platform lifts,1916,4,2.2,3.3,2,0,0,0
1,1,1,1,Again this is so simple and already in use; not original.,help people with mobility impairments navigate stairs,oracle,High school diploma,platform lifts,1831,4,2.7,3.2,2,0,0,0
3,2,3,3,Mobility impairment is something that I have personal experience with.  Having more technologies that support and assist with impairment could be useful depending upon what is done.  Technology has always been used towards these areas however.,help people with mobility impairments navigate stairs,oracle,Graduate degree (MA / MSc / Other),producing technologies that aid and support each type and degree of impairment,1839,4,3.6,3.5,12,0,0,0
4,4,4,4,yh using piezoelectric pathways can be use to produce energy by measuring the piezometric levels of the flow of electric current that flows by the use of foot intensity.,help people with mobility impairments navigate stairs,no_oracle,Undergraduate degree (BA / BSc / Other),producing technologies that aid and support each type and degree of impairment,1839,4,3.6,3.5,12,0,0,0
4,3,1,4,"This idea isn't unrealistic and we currently have the technology to do this (robotics). It's not a particularly novel usage of the technology, but the limitations are primarily cost, research, and scaling.",help people with mobility impairments navigate stairs,oracle,Undergraduate degree (BA / BSc / Other),prosthetics with pneumatic or hydraulic actuators,1863,4,3.9,2.5,6,0,0,0
1,1,2,1,Ramps are an obvious way of solving the issue.,help people with mobility impairments navigate stairs,oracle,Undergraduate degree (BA / BSc / Other),ramped,1644,4,1.8,2.6,1,0,0,0
1,1,1,1,The response gives a good response to the problem,help people with mobility impairments navigate stairs,oracle,Doctorate degree (PhD / Other),ramped,1644,4,1.8,2.6,1,0,0,0
1,1,1,1,This is a solution that already exists.,help people with mobility impairments navigate stairs,oracle,Undergraduate degree (BA / BSc / Other),ramps,1948,4,1.6,3.4,1,1,0,0
1,1,1,1,This is a solution that already exists.,help people with mobility impairments navigate stairs,oracle,Undergraduate degree (BA / BSc / Other),ramps,1679,4,1.7,3.2,1,1,0,0
3,3,3,3,IT HELPS A LOT IN THE SOCIETY,help people with mobility impairments navigate stairs,no_oracle,Undergraduate degree (BA / BSc / Other),ramps,1948,4,1.6,3.4,1,1,0,0
3,3,3,3,IT HELPS A LOT IN THE SOCIETY,help people with mobility impairments navigate stairs,no_oracle,Undergraduate degree (BA / BSc / Other),ramps,1679,4,1.7,3.2,1,1,0,0
1,1,1,1,So original that this is already in use and the word 'ramps' has no substance behind it.,help people with mobility impairments navigate stairs,oracle,High school diploma,ramps,1948,4,1.6,3.4,1,1,0,0
1,1,1,1,So original that this is already in use and the word 'ramps' has no substance behind it.,help people with mobility impairments navigate stairs,oracle,High school diploma,ramps,1679,4,1.7,3.2,1,1,0,0
1,1,1,1,The idea is Very Unoriginal as this product already exists.,help people with mobility impairments navigate stairs,oracle,Graduate degree (MA / MSc / Other),replace stairs with a incline ramp to make going up and down more accessible,1569,4,3.1,3.4,14,0,0,0
1,1,1,1,it is the most common solution / addition for this very problem. replacing stairs with ramps would be more disruptive than constructive. ramp next to stairs for everyday places is the best solution so far,help people with mobility impairments navigate stairs,no_oracle,Undergraduate degree (BA / BSc / Other),replace stairs with a incline ramp to make going up and down more accessible,1569,4,3.1,3.4,14,0,0,0
3,1,3,5,The idea of robotic assistants for aiding wheelchair patients is an innovative idea and needs to be considered.,help people with mobility impairments navigate stairs,oracle,Graduate degree (MA / MSc / Other),replacing all the stairs in the building with ramps,1513,4,2.6,2.4,9,0,0,0
4,4,5,4,I think the idea is original and good but it is not very practical as ramps require a lot of space and affect the building layout which will increase cost by a mile. The idea is not very common,help people with mobility impairments navigate stairs,no_oracle,Graduate degree (MA / MSc / Other),replacing all the stairs in the building with ramps,1513,4,2.6,2.4,9,0,0,0
5,1,1,1,that is the standard type of architecture when it comes to constructing buildings that ought to accommodate people with mobility impairment,help people with mobility impairments navigate stairs,oracle,Undergraduate degree (BA / BSc / Other),replacing all the stairs in the building with ramps,1513,4,2.6,2.4,9,0,0,0
2,4,4,3,"This is fairly close to the stair lift concept, with a robot instead of a motorized chair. Using a robot is another means to the same end.",help people with mobility impairments navigate stairs,no_oracle,Undergraduate degree (BA / BSc / Other),robot that carries people,1666,4,3.1,2.2,4,0,0,0
5,4,4,4,"This is quite innovative, introducing robots to help in jobs",help people with mobility impairments navigate stairs,no_oracle,Graduate degree (MA / MSc / Other),robot that carries people,1666,4,3.1,2.2,4,0,0,0
4,3,3,3,N|A,help people with mobility impairments navigate stairs,no_oracle,Undergraduate degree (BA / BSc / Other),robot that carries people,1666,4,3.1,2.2,4,0,0,0
2,5,3,2,"Some feel pain when carried, it does not make sense because this can affect their recovery process",help people with mobility impairments navigate stairs,oracle,Undergraduate degree (BA / BSc / Other),robot that carries people,1666,4,3.1,2.2,4,0,0,0
3,4,3,3,"The concept of rolling stairs is somewhat original but not entirely novel, as it seems to refer to stairs that can be moved or adjusted, possibly offering mobility solutions.",help people with mobility impairments navigate stairs,no_oracle,Undergraduate degree (BA / BSc / Other),rolling stairs,1632,4,2.5,2.6,2,0,0,0
5,4,4,4,I definitely like this idea and feel like it is a safety thing that should be added regardless.,help people with mobility impairments navigate stairs,no_oracle,Graduate degree (MA / MSc / Other),sensory rails to know where the top and bottom of stairs are,1568,4,3.5,2.4,12,0,0,0
4,4,3,4,"Sensory rails is a start, it's a good idea and an original one.  There are probably better ideas though.",help people with mobility impairments navigate stairs,oracle,Graduate degree (MA / MSc / Other),sensory rails to know where the top and bottom of stairs are,1568,4,3.5,2.4,12,0,0,0
3,4,4,4,"I have not heard this method proposed to address mobility concerns, and it does seem as though it would utilize novel technology, so I would call it original.",help people with mobility impairments navigate stairs,no_oracle,Undergraduate degree (BA / BSc / Other),sensory rails to know where the top and bottom of stairs are,1568,4,3.5,2.4,12,0,0,0
2,2,2,2,"There's already lots of shoes made with enhanced cushioning and shock absorption. These would include athletic shoes, typically made for running, and not specifically for walking on stairs.",help people with mobility impairments navigate stairs,no_oracle,Undergraduate degree (BA / BSc / Other),shoes with bouncy soles/bouncy pads to place on steps to assist in lifting legs,1536,4,3.4,2.4,14,0,0,0
1,5,1,5,This could leverage existing locomotion and biomechanics for individuals. It's a very unique idea.,help people with mobility impairments navigate stairs,oracle,Undergraduate degree (BA / BSc / Other),shoes with bouncy soles/bouncy pads to place on steps to assist in lifting legs,1536,4,3.4,2.4,14,0,0,0
5,2,3,4,This is moderately original idea that adapts existing technology to address mobility challenges.,help people with mobility impairments navigate stairs,oracle,Graduate degree (MA / MSc / Other),shoes with bouncy soles/bouncy pads to place on steps to assist in lifting legs,1536,4,3.4,2.4,14,0,0,0
1,4,3,2,i do not see how a slide helps people go up the stairs.,help people with mobility impairments navigate stairs,oracle,Undergraduate degree (BA / BSc / Other),slide,1676,4,2,2.3,1,0,0,0
1,2,4,1,"This will not work. People with mobility issues may not even be able to bend down into the slide and where will they put their mobility aids like wheelchairs, walkers, and canes?",help people with mobility impairments navigate stairs,no_oracle,Graduate degree (MA / MSc / Other),slide,1676,4,2,2.3,1,0,0,0
2,4,2,4,"These concepts are usually applied to help people navigate up the stairs, not down. It's original, but not a good solution.",help people with mobility impairments navigate stairs,no_oracle,Undergraduate degree (BA / BSc / Other),slide,1676,4,2,2.3,1,0,0,0
1,5,1,1,the response gives a good solution to the problem,help people with mobility impairments navigate stairs,oracle,Doctorate degree (PhD / Other),slide,1676,4,2,2.3,1,0,0,0
1,1,1,1,It lacks any details or anything beyond the most basic of thought process so i could only rate it as 1.,help people with mobility impairments navigate stairs,oracle,Undergraduate degree (BA / BSc / Other),slide,1676,4,2,2.3,1,0,0,0
1,5,5,3,"The suggestions is bland and generic but still not something commonly thought of when trying to increase the accessibility of a space, therefore making this a moderately original idea.",help people with mobility impairments navigate stairs,oracle,Undergraduate degree (BA / BSc / Other),slide,1676,4,2,2.3,1,0,0,0
4,2,2,4,"Smaller steps are not the first things that comes to my mind, I think more of those that cannot use steps.",help people with mobility impairments navigate stairs,no_oracle,Undergraduate degree (BA / BSc / Other),smaller steps for those who cant step high,1895,4,2.5,2.3,8,0,0,0
4,4,4,4,"The idea is different from the common approaches. It is an idea I've personally seen floated here and there, but not fully implemented.",help people with mobility impairments navigate stairs,no_oracle,Graduate degree (MA / MSc / Other),special leg braces to help mobility by using power to help muscles,1604,4,3.7,2.6,12,0,0,0
4,2,2,4,"Energy optimization to me can help improve the use of renewable resources, beacause this will help mke the most effective use of the resources.",help people with mobility impairments navigate stairs,no_oracle,Undergraduate degree (BA / BSc / Other),special leg braces to help mobility by using power to help muscles,1604,4,3.7,2.6,12,0,0,0
4,4,2,5,because it combines the idea of powered assistive devices with the specific need to navigate stairs,help people with mobility impairments navigate stairs,oracle,Undergraduate degree (BA / BSc / Other),special leg braces to help mobility by using power to help muscles,1604,4,3.7,2.6,12,0,0,0
1,5,1,3,creating a robot device will help people who can not work to climb the stairs,help people with mobility impairments navigate stairs,oracle,Graduate degree (MA / MSc / Other),special leg braces to help mobility by using power to help muscles,1604,4,3.7,2.6,12,0,0,0
1,1,2,1,"A spiral staircase is a common architectural design, but it doesn't specifically address the needs of individuals with mobility impairments. While it may offer aesthetic appeal or save space, it is not an innovative solution to the problem or accessibility for people with mobility challenge.",help people with mobility impairments navigate stairs,oracle,Undergraduate degree (BA / BSc / Other),spiral staircase,1853,4,2.1,1.6,2,0,0,0
3,4,3,3,Making more stairs shorter helps the people,help people with mobility impairments navigate stairs,no_oracle,Undergraduate degree (BA / BSc / Other),spiral staircase,1853,4,2.1,1.6,2,0,0,0
5,5,4,5,The activity in the response will help solve the problem,help people with mobility impairments navigate stairs,oracle,Doctorate degree (PhD / Other),"staircase elevators: develop staircase elevators that can be installed alongside staircases, allowing individuals with mobility impairments to ascend or descend stairs while remaining seated.",1859,4,3.8,4.4,24,0,1,0
3,2,2,2,I believe this invention already exists. My grandparents had one in their household that they would use when they became too old to go up and down stairs.,help people with mobility impairments navigate stairs,no_oracle,Undergraduate degree (BA / BSc / Other),"staircase elevators: develop staircase elevators that can be installed alongside staircases, allowing individuals with mobility impairments to ascend or descend stairs while remaining seated.",1859,4,3.8,4.4,24,0,1,0
4,4,4,5,"Another feasible idea which when implemented, will reduce retention time and also be a self assist to the mobility impaired.",help people with mobility impairments navigate stairs,oracle,Undergraduate degree (BA / BSc / Other),"staircase elevators: develop staircase elevators that can be installed alongside staircases, allowing individuals with mobility impairments to ascend or descend stairs while remaining seated.",1859,4,3.8,4.4,24,0,1,0
2,1,1,1,Stairlifts are a well-established and widely used assistive technology for people with mobility impairments to navigate stairs.,help people with mobility impairments navigate stairs,no_oracle,Graduate degree (MA / MSc / Other),stairlifts,1929,4,2.5,3.4,1,0,0,0
2,2,2,2,"starlifts are a commonly known solution to help people with mobility impairment navigate stairs, so this response lacks originality",help people with mobility impairments navigate stairs,no_oracle,Undergraduate degree (BA / BSc / Other),stairlifts,1929,4,2.5,3.4,1,0,0,0
5,4,4,4,"This seems like a very practical solution, as it allows the stairs to remain ""normal"" for people who don't need assistance. Instead, the sensors allow the chair to only operate when needed, so I think it's pretty original.",help people with mobility impairments navigate stairs,oracle,Graduate degree (MA / MSc / Other),"stairs with sensors, when a person is fenced, let a chair go down and can climb the person",1808,4,3.7,2.6,18,0,0,0
5,5,4,5,A chair that would move to the person struggling with stairs is something new and fun.,help people with mobility impairments navigate stairs,oracle,Undergraduate degree (BA / BSc / Other),"stairs with sensors, when a person is fenced, let a chair go down and can climb the person",1808,4,3.7,2.6,18,0,0,0
4,4,2,4,"This idea is original because you could leverage AI, cameras, sensors, and smart systems, but it's not too original because some degree of this already exists with fall detection sensors.",help people with mobility impairments navigate stairs,oracle,Undergraduate degree (BA / BSc / Other),stairway monitoring systems,1906,4,2.8,2.5,3,0,0,0
3,3,3,4,It's a brilliant idea since those individual will always be on sight in the process of taking the staircase,help people with mobility impairments navigate stairs,oracle,Graduate degree (MA / MSc / Other),stairway monitoring systems,1906,4,2.8,2.5,3,0,0,0
1,1,1,1,People put danger signs everywhere. It's insulting to think the the impaired can't recognize stairs or their danger.,help people with mobility impairments navigate stairs,oracle,Graduate degree (MA / MSc / Other),tactile warning strips,1902,4,2.7,2.5,3,0,0,0
4,4,2,4,"In theory this could work since most of human's sense of touch is located in their fingertips. I am not sure how this would be used though, would a rougher tactile strip indicate that you are almost at the end of the stairs?",help people with mobility impairments navigate stairs,no_oracle,Undergraduate degree (BA / BSc / Other),tactile warning strips,1902,4,2.7,2.5,3,0,0,0
2,2,2,2,"While these are a great idea in places like airports where there might be a lot of walking involved and I could see it for entering/exiting buildings. Possibly a way to get to garages, but it is very unlikely and expensive and unrealistic. Aside from electric carts/sitting scooters/chairs, human assistance is where the solution lies for now.",help people with mobility impairments navigate stairs,no_oracle,Graduate degree (MA / MSc / Other),travelator (flat escalator) system,1588,4,3.3,3.8,4,0,0,0
1,4,2,5,Universal Design stairs will take into consideration people with disability and uing wheel chairs to access it.,help people with mobility impairments navigate stairs,no_oracle,Undergraduate degree (BA / BSc / Other),universal design stairs,1830,4,2.9,3.3,3,0,0,0
3,2,2,2,It is going to make it more comfortable for them bbut I still do not see any originality in this.,help people with mobility impairments navigate stairs,oracle,Undergraduate degree (BA / BSc / Other),universal design stairs,1830,4,2.9,3.3,3,0,0,0
3,3,3,3,The response that was given could imply several features in stair designs. This isn't an original concept and I think the approach might add some originality if specifics were given in the response.,help people with mobility impairments navigate stairs,oracle,Undergraduate degree (BA / BSc / Other),universal design stairs,1830,4,2.9,3.3,3,0,0,0
3,2,3,2,In general this is not a novel ideal. Many people have mobility prothesis already.,help people with mobility impairments navigate stairs,no_oracle,Undergraduate degree (BA / BSc / Other),use external prostheses to strengthen the legs of people with problems,1567,4,3.8,2.2,11,0,0,0
4,4,4,4,This would help people that us walkers.  It is a uniques idea but would only help a select group of people and with certain walkers.,help people with mobility impairments navigate stairs,oracle,Undergraduate degree (BA / BSc / Other),walker that attaches to stairs and provides safe support,1484,4,3.3,3.2,9,0,0,0
3,4,3,3,"This idea isn't too bad - it would allow people who want more independence to still have that. My concern is that it would be hard to implement this idea since mobility impairments can come in all different forms, so it would be hard to standardize.",help people with mobility impairments navigate stairs,oracle,Graduate degree (MA / MSc / Other),walker that attaches to stairs and provides safe support,1484,4,3.3,3.2,9,0,0,0
4,4,4,4,I have not heard of this exact ideal so I am rating it as original. It might not be practical since people need wheelchairs at the top.,help people with mobility impairments navigate stairs,no_oracle,Undergraduate degree (BA / BSc / Other),"wheelchair transfer platforms: create transfer platforms at the base and top of staircases, enabling individuals to safely transfer from a wheelchair to a seat and be transported up or down the stairs.",1860,4,4.1,4.5,32,0,1,0
5,5,5,5,"Wheelchair transfer services are not offered, so this is a very unique and useful suggestion.",help people with mobility impairments navigate stairs,no_oracle,Undergraduate degree (BA / BSc / Other),"wheelchair transfer platforms: create transfer platforms at the base and top of staircases, enabling individuals to safely transfer from a wheelchair to a seat and be transported up or down the stairs.",1860,4,4.1,4.5,32,0,1,0
3,3,2,3,"While the concept of a wheelchair with specialized wheels for navigating stairs is not entirely new, the specific combination of features mentioned",help people with mobility impairments navigate stairs,no_oracle,Graduate degree (MA / MSc / Other),wheelchair with wheels that can go downstairs and a seatbelt attached to the wheel,1425,4,3.7,3.8,14,0,0,0
3,5,3,5,It's original just not workable.,help people with mobility impairments navigate stairs,oracle,Graduate degree (MA / MSc / Other),wheels that comes in contact with stairs - changes shape to triangle or square to allow the lift of a wheel chair on stairs,1955,4,4.2,3.3,24,0,0,0
5,5,2,5,"Reminds me of transformers robots which is just a cartoon/show and not ""real"" so I applaud the originality. I've seen wheels that can be removed or configured in rolling devices like strollers but not ones that transform themselves.",help people with mobility impairments navigate stairs,no_oracle,Graduate degree (MA / MSc / Other),wheels that comes in contact with stairs - changes shape to triangle or square to allow the lift of a wheel chair on stairs,1955,4,4.2,3.3,24,0,0,0
4,4,3,4,I find this interesting but have no idea how realistic it would be to use.  I have been in a wheelchair before and wonder if the convenience would be worth the time.,help people with mobility impairments navigate stairs,oracle,Graduate degree (MA / MSc / Other),wheels that comes in contact with stairs - changes shape to triangle or square to allow the lift of a wheel chair on stairs,1955,4,4.2,3.3,24,0,0,0
5,5,4,5,this answer is very regular that is common,help people with mobility impairments navigate stairs,oracle,Doctorate degree (PhD / Other),wheels that comes in contact with stairs - changes shape to triangle or square to allow the lift of a wheel chair on stairs,1955,4,4.2,3.3,24,0,0,0
1,1,3,1,It just seems like that isn't a solution for energy source but rather energy storage.,increase the use of renewable energy sources,oracle,Undergraduate degree (BA / BSc / Other),better battery storage systems,4193,9,3.6,3.6,4,0,0,0
2,2,2,2,There's already research that's done to continually improve battery life (lithium-ion vs. alkaline batteries).,increase the use of renewable energy sources,no_oracle,Undergraduate degree (BA / BSc / Other),better battery storage systems,4193,9,3.6,3.6,4,0,0,0
2,5,5,1,"We do need better battery storage systems, but this is not an unknown solution to this problem.",increase the use of renewable energy sources,oracle,Undergraduate degree (BA / BSc / Other),better battery storage systems,4193,9,3.6,3.6,4,0,0,0
4,3,3,3,Improving battery storage system is moderately original.,increase the use of renewable energy sources,oracle,Undergraduate degree (BA / BSc / Other),better battery storage systems,4193,9,3.6,3.6,4,0,0,0
5,4,4,4,Increasing the storage composite is a smart way to increase sales and usage of products. I entices people to invest more money and time into the product which only benefits both parties involved; further instilling trust in the product and brand.,increase the use of renewable energy sources,no_oracle,Undergraduate degree (BA / BSc / Other),better battery storage systems,4193,9,3.6,3.6,4,0,0,0
4,4,4,4,Batteries can be used to store energy harness from the Sun using solar panels. therefore better battery storage will contribute to the increase in the use of renewable energy sources even on a large scale.,increase the use of renewable energy sources,no_oracle,Undergraduate degree (BA / BSc / Other),better battery storage systems,4193,9,3.6,3.6,4,0,0,0
1,1,1,1,This already takes place and is in use and development around the world as we speak; nothing special here to speak on.,increase the use of renewable energy sources,oracle,High school diploma,better battery storage systems,4193,9,3.6,3.6,4,0,0,0
4,4,4,2,AI device that helps the sun reuse its energy that’s retreated from the weather or sun is something very interesting. I’ve never heard of it before and I think it would be beneficial to the environment. And it’s clever idea.,increase the use of renewable energy sources,oracle,Graduate degree (MA / MSc / Other),better energy use optimization,4419,9,2.4,3.2,4,0,0,0
4,2,2,2,N/A - Sounds like a byproduct more than a solution.,increase the use of renewable energy sources,no_oracle,Undergraduate degree (BA / BSc / Other),better energy use optimization,4419,9,2.4,3.2,4,0,0,0
3,3,2,3,"I rated this response as neutral because it doesn't specifically address renewable energy. Better energy efficiency is a good idea and broadly speaking should be implemented, but the suggestion is quite general and not specific to renewable energy.",increase the use of renewable energy sources,no_oracle,Undergraduate degree (BA / BSc / Other),better energy use optimization,4419,9,2.4,3.2,4,0,0,0
4,4,3,4,The use of solar charges is a good innovation that can help devices operate without any power fluctuations or power surge.,increase the use of renewable energy sources,no_oracle,Undergraduate degree (BA / BSc / Other),better energy use optimization,4419,9,2.4,3.2,4,0,0,0
4,4,2,4,The idea is brilliant as a person riding a bicycle could produce kinetic energy in a pure form. it is a source of renewable energy. This idea is uncommon and practical,increase the use of renewable energy sources,no_oracle,Graduate degree (MA / MSc / Other),bicycle to produce energy,4410,9,3.2,2.8,4,0,0,0
2,4,5,1,No one I know can bicycle enough to produce enough to charge a battery.,increase the use of renewable energy sources,no_oracle,Undergraduate degree (BA / BSc / Other),bicycle to produce energy,4410,9,3.2,2.8,4,0,0,0
1,1,1,2,"Respondent did not explain how the bicycle would produce energy.  This response felt half-hearted and like they just copied what they saw in the show, ""Black Mirror"".",increase the use of renewable energy sources,oracle,Undergraduate degree (BA / BSc / Other),bicycle to produce energy,4410,9,3.2,2.8,4,0,0,0
5,5,4,5,"This is an extremely novel idea, this could be leveraged within pre-existing water systems. It does however border on perpetual motion machines, depending on how it is implemented.",increase the use of renewable energy sources,oracle,Undergraduate degree (BA / BSc / Other),build or install a hydro electric system for each household(i have actually done this but never published it out to the world or built it on a real house),4636,9,3.4,4.2,29,0,0,0
1,1,1,3,"Already doing this and it's a good idea, but it isn't new or original in any way.",increase the use of renewable energy sources,oracle,Graduate degree (MA / MSc / Other),build or install a hydro electric system for each household(i have actually done this but never published it out to the world or built it on a real house),4636,9,3.4,4.2,29,0,0,0
5,5,1,5,Its not something I have heard of before and would definitely love to see it in action,increase the use of renewable energy sources,oracle,Undergraduate degree (BA / BSc / Other),build or install a hydro electric system for each household(i have actually done this but never published it out to the world or built it on a real house),4636,9,3.4,4.2,29,0,0,0
4,1,1,2,This is already happening on a mass scale and is being studied by scientist all over the world.,increase the use of renewable energy sources,no_oracle,Graduate degree (MA / MSc / Other),build wind mill in places that experiences a lot of wind,4504,9,2.5,3.5,11,0,0,0
3,1,2,2,I selected 2 because its already common practice to build wind turbines in areas with a lot of wind for example off-shore.,increase the use of renewable energy sources,oracle,Undergraduate degree (BA / BSc / Other),build wind mill in places that experiences a lot of wind,4504,9,2.5,3.5,11,0,0,0
5,5,2,1,This is the same thing I’ve never heard before using an artificial intelligence device to renew the sons energy. I rated this unoriginal as I’ve never heard anything like it before and it’s very very interesting.,increase the use of renewable energy sources,oracle,Graduate degree (MA / MSc / Other),build wind mill in places that experiences a lot of wind,4504,9,2.5,3.5,11,0,0,0
4,5,5,1,What is an AR wearable? N/A,increase the use of renewable energy sources,oracle,Graduate degree (MA / MSc / Other),build wind mill in places that experiences a lot of wind,4504,9,2.5,3.5,11,0,0,0
5,5,5,5,Putting solar panels in the screen is really new as well as smart. Most phones don't have this so it's original.,increase the use of renewable energy sources,no_oracle,Undergraduate degree (BA / BSc / Other),cellphone that its screen is also a solar panel so that it uses it as an alternative charging method,4620,9,4,2.9,19,0,0,0
1,1,1,1,People have done this type of things for ages both with farming and energy.,increase the use of renewable energy sources,oracle,Graduate degree (MA / MSc / Other),community-based solar farms.,4297,9,3.6,3.1,3,0,0,0
3,3,3,3,This idea is already in place.. The only difference is that it has not been fully implemented to this large scale.,increase the use of renewable energy sources,oracle,Undergraduate degree (BA / BSc / Other),community-based solar farms.,4297,9,3.6,3.1,3,0,0,0
3,3,3,3,This is already a common practice.,increase the use of renewable energy sources,no_oracle,Undergraduate degree (BA / BSc / Other),community-based solar farms.,4297,9,3.6,3.1,3,0,0,0
2,2,2,2,Solar farms are already used but community based solar farms not so much; this is only missing better explanation for me to rate it hire. Due to the fact the answer is so vague I cannot go further than unoriginal.,increase the use of renewable energy sources,oracle,High school diploma,community-based solar farms.,4297,9,3.6,3.1,3,0,0,0
2,4,3,4,solar panels are highly applicable because they harness abundant renewable solar energy to generate electricity making them ideal for regions with high sunlight exposure.,increase the use of renewable energy sources,oracle,Undergraduate degree (BA / BSc / Other),community-based solar farms.,4297,9,3.6,3.1,3,0,0,0
4,3,3,4,helps reuse and renew the suns energy,increase the use of renewable energy sources,oracle,Undergraduate degree (BA / BSc / Other),"create a battery and solar panel product that are 'plug and play', for a reasonable price",4196,9,4,3.7,16,0,0,0
4,3,2,4,I selected 2 because increasing ev infrastructure is not a very original idea. Most companies would agree that infrastructure is the greatest issue when using EVs,increase the use of renewable energy sources,oracle,Undergraduate degree (BA / BSc / Other),"creating solar charged machines for washing clothes, dishes to name  a few.",4707,9,3.6,3.3,12,0,0,0
5,4,5,4,It is a unique idea that is not something i have heard of. Let alone thought of so would rank it as pretty original even if not fully practical yet.,increase the use of renewable energy sources,oracle,Undergraduate degree (BA / BSc / Other),"creating solar charged machines for washing clothes, dishes to name  a few.",4707,9,3.6,3.3,12,0,0,0
2,2,3,1,"Cutting down on the use of something is the basic response I see for resources that are limited like electricity, but it makes a poor solution if the electricity is needed. Also the problem and response seem a bit disconnected, more on the problems side though.",increase the use of renewable energy sources,no_oracle,Undergraduate degree (BA / BSc / Other),cut down on electricity,4328,9,1.5,1.6,4,0,0,0
1,2,5,1,Cutting back on electricity only solves part of the problem. Incresing population size and dependence on things that use electricity are increasing at an alarming rate. Cutting electricity use is common knowledge.,increase the use of renewable energy sources,no_oracle,Undergraduate degree (BA / BSc / Other),cut down on electricity,4328,9,1.5,1.6,4,0,0,0
4,4,4,4,"I think I have seen the ideal of people biking creating renewable that can be used only once, so I rate it as original. I would note it is likely not practical though.",increase the use of renewable energy sources,no_oracle,Undergraduate degree (BA / BSc / Other),"cycle power, help people with their general health by installing cycle power bike generators in public spaces, or in homes for a discount. allows people to stay fit whilst adding more re-newable energy to the grid",4237,9,4.1,3.4,36,0,0,0
4,5,4,5,N/A - Not sure what this means.,increase the use of renewable energy sources,no_oracle,Undergraduate degree (BA / BSc / Other),"cycle power, help people with their general health by installing cycle power bike generators in public spaces, or in homes for a discount. allows people to stay fit whilst adding more re-newable energy to the grid",4237,9,4.1,3.4,36,0,0,0
2,1,2,2,"From an economics standpoint, it would make sense to decrease the cost in order for consumers to be more likely to use it; however, it doesn't account for the feasbility (economically, environmentally, socially) to implement.",increase the use of renewable energy sources,oracle,Undergraduate degree (BA / BSc / Other),decrease the cost of renewable with respect to non-renewable energy,4200,9,2.8,3.7,10,0,0,0
4,2,4,2,its not original but less so than some other ideas. Its not specific enough to give that original flavor it needs.,increase the use of renewable energy sources,oracle,Undergraduate degree (BA / BSc / Other),decrease the cost of renewable with respect to non-renewable energy,4200,9,2.8,3.7,10,0,0,0
5,2,4,4,Son and wind energy are very easy to access thereby increasing the use of renewable energy,increase the use of renewable energy sources,oracle,Graduate degree (MA / MSc / Other),"develop localized microgrids powered by renewable energy sources like solar or wind, ensuring a reliable and sustainable energy supply for specific communities or regions.",4658,9,3.8,4.2,24,0,0,0
4,4,4,4,"I rated this response original because it is not an idea that I believe is widely implemented, at least not as a norm. I am more familiar with large wind farms or solar farms rather than microgrids for specific communities. This idea seems uncommon and is a clever solution that could increase the use of renewable energy by making it more accessible to smaller areas.",increase the use of renewable energy sources,no_oracle,Undergraduate degree (BA / BSc / Other),"develop localized microgrids powered by renewable energy sources like solar or wind, ensuring a reliable and sustainable energy supply for specific communities or regions.",4658,9,3.8,4.2,24,0,0,0
1,2,2,2,"Although it is true that educating people about renewable energy can be beneficial, there are more factors that play into whether someone will install a renewable energy source. Factors such as costs, location, and availability must be considered.",increase the use of renewable energy sources,no_oracle,Undergraduate degree (BA / BSc / Other),educate people about the use of renewable energy sources,4611,9,1.7,2.6,9,0,0,0
2,1,1,1,"Educating people about renewable energy is a widely used and conventional solution. It’s a fundamental approach but has been discussed and implemented for years, so it lacks originality in this context.",increase the use of renewable energy sources,oracle,Graduate degree (MA / MSc / Other),educate people about the use of renewable energy sources,4611,9,1.7,2.6,9,0,0,0
1,1,1,1,"The idea currently exists and currently utilized in today's society,",increase the use of renewable energy sources,oracle,Graduate degree (MA / MSc / Other),educating people about benefits of using renewable energy sources,4240,9,2.4,3.9,9,0,0,0
5,1,1,5,this will help people know the importance of using the renewable energy source to the environment.,increase the use of renewable energy sources,no_oracle,Undergraduate degree (BA / BSc / Other),educating people about benefits of using renewable energy sources,4240,9,2.4,3.9,9,0,0,0
4,4,4,4,I know these already exist on the market and have seen them before so therefore this is not an original solution.,increase the use of renewable energy sources,no_oracle,Graduate degree (MA / MSc / Other),education from an early age on the use of these renewable energies and the decrease in the use of traditional electrical energy.,4403,9,3.1,3.8,22,0,0,0
2,1,2,2,"Renewable energy is being presented at early ages. I learned about renewable energy sources back in middle school, way before I was in control of managing my energy usage, but education by itself isn't generally enough to change anything.",increase the use of renewable energy sources,oracle,Graduate degree (MA / MSc / Other),education from an early age on the use of these renewable energies and the decrease in the use of traditional electrical energy.,4403,9,3.1,3.8,22,0,0,0
3,3,2,3,"The idea of educating people from an early age about renewable energy is somewhat common in discussion about sustainability, but it lacks distinct innovative.",increase the use of renewable energy sources,oracle,Undergraduate degree (BA / BSc / Other),education from an early age on the use of these renewable energies and the decrease in the use of traditional electrical energy.,4403,9,3.1,3.8,22,0,0,0
5,2,4,5,When the education about renewable energy is been giving at an early age its tends to increase the use of renewable energy in future time as time goes on,increase the use of renewable energy sources,oracle,Graduate degree (MA / MSc / Other),education from an early age on the use of these renewable energies and the decrease in the use of traditional electrical energy.,4403,9,3.1,3.8,22,0,0,0
2,1,1,1,I consider this response unoriginal the use of robots is common in assisting people with learning impairments and has been used quite extensively in doing that. The idea lacks creative elements in it due to its familiarity.,increase the use of renewable energy sources,no_oracle,Undergraduate degree (BA / BSc / Other),education from an early age on the use of these renewable energies and the decrease in the use of traditional electrical energy.,4403,9,3.1,3.8,22,0,0,0
3,4,2,4,"The response is highly original as it takes a proactive, rather than reactive, approach to addressing the problem.",increase the use of renewable energy sources,oracle,Undergraduate degree (BA / BSc / Other),education from an early age on the use of these renewable energies and the decrease in the use of traditional electrical energy.,4403,9,3.1,3.8,22,0,0,0
2,2,1,3,Expanding EV charging infrastructure is a well known approach already to EVs becoming more mainstream. Stating that charging infrastructure should be powered by renewable sources makes it a bit more unique.,increase the use of renewable energy sources,no_oracle,Undergraduate degree (BA / BSc / Other),"electric vehicle charging infrastructure: establish widespread charging infrastructure for electric vehicles, powered by renewable energy sources, to encourage the adoption of clean transportation and reduce reliance on fossil fuels.",4647,9,4.2,4.3,29,0,1,0
1,1,1,1,"Currently, this idea is being implemented as there are electric cars already in the market.",increase the use of renewable energy sources,oracle,Undergraduate degree (BA / BSc / Other),"electric vehicle charging infrastructure: establish widespread charging infrastructure for electric vehicles, powered by renewable energy sources, to encourage the adoption of clean transportation and reduce reliance on fossil fuels.",4647,9,4.2,4.3,29,0,1,0
4,2,2,2,I selected 2 (unoriginal ) because this idea is already used in multiple states.,increase the use of renewable energy sources,oracle,Undergraduate degree (BA / BSc / Other),"electric vehicle charging infrastructure: establish widespread charging infrastructure for electric vehicles, powered by renewable energy sources, to encourage the adoption of clean transportation and reduce reliance on fossil fuels.",4647,9,4.2,4.3,29,0,1,0
3,1,2,2,The development of electric vehicle charging infrastructure powered by renewable energy sources is a widely discussed and actively pursued solution to increase the use of renewable energy and reduce reliance on fossil fuels.,increase the use of renewable energy sources,no_oracle,Graduate degree (MA / MSc / Other),"electric vehicle charging infrastructure: establish widespread charging infrastructure for electric vehicles, powered by renewable energy sources, to encourage the adoption of clean transportation and reduce reliance on fossil fuels.",4647,9,4.2,4.3,29,0,1,0
5,3,5,5,its very true. electric cars are made now to reduce gasoline usage.,increase the use of renewable energy sources,no_oracle,Graduate degree (MA / MSc / Other),"electric vehicle charging infrastructure: establish widespread charging infrastructure for electric vehicles, powered by renewable energy sources, to encourage the adoption of clean transportation and reduce reliance on fossil fuels.",4647,9,4.2,4.3,29,0,1,0
1,1,1,1,This sounds like what should be the first step in promoting widespread clean energy. Its not very original at all and doesn't bring anything new to the table. These practices are already highly used and completed.,increase the use of renewable energy sources,no_oracle,Undergraduate degree (BA / BSc / Other),"electric vehicle charging infrastructure: establish widespread charging infrastructure for electric vehicles, powered by renewable energy sources, to encourage the adoption of clean transportation and reduce reliance on fossil fuels.",4647,9,4.2,4.3,29,0,1,0
2,2,2,2,Electric vehicle charging infrastructure is already available and used by many owners of electric vehicles.,increase the use of renewable energy sources,no_oracle,Undergraduate degree (BA / BSc / Other),"electric vehicle charging infrastructure: establish widespread charging infrastructure for electric vehicles, powered by renewable energy sources, to encourage the adoption of clean transportation and reduce reliance on fossil fuels.",4647,9,4.2,4.3,29,0,1,0
4,1,1,2,"although the use of electric vehicles has not been adopted by everyone, it is still common knowledge that using electric cars and having electric vehicle charging stations would reduce reliance on fossil fuels",increase the use of renewable energy sources,oracle,Undergraduate degree (BA / BSc / Other),"electric vehicle charging infrastructure: establish widespread charging infrastructure for electric vehicles, powered by renewable energy sources, to encourage the adoption of clean transportation and reduce reliance on fossil fuels.",4647,9,4.2,4.3,29,0,1,0
2,2,2,1,"Electric cares are a well established technology aimed at reducing reliance on fossil fuels. While they contribute to the broader goal of reducing environmental impact, they are not a new innovative solution to increasing the use of renewable energy sources specifically.",increase the use of renewable energy sources,oracle,Undergraduate degree (BA / BSc / Other),eletric cars,4579,9,1.6,2,2,0,0,0
1,2,2,2,Electric vehicles are only one means to increase renewable energy and have already been well established. It's not an original idea as it relates to the problem.,increase the use of renewable energy sources,oracle,Undergraduate degree (BA / BSc / Other),eletric cars,4579,9,1.6,2,2,0,0,0
3,2,2,2,"Electric cars are a well-known solution to reduce reliance on fossil fuels, but their role in promoting renewable energy sources has been widely discussed. The concept is not new, and it doesn't introduce any innovative elements.",increase the use of renewable energy sources,oracle,Graduate degree (MA / MSc / Other),eletric cars,4579,9,1.6,2,2,0,0,0
5,1,5,2,Localized microgrids powered by renewable energy sources are the upcoming concept in energy systems in providing practice,increase the use of renewable energy sources,oracle,Graduate degree (MA / MSc / Other),eletric cars,4579,9,1.6,2,2,0,0,0
3,2,2,2,"Not original, since electric cards have been around for a couple of decades. Furthermore, it is a global solution and EVs can be found in every country in the world.

Also, EV's cant be a very effective renewable energy solution if they are not charged with renewable energy. Basically it would be ideal if they could be easily charged with wind or solar energy, but most charging stations do not use these energy sources. 

Also, production of EV batteries is a very pollutive process, as well as their utilization(disposal of old batteries)",increase the use of renewable energy sources,no_oracle,Graduate degree (MA / MSc / Other),eletric cars,4579,9,1.6,2,2,0,0,0
4,2,1,2,While an unoriginal concept of commercial buildings with solar panels. The fact that fast food places are so common adds a hint of originality.,increase the use of renewable energy sources,oracle,Graduate degree (MA / MSc / Other),fast food franchises having solar pannels on their roofs,4607,9,3.5,3.2,9,0,0,0
3,4,4,3,It would be nice to see this idea although the technology exists.,increase the use of renewable energy sources,oracle,Graduate degree (MA / MSc / Other),fast food franchises having solar pannels on their roofs,4607,9,3.5,3.2,9,0,0,0
3,2,2,2,n/a this response doesn't make sense,increase the use of renewable energy sources,oracle,Undergraduate degree (BA / BSc / Other),fast food franchises having solar pannels on their roofs,4607,9,3.5,3.2,9,0,0,0
3,1,1,3,First idea that comes as solution to such problem is to make available more recycle bins.,increase the use of renewable energy sources,oracle,Undergraduate degree (BA / BSc / Other),fast food franchises having solar pannels on their roofs,4607,9,3.5,3.2,9,0,0,0
3,3,3,3,It gives a specific use case and is an idea but it is also repeating a common idea so neutral would be my response as its not original response the use case itself is.,increase the use of renewable energy sources,oracle,Undergraduate degree (BA / BSc / Other),fast food franchises having solar pannels on their roofs,4607,9,3.5,3.2,9,0,0,0
4,4,4,4,I marked this response as original because I have never seen it implemented anywhere. Fast food restaurants are pretty common in the USA and are usually located in areas where there are no taller buildings around that could block the sun.,increase the use of renewable energy sources,no_oracle,Graduate degree (MA / MSc / Other),fast food franchises having solar pannels on their roofs,4607,9,3.5,3.2,9,0,0,0
4,2,2,2,The response seems very common and not that hard to come up with which makes it less than original,increase the use of renewable energy sources,no_oracle,Graduate degree (MA / MSc / Other),finding ways to make renewables the main source of energy instead of coal-based energy,4409,9,2.6,3.6,14,0,0,0
4,3,3,5,Suggesting the use of alternatives is a basic and commonly proposed solution lacking innovation,increase the use of renewable energy sources,oracle,Graduate degree (MA / MSc / Other),finding ways to make renewables the main source of energy instead of coal-based energy,4409,9,2.6,3.6,14,0,0,0
4,3,3,3,hybrid systems are an effective way to ensure grid stability during the energy transition.,increase the use of renewable energy sources,oracle,Undergraduate degree (BA / BSc / Other),finding ways to make renewables the main source of energy instead of coal-based energy,4409,9,2.6,3.6,14,0,0,0
1,1,3,1,This is something that many other locations around the world are already using.,increase the use of renewable energy sources,oracle,Graduate degree (MA / MSc / Other),forbid using not renewable energy sources,4352,9,2.1,1.3,6,0,0,0
1,1,1,1,This sounds like a liberal response.  Ban renewables doesn't offer a solution...it's just saying outlawing it might work.,increase the use of renewable energy sources,oracle,Graduate degree (MA / MSc / Other),forbid using not renewable energy sources,4352,9,2.1,1.3,6,0,0,0
2,1,2,1,"The idea of banning the use of nonrenewable energy is not new, it's very similar to regulatory bans which have been done before. It's similar to bans on certain types of fuels or emissions.",increase the use of renewable energy sources,oracle,Undergraduate degree (BA / BSc / Other),forbid using not renewable energy sources,4352,9,2.1,1.3,6,0,0,0
5,4,4,2,An artificial intelligence device collected from the weather or sun to reuse or renew the funds energy is quite clever and I was surprised to read about it.,increase the use of renewable energy sources,oracle,Graduate degree (MA / MSc / Other),"form partnerships between public and private sectors to fund large-scale renewable energy projects. by pooling resources, we can bring ambitious ventures to life.",4231,9,3.4,3.3,23,0,0,1
4,3,3,3,Public private partnership is moderately original.,increase the use of renewable energy sources,oracle,Undergraduate degree (BA / BSc / Other),"form partnerships between public and private sectors to fund large-scale renewable energy projects. by pooling resources, we can bring ambitious ventures to life.",4231,9,3.4,3.3,23,0,0,1
1,1,1,1,"The response does not make much sense because it isn't a full answer. It says ""solar panel""- but it does not have any action attached. So it is hard to rate this for originality.",increase the use of renewable energy sources,no_oracle,Graduate degree (MA / MSc / Other),give some kind of financial support to families so they can be able to afford the installation of solar panels,4499,9,3,3.7,20,0,0,0
3,3,2,2,The government already provides incentives for adopting solar energy in most countries.,increase the use of renewable energy sources,no_oracle,Undergraduate degree (BA / BSc / Other),give some kind of financial support to families so they can be able to afford the installation of solar panels,4499,9,3,3.7,20,0,0,0
2,2,2,2,Financial incentives to promote sustainability and renewable energy use like solar panels are well established and not new.,increase the use of renewable energy sources,oracle,Undergraduate degree (BA / BSc / Other),give some kind of financial support to families so they can be able to afford the installation of solar panels,4499,9,3,3.7,20,0,0,0
2,2,2,2,"The idea of providing financial support to make solar panels more affordable is not particularly original. It's a common approach used in various countries and regions to encourage the use of renewable energy, such as subsidies, rebates, and tax incentives.",increase the use of renewable energy sources,oracle,Graduate degree (MA / MSc / Other),give some kind of financial support to families so they can be able to afford the installation of solar panels,4499,9,3,3.7,20,0,0,0
5,2,4,5,Hydro dams is one of the renewable energy that has been very effective in recent times,increase the use of renewable energy sources,oracle,Graduate degree (MA / MSc / Other),hydro dams,4458,9,2.3,2.5,2,0,0,0
4,2,2,4,Hydro dams produces electricity with water and water too is a renewable energy which is in abundant.,increase the use of renewable energy sources,no_oracle,Undergraduate degree (BA / BSc / Other),hydro dams,4458,9,2.3,2.5,2,0,0,0
4,3,2,2,It is somewhat prevalent but expensive to construct and maintain making it not as popular is countries and parts of the world with unsuitable geo-climatic and financial conditions,increase the use of renewable energy sources,oracle,Undergraduate degree (BA / BSc / Other),hydro dams,4458,9,2.3,2.5,2,0,0,0
4,4,1,3,"There has been thoughts of stuff like this, run of the river power generation. It's hardly ever discussed.",increase the use of renewable energy sources,oracle,Graduate degree (MA / MSc / Other),"hydroelectric power generation: identify suitable locations for small-scale hydroelectric power generation, utilizing flowing water sources to generate electricity without relying on fossil fuels.",4684,9,3.6,4.6,23,0,1,0
4,3,4,4,This would help us not to rely too much on electricity,increase the use of renewable energy sources,oracle,Undergraduate degree (BA / BSc / Other),"hydroelectric power generation: identify suitable locations for small-scale hydroelectric power generation, utilizing flowing water sources to generate electricity without relying on fossil fuels.",4684,9,3.6,4.6,23,0,1,0
4,4,3,4,"this is original, as solar powered charging stations for cars are a practical and increasing implemented solution to promote renewable energy use",increase the use of renewable energy sources,no_oracle,Graduate degree (MA / MSc / Other),"i'm struggling with this one but if i have to say something, maybe create a huge offset between the costs related with renewable energy and normal energy sources so much so that t encourages users to use mor renewable energy. i don't know maybe educate people more on the benefits pf renewabke enrrgy",4638,9,2.5,3.8,53,0,0,0
4,2,2,1,its not something new as this has been in existence for decades.,increase the use of renewable energy sources,no_oracle,Graduate degree (MA / MSc / Other),implement nuclear power stations,4480,9,2.4,2.6,4,0,0,0
1,1,1,1,Hydroelectric power is already in place and is being implemented all over the world.,increase the use of renewable energy sources,oracle,Undergraduate degree (BA / BSc / Other),implementing systems to produce energy from big rivers water movementin cities,4293,9,3.6,3.7,11,0,0,0
4,1,5,2,"it is basic knowledge and has been taught right from when we were little that hydro power exist, so this lacks creativity",increase the use of renewable energy sources,oracle,Undergraduate degree (BA / BSc / Other),implementing systems to produce energy from big rivers water movementin cities,4293,9,3.6,3.7,11,0,0,0
4,1,2,1,i think most of the electrical energy produced is usually through that and we have seen it in action before,increase the use of renewable energy sources,oracle,Undergraduate degree (BA / BSc / Other),implementing systems to produce energy from big rivers water movementin cities,4293,9,3.6,3.7,11,0,0,0
5,5,5,5,"This is another proactive and great idea. I think we could tack on to this not only for water source compatibilities, but composting capabilities that every household can do. I think this would also help with the environment. Composting can always be bagged and used as mulch or sent out to farmers or maybe start incentives for people who grow their own food sources even in the city limits.",increase the use of renewable energy sources,no_oracle,Graduate degree (MA / MSc / Other),improve re-using waste from cities (from organic) - ie. stablish a connected mechanism to throw away organic food such as it exists with water,4250,9,4.3,2.9,24,0,0,0
3,3,3,3,This is something that has been ongoing even though it is not very commonly used.,increase the use of renewable energy sources,oracle,Undergraduate degree (BA / BSc / Other),improve re-using waste from cities (from organic) - ie. stablish a connected mechanism to throw away organic food such as it exists with water,4250,9,4.3,2.9,24,0,0,0
4,2,1,3,This is widely known but still a unique way and futuristic way cities need to adapt to.,increase the use of renewable energy sources,oracle,Undergraduate degree (BA / BSc / Other),improve re-using waste from cities (from organic) - ie. stablish a connected mechanism to throw away organic food such as it exists with water,4250,9,4.3,2.9,24,0,0,0
4,4,4,3,"Not sure I am quite getting the ideal, it is talking about using food waster to become power for energy.",increase the use of renewable energy sources,no_oracle,Undergraduate degree (BA / BSc / Other),improve re-using waste from cities (from organic) - ie. stablish a connected mechanism to throw away organic food such as it exists with water,4250,9,4.3,2.9,24,0,0,0
3,3,3,3,"While this idea is not unheard of and fairly common, and unoriginal doesn't take away that it's still the most clever solution. It should be on a larger scale, not just for off grid or remote scenarios.",increase the use of renewable energy sources,no_oracle,Graduate degree (MA / MSc / Other),"in rural areas or off-grid communities, let's promote small-scale renewable energy systems like micro-hydro power or solar water heaters. it will provide clean energy where it's needed most.",4225,9,4.1,4.1,28,0,0,0
5,2,2,4,The introduction of mobile recycling units is a very original idea and solution,increase the use of renewable energy sources,oracle,Undergraduate degree (BA / BSc / Other),"in rural areas or off-grid communities, let's promote small-scale renewable energy systems like micro-hydro power or solar water heaters. it will provide clean energy where it's needed most.",4225,9,4.1,4.1,28,0,0,0
2,2,1,3,I think this idea is fairly un original and bland. Its an idea thats already in practice.,increase the use of renewable energy sources,no_oracle,Undergraduate degree (BA / BSc / Other),"in rural areas or off-grid communities, let's promote small-scale renewable energy systems like micro-hydro power or solar water heaters. it will provide clean energy where it's needed most.",4225,9,4.1,4.1,28,0,0,0
4,2,2,2,I consider the response very  unoriginal because it is a widely used method of helping people with mobility impairments. It lacks originality because it is quite predictable.,increase the use of renewable energy sources,no_oracle,Undergraduate degree (BA / BSc / Other),"in rural areas or off-grid communities, let's promote small-scale renewable energy systems like micro-hydro power or solar water heaters. it will provide clean energy where it's needed most.",4225,9,4.1,4.1,28,0,0,0
5,4,3,5,"n/a, didn't make sense.",increase the use of renewable energy sources,no_oracle,Undergraduate degree (BA / BSc / Other),"in rural areas or off-grid communities, let's promote small-scale renewable energy systems like micro-hydro power or solar water heaters. it will provide clean energy where it's needed most.",4225,9,4.1,4.1,28,0,0,0
3,2,2,2,"While incorporating solar power into these areas is a common and widely discussed approach to increasing renewable energy use, it's not entirely unoriginal.",increase the use of renewable energy sources,no_oracle,Graduate degree (MA / MSc / Other),"incorporating solar into farms, water bodies, houses",4538,9,3.5,4.1,7,0,0,0
4,3,2,4,"The response of incorporation solar into farms, water bodies, and houses is a relatively innovative approach. It reflect a creative way to utilize available spaces for renewable energy generation.",increase the use of renewable energy sources,no_oracle,Undergraduate degree (BA / BSc / Other),"incorporating solar into farms, water bodies, houses",4538,9,3.5,4.1,7,0,0,0
5,4,4,4,I think that this response is both original and creative. Solar integration into water bodies is a great response since it allows a combination of both solar and hydro energy which should result in a sufficient energy output.,increase the use of renewable energy sources,no_oracle,Graduate degree (MA / MSc / Other),"incorporating solar into farms, water bodies, houses",4538,9,3.5,4.1,7,0,0,0
5,2,3,4,helps reuse and renew the suns energy,increase the use of renewable energy sources,oracle,Undergraduate degree (BA / BSc / Other),"incorporating solar into farms, water bodies, houses",4538,9,3.5,4.1,7,0,0,0
1,1,1,1,It's been done to the extent it can be.,increase the use of renewable energy sources,oracle,Graduate degree (MA / MSc / Other),"increase use of solar panels, making them more affordable for working class people",4329,9,2.9,3.9,13,0,0,0
2,3,2,2,This is already being worked on so not as original as expected.,increase the use of renewable energy sources,oracle,Undergraduate degree (BA / BSc / Other),"increase use of solar panels, making them more affordable for working class people",4329,9,2.9,3.9,13,0,0,0
3,2,2,3,"I'm neutral because, the cons that comes with the solar panels are plenty which in the future will cause more problems.",increase the use of renewable energy sources,oracle,Undergraduate degree (BA / BSc / Other),"increase use of solar panels, making them more affordable for working class people",4329,9,2.9,3.9,13,0,0,0
1,1,3,1,It seems very typical in terms of renewable energy,increase the use of renewable energy sources,oracle,Undergraduate degree (BA / BSc / Other),installing solar pannels on hospitals and government buildings,4582,9,3,4.1,8,0,0,0
1,1,1,2,"Plenty of governments and organizations are already adopting things, such as solar panels for renewable energy sources.",increase the use of renewable energy sources,no_oracle,Undergraduate degree (BA / BSc / Other),installing solar pannels on hospitals and government buildings,4582,9,3,4.1,8,0,0,0
1,1,1,1,I believe that some hospitals and government buildings already have them installed.,increase the use of renewable energy sources,no_oracle,Graduate degree (MA / MSc / Other),installing solar pannels on hospitals and government buildings,4582,9,3,4.1,8,0,0,0
3,2,1,1,Currently on many government buildings and hospitals there already are solar panels.,increase the use of renewable energy sources,oracle,Undergraduate degree (BA / BSc / Other),installing solar pannels on hospitals and government buildings,4582,9,3,4.1,8,0,0,0
4,1,1,2,"The usage of solar panels is not original in this day and age. Solar panels are very common these days and have been for a while. Let's take my own house for example - I have solar panels on my roof and have had them for 7 years. And even when I installed them - a quarter of my residential neighborhood already had them. With that, being said - I think it is a clever solution for this particular problem.",increase the use of renewable energy sources,no_oracle,Graduate degree (MA / MSc / Other),installing solar pannels on hospitals and government buildings,4582,9,3,4.1,8,0,0,0
1,1,1,1,"I believe this is already happening. Research is currently being done to learn and find ways to increase, find, and improve renewable energy sources via solar panels, electric vehicles, energy efficient appliances, etc.",increase the use of renewable energy sources,no_oracle,Graduate degree (MA / MSc / Other),invest in research and innovation for energy storage technologies. this will address the challenge of intermittency and make renewable energy more reliable.,4229,9,3.3,4.7,22,0,0,1
5,4,2,4,The response has no good information and does not solve any problem,increase the use of renewable energy sources,oracle,Doctorate degree (PhD / Other),invest in research and innovation for energy storage technologies. this will address the challenge of intermittency and make renewable energy more reliable.,4229,9,3.3,4.7,22,0,0,1
5,5,3,5,Addressing the challenges renewable energy sector faces is the best and most original method to increase the use of renewable energy,increase the use of renewable energy sources,no_oracle,Undergraduate degree (BA / BSc / Other),invest in research and innovation for energy storage technologies. this will address the challenge of intermittency and make renewable energy more reliable.,4229,9,3.3,4.7,22,0,0,1
4,4,4,5,"Very original response.  It would address common problems for example with solar power. Solar batteries can only produce energy during the day and can not do it at night. Energy storage solutions allow this energy to be stored and to be used during the night time. Also, investments in this research may benefit other areas of renewable energy studies.",increase the use of renewable energy sources,no_oracle,Graduate degree (MA / MSc / Other),invest in research and innovation for energy storage technologies. this will address the challenge of intermittency and make renewable energy more reliable.,4229,9,3.3,4.7,22,0,0,1
5,1,1,2,The concept of using renewable energy resources isn't something new.it has been in existence even in ancient civilization,increase the use of renewable energy sources,no_oracle,Graduate degree (MA / MSc / Other),large scale wind and solar farms,4642,9,2.2,3.1,6,0,0,0
5,1,5,4,"This in turn help to create more equitable society, where opportunities for better living standard are available all",increase the use of renewable energy sources,oracle,Graduate degree (MA / MSc / Other),large scale wind and solar farms,4642,9,2.2,3.1,6,0,0,0
1,4,1,1,This will help in reducing waste as all the ideas are welcome and also good to implement.,increase the use of renewable energy sources,oracle,Graduate degree (MA / MSc / Other),large scale wind and solar farms,4642,9,2.2,3.1,6,0,0,0
3,3,3,3,"Providing financial incentive would increase use, directly solving problem; however, it doesn't address the financial feasibility and how behavior would be maintained.",increase the use of renewable energy sources,oracle,Undergraduate degree (BA / BSc / Other),make renewable energy more affordable and accessible to everyone by providing government incentives and subsidies.,4222,9,2.5,4.3,15,0,0,0
2,2,1,2,People have been touted the savings benefits of reusable batteries and energy efficient lightbulbs and electric cars already. Making them cheaper to get in the first place would possibly make it the first choice when considering more expensive but not renewable energy source items.,increase the use of renewable energy sources,no_oracle,Graduate degree (MA / MSc / Other),make renewable energy more affordable and accessible to everyone by providing government incentives and subsidies.,4222,9,2.5,4.3,15,0,0,0
3,1,2,2,seems like a obvious way to do it,increase the use of renewable energy sources,no_oracle,Technical / community college,make renewable energy more affordable and accessible to everyone by providing government incentives and subsidies.,4222,9,2.5,4.3,15,0,0,0
1,1,1,1,N/A Gibberish,increase the use of renewable energy sources,oracle,Graduate degree (MA / MSc / Other),make renewable energy more affordable and accessible to everyone by providing government incentives and subsidies.,4222,9,2.5,4.3,15,0,0,0
5,1,5,5,I will say it's a fantastic contribution,increase the use of renewable energy sources,oracle,Graduate degree (MA / MSc / Other),make renewable energy more affordable and accessible to everyone by providing government incentives and subsidies.,4222,9,2.5,4.3,15,0,0,0
5,4,4,5,This helps reduce the use of non renewable energy,increase the use of renewable energy sources,oracle,Undergraduate degree (BA / BSc / Other),make renewable energy more affordable and accessible to everyone by providing government incentives and subsidies.,4222,9,2.5,4.3,15,0,0,0
4,1,2,1,The idea is very common and is being used already by people everyday inform of solar panels solar thermal panels and also the installation of wind pumps. The idea is quite smart,increase the use of renewable energy sources,no_oracle,Graduate degree (MA / MSc / Other),make small versions for personal use,4188,9,3.8,1.8,6,0,0,0
2,2,3,2,"The government has been giving family's grants and tax credits for people
to adapt renewable energy.",increase the use of renewable energy sources,oracle,Undergraduate degree (BA / BSc / Other),making renewable energy such as solar panels more affordable so they are more accessible,4249,9,2.2,3.6,14,0,0,0
1,1,1,1,Its an idea that has been repeated multiple times so it lacks any unique flair or anything to make it stand out.,increase the use of renewable energy sources,oracle,Undergraduate degree (BA / BSc / Other),more solar panels,4303,9,1.5,2.7,3,0,0,0
1,1,1,1,Its an idea that has been repeated multiple times so it lacks any unique flair or anything to make it stand out.,increase the use of renewable energy sources,oracle,Undergraduate degree (BA / BSc / Other),more solar panels,4382,9,2.2,2.4,3,0,0,0
2,4,2,5,Creating a plug and a play battery and a solar panel product is  fairly original since it simplifies installation of energy sources.,increase the use of renewable energy sources,oracle,Graduate degree (MA / MSc / Other),more solar panels,4303,9,1.5,2.7,3,0,0,0
2,4,2,5,Creating a plug and a play battery and a solar panel product is  fairly original since it simplifies installation of energy sources.,increase the use of renewable energy sources,oracle,Graduate degree (MA / MSc / Other),more solar panels,4382,9,2.2,2.4,3,0,0,0
2,1,1,2,Installing more solar panels doesn't seem original to me because that has been a thing for quite some time.,increase the use of renewable energy sources,no_oracle,Undergraduate degree (BA / BSc / Other),more solar pannels,4332,9,2.2,3.1,3,0,0,0
1,1,1,1,It is a following repeated ideal of using solar panels with little thought or explanation therefore earning the lowest rating on the scale.,increase the use of renewable energy sources,oracle,Undergraduate degree (BA / BSc / Other),more solar pannels,4332,9,2.2,3.1,3,0,0,0
2,2,3,2,"This already being done with the current tax system we have
in the United States.",increase the use of renewable energy sources,oracle,Undergraduate degree (BA / BSc / Other),"offer incentives and tax benefits for constructing and retrofitting buildings with renewable energy technologies, such as solar panels or geothermal heating and cooling systems, to promote their widespread adoption.",4659,9,2.7,4.4,29,0,0,0
4,4,4,5,"This addresses multiple areas, including financial, physical building, and specific technologies used to directly address the problem.",increase the use of renewable energy sources,oracle,Undergraduate degree (BA / BSc / Other),"offer incentives and tax benefits for constructing and retrofitting buildings with renewable energy technologies, such as solar panels or geothermal heating and cooling systems, to promote their widespread adoption.",4659,9,2.7,4.4,29,0,0,0
2,4,2,4,Such strategy is a widely used as it addresses environmental effects hence making it original.,increase the use of renewable energy sources,oracle,Graduate degree (MA / MSc / Other),"offer incentives and tax benefits for constructing and retrofitting buildings with renewable energy technologies, such as solar panels or geothermal heating and cooling systems, to promote their widespread adoption.",4659,9,2.7,4.4,29,0,0,0
5,3,4,5,Reduction in the price of some products for construction will help,increase the use of renewable energy sources,oracle,Undergraduate degree (BA / BSc / Other),"offer incentives and tax benefits for constructing and retrofitting buildings with renewable energy technologies, such as solar panels or geothermal heating and cooling systems, to promote their widespread adoption.",4659,9,2.7,4.4,29,0,0,0
3,1,1,1,The idea is not new but it can be done in different forms. With the more improvements in technologies like artificial intelligence and other forms of technologies the idea of apps in gauging where and how much time a student needs to learn more of a topic has been already used .,increase the use of renewable energy sources,no_oracle,Undergraduate degree (BA / BSc / Other),offer tax incentives for adopting alternative powrt,4489,9,2.3,3.5,7,0,0,0
1,1,1,1,This is a very basic approach and doesn't discuss anything clever or innovative.,increase the use of renewable energy sources,oracle,Graduate degree (MA / MSc / Other),phase out fossil fuels,4701,9,2.4,2.2,4,0,0,0
3,1,2,2,"Many renewable energy activists advocate for reduction of the usage of fossil fuels. Those advocating for renewal energy usage are almost always doing so, at least in part, because they are opposed to the environmental damage that fossil fuels are supposed to cause. Therefore, since so many share the sentiment, I thought it unoriginal.",increase the use of renewable energy sources,no_oracle,Undergraduate degree (BA / BSc / Other),phase out fossil fuels,4701,9,2.4,2.2,4,0,0,0
1,1,1,2,This is a creative response that differs from everyday mobility aids such as walkers or wheelchairs.,increase the use of renewable energy sources,oracle,Undergraduate degree (BA / BSc / Other),phase out fossil fuels,4701,9,2.4,2.2,4,0,0,0
5,4,4,4,"Piezoelectric are innovative solution, as they generate renewable energy.",increase the use of renewable energy sources,oracle,Undergraduate degree (BA / BSc / Other),piezoelectric pathways,4553,9,3.6,2.7,2,0,0,0
4,4,3,4,"this a brilliant idea, a recycling station can be stationed at various vintage points. A very simple setup and providing signages to segregate the waste.",increase the use of renewable energy sources,no_oracle,Undergraduate degree (BA / BSc / Other),piezoelectric pathways,4553,9,3.6,2.7,2,0,0,0
3,3,3,3,Solar panels have not been proven to provide enough power for bigger buildings.,increase the use of renewable energy sources,oracle,Undergraduate degree (BA / BSc / Other),promove the use of solar painels in industries and public buildings to set the exemple,4258,9,2.7,3.5,15,0,0,0
4,3,2,3,I agree that showing large corporations supporting use of solar would influence consumers to use renewable sources as well; it will take a lot to implement however.,increase the use of renewable energy sources,oracle,Undergraduate degree (BA / BSc / Other),promove the use of solar painels in industries and public buildings to set the exemple,4258,9,2.7,3.5,15,0,0,0
1,1,1,1,Solar panels are already being used in these areas.,increase the use of renewable energy sources,no_oracle,Graduate degree (MA / MSc / Other),promove the use of solar painels in industries and public buildings to set the exemple,4258,9,2.7,3.5,15,0,0,0
2,2,2,2,This plan is kind of already in action - there are lots of pictures on the internet of different buildings for companies covered in solar panels.,increase the use of renewable energy sources,oracle,Graduate degree (MA / MSc / Other),promove the use of solar painels in industries and public buildings to set the exemple,4258,9,2.7,3.5,15,0,0,0
2,2,2,2,While it is still a common idea that is repeated it has a bit more thought behind it so i would give it a slightly higher rating in comparison.,increase the use of renewable energy sources,oracle,Undergraduate degree (BA / BSc / Other),promove the use of solar painels in industries and public buildings to set the exemple,4258,9,2.7,3.5,15,0,0,0
5,4,4,2,An AI device collected from the weather or sun to help reuse. The sun energy is very clever and unoriginal. I’ve never heard of it before.,increase the use of renewable energy sources,oracle,Graduate degree (MA / MSc / Other),public coverage and attendance,4286,9,1.6,2.4,4,0,0,0
3,3,3,5,Reducing amount of litter in public space and promote wastes by reduction and recycling helps a lot in the society,increase the use of renewable energy sources,no_oracle,Undergraduate degree (BA / BSc / Other),public coverage and attendance,4286,9,1.6,2.4,4,0,0,0
1,4,4,3,It is hard to say but I would like to think that public coverage and attendance already some what goes on pertaining to this subject. If I am understanding correctly this involves public access which seems like it already goes on; but for reporting and monitoring purposes I cannot say for sure that's why I lean towards the middle.,increase the use of renewable energy sources,oracle,High school diploma,public coverage and attendance,4286,9,1.6,2.4,4,0,0,0
5,1,2,1,its something that has been tried and tested and it actually has a lot of impact on the the use increase,increase the use of renewable energy sources,oracle,Undergraduate degree (BA / BSc / Other),public coverage and attendance,4286,9,1.6,2.4,4,0,0,0
4,4,2,4,Incentivizing is not seen often unless for tax purposes.,increase the use of renewable energy sources,oracle,Undergraduate degree (BA / BSc / Other),public incentivisation,4387,9,2.2,2.3,2,0,0,0
3,1,1,1,Its a standard whenever the mass needs to be sensitized towards a certain goal,increase the use of renewable energy sources,oracle,Undergraduate degree (BA / BSc / Other),public incentivisation,4387,9,2.2,2.3,2,0,0,0
4,4,4,3,"While this is a great solution, it is not original because it is one of the tools already being used in the US.",increase the use of renewable energy sources,oracle,Graduate degree (MA / MSc / Other),public solar chargers,4207,9,4.2,3.6,3,0,0,0
5,2,2,5,AI programmed airplanes can be built with the use of electricity without causing any1 harm to the atmosphere.,increase the use of renewable energy sources,no_oracle,Undergraduate degree (BA / BSc / Other),public solar chargers,4207,9,4.2,3.6,3,0,0,0
1,2,2,1,"It doesn't not answer the question. If you reduce usage of coal, that does nothing and has no effect on increasing renewable energy sources.",increase the use of renewable energy sources,no_oracle,Graduate degree (MA / MSc / Other),reduce the use of coal,4482,9,2.7,3.1,5,0,0,0
1,5,1,1,Coal is a very common source of nonrenewable energy and reducing its usage is paramount in this case. The idea is also not remote.,increase the use of renewable energy sources,oracle,Undergraduate degree (BA / BSc / Other),reduce the use of coal,4482,9,2.7,3.1,5,0,0,0
4,1,2,1,I think this is a no brainer because of the commonality of higher volumes of people in more common public areas meant for all.  It kills two birds with one stone by putting the chargers in the best area fir highest use.,increase the use of renewable energy sources,no_oracle,Undergraduate degree (BA / BSc / Other),renewable charging stations at public spaces,4535,9,2.8,3.4,6,0,0,0
3,5,5,5,It's not something that I have heard of before neither have I had the chance to interact with to explore its functionality and overall impact,increase the use of renewable energy sources,oracle,Undergraduate degree (BA / BSc / Other),renewable charging stations at public spaces,4535,9,2.8,3.4,6,0,0,0
2,1,1,1,It''s a good idea but it's not new because a lot of people have already talked about doing this to help use more clean energy.,increase the use of renewable energy sources,no_oracle,Undergraduate degree (BA / BSc / Other),replace non renewable energy sources with renewable,4635,9,2.6,2.7,7,0,0,0
1,1,1,2,"Again, everyone would answer this.  So it's not clever or original.",increase the use of renewable energy sources,oracle,Graduate degree (MA / MSc / Other),replace non renewable energy sources with renewable,4635,9,2.6,2.7,7,0,0,0
1,1,1,1,The response is the problem just rewritten as a solution.,increase the use of renewable energy sources,oracle,Undergraduate degree (BA / BSc / Other),replace non renewable energy sources with renewable,4635,9,2.6,2.7,7,0,0,0
2,1,1,1,"This response is not original and is very simplistic. Simply put, not all non-renewable energy sources can be replaced. For example, I can hardly imagine how devices currently running on nuclear energy can be switched to solar power. 

The response is too vague and lacks depth.",increase the use of renewable energy sources,no_oracle,Graduate degree (MA / MSc / Other),replace non renewable energy sources with renewable,4635,9,2.6,2.7,7,0,0,0
1,1,1,2,"n/a, didn't make sense",increase the use of renewable energy sources,no_oracle,Undergraduate degree (BA / BSc / Other),"set clear targets and regulations for renewable energy adoption. by establishing goals, we can drive progress and ensure a sustainable future.",4230,9,2.9,2.5,21,0,0,1
4,4,3,4,"It is different than the common responses you hear about renewable energy. It is something I have personally heard of before though. Generally you don't want solids hitting mechanical equipment, so it would be hard to implement.",increase the use of renewable energy sources,no_oracle,Graduate degree (MA / MSc / Other),sewers with water flow propelled energy,4609,9,3.9,3.7,6,0,0,0
1,1,1,1,"Solar panels are very common, very unclever and very unremote as this is currently being implemented almost all over the world.",increase the use of renewable energy sources,oracle,Undergraduate degree (BA / BSc / Other),solar panels,4356,9,1.1,2.7,2,1,0,0
1,1,1,1,Already in use.,increase the use of renewable energy sources,oracle,High school diploma,solar panels,4356,9,1.1,2.7,2,1,0,0
2,1,1,1,solar panels are already used very often and one of the most popular renewable energy sources,increase the use of renewable energy sources,oracle,Graduate degree (MA / MSc / Other),solar pannel,4714,9,2,2.2,2,0,0,0
1,1,4,1,It is very basic and something that many people would have thought of. It is actually something that is argued for by many at this point in time.,increase the use of renewable energy sources,oracle,Undergraduate degree (BA / BSc / Other),solar pannel,4714,9,2,2.2,2,0,0,0
2,1,1,2,because the use of solar panel to increase the use of renewable energy is already widely known,increase the use of renewable energy sources,oracle,Undergraduate degree (BA / BSc / Other),solar pannel,4714,9,2,2.2,2,0,0,0
5,1,1,2,its fairly the most rife form of increasing renewable energy usage although not fully integrated into the lifestyle of a lot of communities in the society,increase the use of renewable energy sources,oracle,Undergraduate degree (BA / BSc / Other),solar pannel,4714,9,2,2.2,2,0,0,0
1,1,1,1,"Cutting down on the use of electricity would decrease the use of all energy sources, including renewable ones",increase the use of renewable energy sources,oracle,Undergraduate degree (BA / BSc / Other),solar pannel,4714,9,2,2.2,2,0,0,0
4,1,1,1,"With increasing price of gas, i think using a solar generated power source is basic knowledge and so is not an original response",increase the use of renewable energy sources,oracle,Undergraduate degree (BA / BSc / Other),solar power,4454,9,1.7,1.9,2,1,0,0
2,4,3,4,"It's moderately original, however its application in this context demonstrates a practical understanding of leveraging local resources, making it relevant but not particularly uncommon",increase the use of renewable energy sources,no_oracle,Graduate degree (MA / MSc / Other),solar powered charging stations for cars in public spaces.,4294,9,2.9,3.6,9,0,0,0
3,4,4,4,"Energy efficiency (optimization) is a common concern for EV's, machinery powered by solar energy, etc. It's a good idea, but not an original one.",increase the use of renewable energy sources,no_oracle,Undergraduate degree (BA / BSc / Other),support the society concerned scientist,4525,9,4.1,3.4,5,0,0,0
4,4,4,5,I think this is a more down to earth idea and its smart because it utilizes the experts that are directly in-tune with the local populations,increase the use of renewable energy sources,no_oracle,Undergraduate degree (BA / BSc / Other),support the society concerned scientist,4525,9,4.1,3.4,5,0,0,0
4,4,4,4,Society concerned scientists can be supported with fund to do more more research on how to improve upon the existing ways of using renewable energy to generate electricity.,increase the use of renewable energy sources,no_oracle,Undergraduate degree (BA / BSc / Other),support the society concerned scientist,4525,9,4.1,3.4,5,0,0,0
3,2,2,2,teaching at schools about renewable energy is commonly apart of curriculum. it doesn't introduce a specific approach t oexpanding renewable energy practically.,increase the use of renewable energy sources,oracle,Graduate degree (MA / MSc / Other),teach at schools,4623,9,1.9,2.5,3,0,0,0
3,3,3,3,I feel like this is being done at schools. It's not original. It is a common solution many people have though of.,increase the use of renewable energy sources,no_oracle,Undergraduate degree (BA / BSc / Other),teach at schools,4623,9,1.9,2.5,3,0,0,0
3,1,1,1,Using wind energy has been extremely common over the last couple of years and there's not an original idea at all.,increase the use of renewable energy sources,no_oracle,Graduate degree (MA / MSc / Other),use of wind power,4575,9,1.3,2.2,4,0,0,0
5,1,1,1,Use of wind power has been there for quite a while,increase the use of renewable energy sources,no_oracle,Graduate degree (MA / MSc / Other),use of wind power,4575,9,1.3,2.2,4,0,0,0
4,2,4,4,In locations where water is difficult to access then wind power becomes efficient at that particular time,increase the use of renewable energy sources,oracle,Graduate degree (MA / MSc / Other),use of wind power,4575,9,1.3,2.2,4,0,0,0
2,2,2,2,biodiesel is an established alternative energy source and often brought up in discussions about renewable energy.,increase the use of renewable energy sources,oracle,Graduate degree (MA / MSc / Other),using biodiesel,4327,9,2.4,3.3,2,0,0,0
2,2,2,2,The use of biodiesel is well known and commonly discussed renewable energy.,increase the use of renewable energy sources,oracle,Undergraduate degree (BA / BSc / Other),using biodiesel,4327,9,2.4,3.3,2,0,0,0
3,1,1,2,Biodiesel is a well-established and widely researched renewable energy source. Its use as a transportation fuel has been explored for many years.,increase the use of renewable energy sources,no_oracle,Graduate degree (MA / MSc / Other),using biodiesel,4327,9,2.4,3.3,2,0,0,0
2,2,2,1,"The use of biodiesel as an environmentally beneficial alternative to fuel has been around for years. This isn't original, especially with newer technology.",increase the use of renewable energy sources,oracle,Undergraduate degree (BA / BSc / Other),using biodiesel,4327,9,2.4,3.3,2,0,0,0
4,5,3,4,Interesting idea!  I would want to see a lot more development of the idea before I rate it higher though.,increase the use of renewable energy sources,oracle,Graduate degree (MA / MSc / Other),using the sewage generated by house to generate gas mostly in village houses that have cows and can use cowdung for gober gas,4233,9,4.2,3.2,23,0,0,0
4,4,4,1,"I think it’s very unoriginal that that the AI device can retrieve energy from the weather and reuse the sun, energy and very beneficial environment and very clever",increase the use of renewable energy sources,oracle,Graduate degree (MA / MSc / Other),using the sewage generated by house to generate gas mostly in village houses that have cows and can use cowdung for gober gas,4233,9,4.2,3.2,23,0,0,0
4,4,3,4,"the response is not very original, as building wind farms with consistent wind patterns is a standard practice in renewable energy development.",increase the use of renewable energy sources,no_oracle,Graduate degree (MA / MSc / Other),using the sewage generated by house to generate gas mostly in village houses that have cows and can use cowdung for gober gas,4233,9,4.2,3.2,23,0,0,0
3,2,2,2,building windfarms in places with consistent wind patterns is a widely implemented solution for increasing renewable energy use.,increase the use of renewable energy sources,oracle,Graduate degree (MA / MSc / Other),"we should build wind farms in areas where there are consistent wind patterns. that way, we can harness the power of the wind and contribute more renewable energy to our electricity grid.",4223,9,3.7,4.2,32,0,0,0
2,1,2,2,Wind farms already exist in these places for that purpose. Wind energy is already a major source of energy.,increase the use of renewable energy sources,oracle,Graduate degree (MA / MSc / Other),"we should build wind farms in areas where there are consistent wind patterns. that way, we can harness the power of the wind and contribute more renewable energy to our electricity grid.",4223,9,3.7,4.2,32,0,0,0
4,2,3,4,"wind mill farms is one of the best ways to use renewable energy to generate electricity. Though it involves huge start up capital, once built it will need low maintenance.",increase the use of renewable energy sources,no_oracle,Undergraduate degree (BA / BSc / Other),"we should build wind farms in areas where there are consistent wind patterns. that way, we can harness the power of the wind and contribute more renewable energy to our electricity grid.",4223,9,3.7,4.2,32,0,0,0
4,3,3,5,This kind of procedure will work but it will lead to punishment of many people because humans make mistakes,increase the use of renewable energy sources,oracle,Graduate degree (MA / MSc / Other),"we should build wind farms in areas where there are consistent wind patterns. that way, we can harness the power of the wind and contribute more renewable energy to our electricity grid.",4223,9,3.7,4.2,32,0,0,0
4,4,3,1,"the response is not original, as promoting no littering is a very general and commonly used approach to addressing litter in public spaces",increase the use of renewable energy sources,no_oracle,Graduate degree (MA / MSc / Other),"we should build wind farms in areas where there are consistent wind patterns. that way, we can harness the power of the wind and contribute more renewable energy to our electricity grid.",4223,9,3.7,4.2,32,0,0,0
3,2,2,2,Building wind farms in areas with consistent wind patterns is a well-established and common strategy in the renewable energy sector. It is not a new or innovative concept but rather an application of existing knowledge about wind energy.,increase the use of renewable energy sources,oracle,Graduate degree (MA / MSc / Other),"we should build wind farms in areas where there are consistent wind patterns. that way, we can harness the power of the wind and contribute more renewable energy to our electricity grid.",4223,9,3.7,4.2,32,0,0,0
1,1,2,2,"Wind power is already one of the go to responses for renewable energy sources, so it is not very original.",increase the use of renewable energy sources,no_oracle,Undergraduate degree (BA / BSc / Other),wind power,4615,9,1.3,1.6,2,0,0,0
4,2,4,1,Provision of clean energy in rural areas or off-grid communities is an original idea.,increase the use of renewable energy sources,oracle,Undergraduate degree (BA / BSc / Other),wind power,4615,9,1.3,1.6,2,0,0,0
1,1,1,1,This is so unoriginal that wind power is already in use around the world.,increase the use of renewable energy sources,oracle,High school diploma,wind power,4615,9,1.3,1.6,2,0,0,0
1,1,1,1,This is a play on solar panels powering homes and small solar panel devices people can purchase to provide power for small devices.  The only original part of the idea is that these would be publicly provided.,reduce the amount of litter in public spaces and promote waste reduction and recycling,oracle,Graduate degree (MA / MSc / Other),a lot of trash cans,5665,11,1.6,2.3,5,0,0,0
3,2,1,3,"this is not 100 percent original, because even though increasing the number of trash cans can reduce litters is widely used, you would also need to offer specific details to enhance its effectiveness",reduce the amount of litter in public spaces and promote waste reduction and recycling,oracle,Undergraduate degree (BA / BSc / Other),a lot of trash cans,5665,11,1.6,2.3,5,0,0,0
1,1,2,1,This response is quite basic and widely used. More trash cans in public spaces is a standard solution for addressing littering but lacks any unique or innovative approach to solving the problem.,reduce the amount of litter in public spaces and promote waste reduction and recycling,oracle,Graduate degree (MA / MSc / Other),a lot of trash cans,5665,11,1.6,2.3,5,0,0,0
1,1,1,1,This is not a very common solution so I rated it more original and is a different way of approaching use of renewable energy to target the younger generations.,reduce the amount of litter in public spaces and promote waste reduction and recycling,no_oracle,Graduate degree (MA / MSc / Other),"adopt-a-beach or adopt-a-street programs: establish adopt-a-beach or adopt-a-street programs where individuals, community groups, or businesses take responsibility for keeping specific areas clean. participants commit to regular clean-up activities and promote litter prevention.",5763,11,3.8,4.3,32,0,0,1
3,1,1,2,This method is common because it has been used to lure people into using renewable sources of energy hence it lacks unfamiliarity.,reduce the amount of litter in public spaces and promote waste reduction and recycling,no_oracle,Undergraduate degree (BA / BSc / Other),"adopt-a-beach or adopt-a-street programs: establish adopt-a-beach or adopt-a-street programs where individuals, community groups, or businesses take responsibility for keeping specific areas clean. participants commit to regular clean-up activities and promote litter prevention.",5763,11,3.8,4.3,32,0,0,1
5,2,1,5,because it takes the concept of an adopt a bench program and  expands it with practical and specific strategies to reducing litters and promoting recycling is,reduce the amount of litter in public spaces and promote waste reduction and recycling,oracle,Undergraduate degree (BA / BSc / Other),"adopt-a-beach or adopt-a-street programs: establish adopt-a-beach or adopt-a-street programs where individuals, community groups, or businesses take responsibility for keeping specific areas clean. participants commit to regular clean-up activities and promote litter prevention.",5763,11,3.8,4.3,32,0,0,1
4,3,4,4,"the response is not original, asoptimizing flight routes is widely recognized and common approach in reducing fuel consumption and emissions in aviation.",reduce the amount of litter in public spaces and promote waste reduction and recycling,no_oracle,Graduate degree (MA / MSc / Other),"adopt-a-beach or adopt-a-street programs: establish adopt-a-beach or adopt-a-street programs where individuals, community groups, or businesses take responsibility for keeping specific areas clean. participants commit to regular clean-up activities and promote litter prevention.",5763,11,3.8,4.3,32,0,0,1
3,1,1,2,These signs are everywhere people just don't pay attention,reduce the amount of litter in public spaces and promote waste reduction and recycling,no_oracle,Undergraduate degree (BA / BSc / Other),anti-littering signage,5737,11,1.9,2,2,0,0,0
2,2,3,2,"Anti-littering signage is a well-established solution and lacks originality. while it serves as a reminder to avoid littering, it does not introduce innovative or unique strategies to significantly reduce litter or encourage recycling",reduce the amount of litter in public spaces and promote waste reduction and recycling,no_oracle,Undergraduate degree (BA / BSc / Other),anti-littering signage,5737,11,1.9,2,2,0,0,0
2,2,2,2,Signs asking individuals not to litter is a standard approach we see in many public spaces. This idea lacks originality and is not an innovative fix.,reduce the amount of litter in public spaces and promote waste reduction and recycling,oracle,Undergraduate degree (BA / BSc / Other),anti-littering signage,5737,11,1.9,2,2,0,0,0
3,1,1,3,"I'm neutral on this because, signage can be chosen to be respected or not by the people. With this, the compelling and coaxing effort in it isn't that much to avoid littering as the choice will still be with the masses to obey or not.",reduce the amount of litter in public spaces and promote waste reduction and recycling,oracle,Undergraduate degree (BA / BSc / Other),anti-littering signage,5737,11,1.9,2,2,0,0,0
1,1,5,1,"This is a completely unoriginal solution as this already exists and it's efficacy, or lack thereof, is easily trackable.",reduce the amount of litter in public spaces and promote waste reduction and recycling,oracle,Undergraduate degree (BA / BSc / Other),anti-littering signage,5737,11,1.9,2,2,0,0,0
1,1,1,1,"While the response might be an effective solution, anti-littering signage is wildly used to help prevent littering.  This response if akin to having more garbage can available.",reduce the amount of litter in public spaces and promote waste reduction and recycling,oracle,Undergraduate degree (BA / BSc / Other),anti-littering signage,5737,11,1.9,2,2,0,0,0
1,1,3,1,"This is vague; although a fair comment, it does not provide details as to how it would be implemented or the outcome of the said campaign.",reduce the amount of litter in public spaces and promote waste reduction and recycling,oracle,Undergraduate degree (BA / BSc / Other),awareness campaign,5799,11,2.2,2.5,2,0,0,0
4,2,4,5,The response does not correspond with the related problem and therefore doesn't make it original,reduce the amount of litter in public spaces and promote waste reduction and recycling,oracle,Doctorate degree (PhD / Other),awareness campaign,5799,11,2.2,2.5,2,0,0,0
1,2,1,1,Everyone everywhere does this,reduce the amount of litter in public spaces and promote waste reduction and recycling,no_oracle,Undergraduate degree (BA / BSc / Other),awareness campaign,5799,11,2.2,2.5,2,0,0,0
1,2,1,2,"I think awareness campaigns for litter reduction and recycling are already very common and can be seen in multiple forms like posters, ads, and public service announcements. It's not original or innovative anymore.",reduce the amount of litter in public spaces and promote waste reduction and recycling,oracle,Undergraduate degree (BA / BSc / Other),awareness campaign,5799,11,2.2,2.5,2,0,0,0
3,2,1,2,"An awareness campaign is a widely known solution for reducing litter and promoting recycling. While useful, it is not a particularly novel or unique approach in this context.",reduce the amount of litter in public spaces and promote waste reduction and recycling,oracle,Graduate degree (MA / MSc / Other),awareness campaign,5799,11,2.2,2.5,2,0,0,0
1,3,2,1,This is a obvious and easy response. Almost grade school level answer.,reduce the amount of litter in public spaces and promote waste reduction and recycling,oracle,Undergraduate degree (BA / BSc / Other),basic reminders frquently,5636,11,1.7,1.9,3,0,0,0
3,2,2,3,This  seems to already be the case but it clearly is not working.,reduce the amount of litter in public spaces and promote waste reduction and recycling,no_oracle,Graduate degree (MA / MSc / Other),better waste collection systems across the cities,5397,11,2.9,3.6,7,0,0,0
2,2,1,2,"I rated this response as unoriginal because it is very nonspecific. It does not suggest what better waste collection systems would look like or even what ""better"" means in this context. There are no specific suggestions about how to reduce litter or promote recycling and the response is not very insightful.",reduce the amount of litter in public spaces and promote waste reduction and recycling,no_oracle,Undergraduate degree (BA / BSc / Other),better waste collection systems across the cities,5397,11,2.9,3.6,7,0,0,0
2,2,3,1,Better waste systems are implemented all the time. That only solves part of the problem.,reduce the amount of litter in public spaces and promote waste reduction and recycling,no_oracle,Undergraduate degree (BA / BSc / Other),better waste collection systems across the cities,5397,11,2.9,3.6,7,0,0,0
1,2,1,2,The response takes something that already exists but adds higher consequences.,reduce the amount of litter in public spaces and promote waste reduction and recycling,no_oracle,Graduate degree (MA / MSc / Other),bigger fines if a person is caught trowing litter on the floor,5471,11,2.3,3,12,0,0,0
1,2,2,2,Fines are already known and implemented for throwing litter or waste in public.,reduce the amount of litter in public spaces and promote waste reduction and recycling,no_oracle,Undergraduate degree (BA / BSc / Other),bigger fines if a person is caught trowing litter on the floor,5471,11,2.3,3,12,0,0,0
2,2,2,1,"We've already implemented this sort of thing in the past with water wheels, but in modern times I don't think this is a solution that is implemented very often.  I know the technology exists, but it is not being used currently in regular neighborhoods.  So it isn't original since it already exists, but it is original in that it is not being used on a large scale.",reduce the amount of litter in public spaces and promote waste reduction and recycling,oracle,Graduate degree (MA / MSc / Other),bins,5504,11,1.4,2,1,0,0,0
1,1,1,1,"Using recycling bins to reduce litter is extremely commonplace, this makes the idea very unoriginal.",reduce the amount of litter in public spaces and promote waste reduction and recycling,oracle,Undergraduate degree (BA / BSc / Other),bins,5504,11,1.4,2,1,0,0,0
5,1,5,5,Having more bins in the noticeable places in the community.,reduce the amount of litter in public spaces and promote waste reduction and recycling,oracle,Undergraduate degree (BA / BSc / Other),bins,5504,11,1.4,2,1,0,0,0
2,4,4,4,I think that utilizing technology to address the issue of littering differs from the usual approach of public awareness campaigns or increased police enforcement.,reduce the amount of litter in public spaces and promote waste reduction and recycling,no_oracle,Undergraduate degree (BA / BSc / Other),cameras programmed to set an alarm every time someone throws garbage,5696,11,3.9,2.7,11,0,0,0
4,5,5,2,"The answer is unclever. The idea is too expensive to implement
Common answer.",reduce the amount of litter in public spaces and promote waste reduction and recycling,no_oracle,Undergraduate degree (BA / BSc / Other),cameras programmed to set an alarm every time someone throws garbage,5696,11,3.9,2.7,11,0,0,0
5,5,4,5,The combination of technology use as well as a physical monitoring system makes this a more original response. It adds a social/guilt element that makes this a more viable solution.,reduce the amount of litter in public spaces and promote waste reduction and recycling,oracle,Undergraduate degree (BA / BSc / Other),cameras programmed to set an alarm every time someone throws garbage,5696,11,3.9,2.7,11,0,0,0
4,4,3,4,Community cleanup events are a strong idea as well to get community engagement.,reduce the amount of litter in public spaces and promote waste reduction and recycling,oracle,Graduate degree (MA / MSc / Other),community clean up events,5574,11,2.7,3.1,4,0,0,0
5,2,4,5,will improve recycling in various communities.,reduce the amount of litter in public spaces and promote waste reduction and recycling,no_oracle,Undergraduate degree (BA / BSc / Other),"community recycling hubs: establish community recycling hubs where residents can drop off recyclable materials, including items that are not accepted in regular recycling programs. these hubs can also provide education and resources on proper recycling practices.",5754,11,3.8,4.1,36,0,1,1
4,4,2,4,Community recycling hubs are a relatively innovative approach to encourage recycling in areas where regular recycling programs may not be sufficient or available. It goes beyond simple awareness campaigns and creates a physical infrastructure that can improve waste management.,reduce the amount of litter in public spaces and promote waste reduction and recycling,oracle,Graduate degree (MA / MSc / Other),"community recycling hubs: establish community recycling hubs where residents can drop off recyclable materials, including items that are not accepted in regular recycling programs. these hubs can also provide education and resources on proper recycling practices.",5754,11,3.8,4.1,36,0,1,1
3,4,4,4,Its nice and clever and generally helps in sensitizing the public towards environmental conservation,reduce the amount of litter in public spaces and promote waste reduction and recycling,oracle,Undergraduate degree (BA / BSc / Other),"community recycling hubs: establish community recycling hubs where residents can drop off recyclable materials, including items that are not accepted in regular recycling programs. these hubs can also provide education and resources on proper recycling practices.",5754,11,3.8,4.1,36,0,1,1
5,2,3,5,plastics and other non biodegradable materials can take years to decompose causing long term damage to natural habitats.,reduce the amount of litter in public spaces and promote waste reduction and recycling,oracle,Undergraduate degree (BA / BSc / Other),"community recycling hubs: establish community recycling hubs where residents can drop off recyclable materials, including items that are not accepted in regular recycling programs. these hubs can also provide education and resources on proper recycling practices.",5754,11,3.8,4.1,36,0,1,1
5,5,5,5,"Now this is a proactive approach to a real solution. I like this, including the incentives to get people to the stations, but it's the videos and showing people exactly how they are helping by disposing and recycling the way they are is the key feature. Let's say people are disposing recyclable glass bottles or plastic water bottles, the video being showed to them should reflect what they are disposing to show exactly how they are helping by disposing those items specifically which would ensure their continued use of the stations.",reduce the amount of litter in public spaces and promote waste reduction and recycling,no_oracle,Graduate degree (MA / MSc / Other),"create interactive recycling stations with engaging screens that provide information about recycling practices, benefits, and proper disposal methods. these stations can also offer rewards or incentives for individuals who correctly recycle their waste.",5726,11,4.4,3.9,33,0,0,1
1,1,1,2,It sounds like an upgraded version of the recycling machines located at grocery stores and in neighborhoods. They already provide a payment as a reward and information on what item is recyclable and how to insert it into the machine.,reduce the amount of litter in public spaces and promote waste reduction and recycling,no_oracle,Graduate degree (MA / MSc / Other),"create interactive recycling stations with engaging screens that provide information about recycling practices, benefits, and proper disposal methods. these stations can also offer rewards or incentives for individuals who correctly recycle their waste.",5726,11,4.4,3.9,33,0,0,1
5,4,4,4,Creating something both having interaction and providing rewards makes it more likely people are going to use it and use it correctly.,reduce the amount of litter in public spaces and promote waste reduction and recycling,no_oracle,Undergraduate degree (BA / BSc / Other),"create interactive recycling stations with engaging screens that provide information about recycling practices, benefits, and proper disposal methods. these stations can also offer rewards or incentives for individuals who correctly recycle their waste.",5726,11,4.4,3.9,33,0,0,1
3,4,4,4,they offer rewards.,reduce the amount of litter in public spaces and promote waste reduction and recycling,no_oracle,Graduate degree (MA / MSc / Other),"create interactive recycling stations with engaging screens that provide information about recycling practices, benefits, and proper disposal methods. these stations can also offer rewards or incentives for individuals who correctly recycle their waste.",5726,11,4.4,3.9,33,0,0,1
3,3,4,5,Rewarding people for recycling their waste correctly will encourage them to do more,reduce the amount of litter in public spaces and promote waste reduction and recycling,no_oracle,Undergraduate degree (BA / BSc / Other),"create interactive recycling stations with engaging screens that provide information about recycling practices, benefits, and proper disposal methods. these stations can also offer rewards or incentives for individuals who correctly recycle their waste.",5726,11,4.4,3.9,33,0,0,1
1,1,1,1,Hand outs are a common tactic.,reduce the amount of litter in public spaces and promote waste reduction and recycling,oracle,Graduate degree (MA / MSc / Other),"create machines that take in recyclable materials such as plastic and glass bottles. when all items are deposited, allow for the user to withdraw credits for the supermarket, cash or to buy lottery tickets",5322,11,4.5,4.3,34,0,0,0
5,5,1,5,This will motivate citizens and is a very unique way of making them follow a patter.,reduce the amount of litter in public spaces and promote waste reduction and recycling,oracle,Undergraduate degree (BA / BSc / Other),"create machines that take in recyclable materials such as plastic and glass bottles. when all items are deposited, allow for the user to withdraw credits for the supermarket, cash or to buy lottery tickets",5322,11,4.5,4.3,34,0,0,0
3,2,4,3,It has some reward and interactivity built in,reduce the amount of litter in public spaces and promote waste reduction and recycling,oracle,Undergraduate degree (BA / BSc / Other),creating and promoting places where you can resell glass bottles,5496,11,3,3.4,10,0,0,0
2,2,3,3,The idea of reselling glass bottles in an attempt to reduce waste is not anything new. It doesn't push boundaries in recycling.,reduce the amount of litter in public spaces and promote waste reduction and recycling,oracle,Undergraduate degree (BA / BSc / Other),creating and promoting places where you can resell glass bottles,5496,11,3,3.4,10,0,0,0
3,2,4,3,"It seems like everything has an ""app"" solution these days.  That is why I am neutral on this one.  It isn't something original but is a novel way to try to address the issue.",reduce the amount of litter in public spaces and promote waste reduction and recycling,oracle,Graduate degree (MA / MSc / Other),design an app that allows users to order pickup of recyclable materials from the comfort of their home.,5721,11,4,2.8,18,0,0,0
4,2,1,5,With the app been designed people can now make recycling of waste materials becomes easy thereby reducing litter and promoting waste recycling,reduce the amount of litter in public spaces and promote waste reduction and recycling,oracle,Graduate degree (MA / MSc / Other),design an app that allows users to order pickup of recyclable materials from the comfort of their home.,5721,11,4,2.8,18,0,0,0
2,2,2,4,"This is likely the default solution that most people will think of. It is not a ""new"" solution, it is just increasing the frequency that someone will pass a solution (trash can).",reduce the amount of litter in public spaces and promote waste reduction and recycling,no_oracle,Undergraduate degree (BA / BSc / Other),design an app that allows users to order pickup of recyclable materials from the comfort of their home.,5721,11,4,2.8,18,0,0,0
5,5,4,5,"To my knowledge, there is not a common app that provides this service, so this is a very original idea.",reduce the amount of litter in public spaces and promote waste reduction and recycling,no_oracle,Undergraduate degree (BA / BSc / Other),design an app that allows users to order pickup of recyclable materials from the comfort of their home.,5721,11,4,2.8,18,0,0,0
5,4,5,5,The response is very original because it utilizes new and upcoming technology to try and make a boring concept engaging and exciting to promote the practice of it.,reduce the amount of litter in public spaces and promote waste reduction and recycling,oracle,Undergraduate degree (BA / BSc / Other),design an app that allows users to order pickup of recyclable materials from the comfort of their home.,5721,11,4,2.8,18,0,0,0
2,4,3,3,"Providing garbage bags is similar to how bags are provided for cleaning up after your dog. I wouldn't say its a new concept, just on a slightly larger scale.",reduce the amount of litter in public spaces and promote waste reduction and recycling,no_oracle,Graduate degree (MA / MSc / Other),device that provides free garbage bags,5422,11,3.7,3,6,0,0,0
1,1,1,1,"Unoriginal because we need to get away from garbage bags. More bags is not a solution to the problem. Now are these recepticals and bags biodegradable? I doubt it and even if it were, hypothetically, the trash itself is not biodegradable. We need a way to eliminate packaging material that are not recyclable and biodegradable and/or a way to reduce trash in each home.",reduce the amount of litter in public spaces and promote waste reduction and recycling,no_oracle,Graduate degree (MA / MSc / Other),device that provides free garbage bags,5422,11,3.7,3,6,0,0,0
4,4,4,4,N/A it does not propose a solution,reduce the amount of litter in public spaces and promote waste reduction and recycling,oracle,Undergraduate degree (BA / BSc / Other),device that provides free garbage bags,5422,11,3.7,3,6,0,0,0
3,4,4,4,"This would reduce the amount of litter in public spaces, and would be nice because robots don't need to eat or sleep so they could clean non-stop.",reduce the amount of litter in public spaces and promote waste reduction and recycling,oracle,Graduate degree (MA / MSc / Other),disperse vroomba like robots out in the streets for 24 hour monitor cleaning,5527,11,3.9,2.6,13,0,0,0
4,4,3,4,The idea of using robots like vroomba for @4-hour street monitoring and cleaning is quite original. it takes an existing technology and applies it in a new and innovative way to tackle public littering.,reduce the amount of litter in public spaces and promote waste reduction and recycling,no_oracle,Undergraduate degree (BA / BSc / Other),disperse vroomba like robots out in the streets for 24 hour monitor cleaning,5527,11,3.9,2.6,13,0,0,0
5,4,4,5,"This is a very feasible idea. In as much as it will make it look like we are in a star wars film, it will serve it purpose and as time goes on, people will be used to the robots.
And we all know how robots are very efficient on specific tasks when programmed for it.",reduce the amount of litter in public spaces and promote waste reduction and recycling,oracle,Undergraduate degree (BA / BSc / Other),disperse vroomba like robots out in the streets for 24 hour monitor cleaning,5527,11,3.9,2.6,13,0,0,0
5,5,5,5,It is actually very rare form of solution and I am yet to interact with it as a model,reduce the amount of litter in public spaces and promote waste reduction and recycling,oracle,Undergraduate degree (BA / BSc / Other),disperse vroomba like robots out in the streets for 24 hour monitor cleaning,5527,11,3.9,2.6,13,0,0,0
4,3,2,3,"I selected original because while the idea of solar powered devices isn't new, i have never seen it used in the appliances mentioned and could be interesting",reduce the amount of litter in public spaces and promote waste reduction and recycling,oracle,Undergraduate degree (BA / BSc / Other),encourage people to recycle with a rewards scheme where they are given points for each can recycled etc,5369,11,3.3,3,18,0,0,0
5,4,2,5,"This is very original, as these small scale systems can power smaller communities, but not larger ones. So why not put them to use in communities that can benefit most from them?",reduce the amount of litter in public spaces and promote waste reduction and recycling,no_oracle,Undergraduate degree (BA / BSc / Other),encourage people to recycle with a rewards scheme where they are given points for each can recycled etc,5369,11,3.3,3,18,0,0,0
3,4,3,4,"original, as mobile recycling units are not a standard solution but have been explored in some contexts to improve accessibility to recycling services",reduce the amount of litter in public spaces and promote waste reduction and recycling,no_oracle,Graduate degree (MA / MSc / Other),encourage people to recycle with a rewards scheme where they are given points for each can recycled etc,5369,11,3.3,3,18,0,0,0
1,1,1,4,Again already doing this and it doesn't get more people to throw their trash away.,reduce the amount of litter in public spaces and promote waste reduction and recycling,oracle,Graduate degree (MA / MSc / Other),enforce policies on repairability of devices.,5360,11,3.3,3.8,6,0,0,0
3,2,2,3,"No littering signs already exist and are common in areas along highways, pedestrian walkways, and beaches.",reduce the amount of litter in public spaces and promote waste reduction and recycling,no_oracle,Undergraduate degree (BA / BSc / Other),"enforce waste recylcing bins everywhere, for glass, paper and plastic.",5529,11,2.6,3.8,10,0,0,0
4,4,3,4,"The idea of a partnership makes this idea somewhat original. Although, some businesses have implemented similar practices already.",reduce the amount of litter in public spaces and promote waste reduction and recycling,no_oracle,Graduate degree (MA / MSc / Other),"establish partnerships with local businesses, such as cafes and restaurants, to provide recycling facilities or encourage the use of eco-friendly packaging. this collaboration can help reduce waste generated by these establishments and promote sustainable practices.",5731,11,4,4.6,35,0,0,1
4,4,3,3,Aren't we already doing that and people still don't throw their waste out reliably.,reduce the amount of litter in public spaces and promote waste reduction and recycling,oracle,Graduate degree (MA / MSc / Other),"establish partnerships with local businesses, such as cafes and restaurants, to provide recycling facilities or encourage the use of eco-friendly packaging. this collaboration can help reduce waste generated by these establishments and promote sustainable practices.",5731,11,4,4.6,35,0,0,1
3,2,2,3,"I rated the response as neutral because it does not seem particularly uncommon or remote. Providing recycling facilities seems like an obvious way to combat littering in public spaces so that people have somewhere to dispose of their trash, and I have heard of similar plans in my town. Eco-friendly packaging is not a novel idea, nor is it an immediate solution to littering. However, it could help with the long-term environmental impacts of trash disposal.",reduce the amount of litter in public spaces and promote waste reduction and recycling,no_oracle,Undergraduate degree (BA / BSc / Other),"establish partnerships with local businesses, such as cafes and restaurants, to provide recycling facilities or encourage the use of eco-friendly packaging. this collaboration can help reduce waste generated by these establishments and promote sustainable practices.",5731,11,4,4.6,35,0,0,1
2,1,2,5,This response is very original because it is common knowledge that providing recycling facilities or encouraging the use of eco-friendly packaging can reduce the amount of litter and waste. These solutions are popular and have been implemented before in society.,reduce the amount of litter in public spaces and promote waste reduction and recycling,no_oracle,Undergraduate degree (BA / BSc / Other),"establish partnerships with local businesses, such as cafes and restaurants, to provide recycling facilities or encourage the use of eco-friendly packaging. this collaboration can help reduce waste generated by these establishments and promote sustainable practices.",5731,11,4,4.6,35,0,0,1
3,2,4,2,"I have seen this implemented in some common spaces (i.e. LGA airport has an AI-powered 'scanning' feature that sorts your trash), but even low tech versions of this are seen in many office spaces (i.e. 3 in 1 trash, recycling, compostables. It could be more widespread (i.e. parks typically just have trash).",reduce the amount of litter in public spaces and promote waste reduction and recycling,oracle,Undergraduate degree (BA / BSc / Other),eye-catching waste bins everywhere that have all sorting options,5694,11,2.7,2.6,9,0,0,0
4,2,3,3,This has already been implemented in many locations. I'm sure it helps some but it is not a novel ideal.,reduce the amount of litter in public spaces and promote waste reduction and recycling,no_oracle,Undergraduate degree (BA / BSc / Other),eye-catching waste bins everywhere that have all sorting options,5694,11,2.7,2.6,9,0,0,0
2,1,1,1,The idea of providing frequent trash bins is a standard and common approach to managing litter in public spaces. It is not a new or particularly innovative solution.,reduce the amount of litter in public spaces and promote waste reduction and recycling,oracle,Undergraduate degree (BA / BSc / Other),frequent trash bins,5351,11,2.4,2.6,3,0,0,0
1,1,1,1,"Everyone would think of this solution, not unique",reduce the amount of litter in public spaces and promote waste reduction and recycling,oracle,Graduate degree (MA / MSc / Other),frequent trash bins,5351,11,2.4,2.6,3,0,0,0
2,1,1,2,"The response is just part of any general initiative. Goal-setting is the first step in most issues, this is not a creative solution.",reduce the amount of litter in public spaces and promote waste reduction and recycling,no_oracle,Undergraduate degree (BA / BSc / Other),frequent trash bins,5351,11,2.4,2.6,3,0,0,0
1,1,1,1,Replacing fossil fuels is a stated goal of most organizations that push for renewable energy sources. This solution may have been more original if additional context was provided.,reduce the amount of litter in public spaces and promote waste reduction and recycling,oracle,Undergraduate degree (BA / BSc / Other),frequent trash bins,5351,11,2.4,2.6,3,0,0,0
3,3,3,3,"although grassroot plastics recycling initiatives are common, shredders and melting would give a hands on approach",reduce the amount of litter in public spaces and promote waste reduction and recycling,oracle,Graduate degree (MA / MSc / Other),"grassroots plastics recycling initiatives (shredders, melting etc",5486,11,3.1,3.2,7,0,0,0
3,3,2,3,"I rated this response as neutral because it presents valid suggestions to promote recycling. The suggestions of shredders are something my community does. These are fairly obvious but still good solutions to promote recycling. However, the response doesn't specifically address littering.",reduce the amount of litter in public spaces and promote waste reduction and recycling,no_oracle,Undergraduate degree (BA / BSc / Other),"grassroots plastics recycling initiatives (shredders, melting etc",5486,11,3.1,3.2,7,0,0,0
5,1,5,5,Encourage smart waste bins with incentives.,reduce the amount of litter in public spaces and promote waste reduction and recycling,oracle,Undergraduate degree (BA / BSc / Other),"grassroots plastics recycling initiatives (shredders, melting etc",5486,11,3.1,3.2,7,0,0,0
1,1,1,1,The response is something that has been tried and tested. You'll find signs and warnings in public spaces that already warn people of the fines and repercussions of littering.,reduce the amount of litter in public spaces and promote waste reduction and recycling,no_oracle,Graduate degree (MA / MSc / Other),have firm and strict lawenforcement,5684,11,2.3,2.5,5,0,0,0
1,1,1,1,"This practice has been going on for a very long time and thus cannot be considered remote, clever or uncommon.",reduce the amount of litter in public spaces and promote waste reduction and recycling,oracle,Undergraduate degree (BA / BSc / Other),have firm and strict lawenforcement,5684,11,2.3,2.5,5,0,0,0
1,1,1,1,There has always been laws about recycling.  We just need to actually follow the laws and regulations.,reduce the amount of litter in public spaces and promote waste reduction and recycling,oracle,Graduate degree (MA / MSc / Other),have firm and strict lawenforcement,5684,11,2.3,2.5,5,0,0,0
5,4,4,1,"Never heard anything like this it will help with with trash consumption and over trash, trash cans. People could play games and keep themselves interested while recycling. I think this is very unoriginal.",reduce the amount of litter in public spaces and promote waste reduction and recycling,oracle,Graduate degree (MA / MSc / Other),have firm and strict lawenforcement,5684,11,2.3,2.5,5,0,0,0
1,1,1,1,This is present a solution that already exists.,reduce the amount of litter in public spaces and promote waste reduction and recycling,oracle,Undergraduate degree (BA / BSc / Other),have firm and strict lawenforcement,5684,11,2.3,2.5,5,0,0,0
4,1,1,1,This idea has been in existence for years though its a common goal for many  environmental organization and government.,reduce the amount of litter in public spaces and promote waste reduction and recycling,no_oracle,Graduate degree (MA / MSc / Other),have firm and strict lawenforcement,5684,11,2.3,2.5,5,0,0,0
5,1,5,4,Having more trash cans and recycling bins will offer comprehensive approach to environmental sustainability,reduce the amount of litter in public spaces and promote waste reduction and recycling,oracle,Graduate degree (MA / MSc / Other),have firm and strict lawenforcement,5684,11,2.3,2.5,5,0,0,0
1,1,1,1,We already have these. We need to get people to use them more.,reduce the amount of litter in public spaces and promote waste reduction and recycling,no_oracle,Graduate degree (MA / MSc / Other),have more recycling bins,5532,11,2.1,3.1,4,0,0,0
1,1,1,1,"Th idea of having more recycling bins is straightforward and commonly suggested as a solution to promote waste reduction, lacking novelty or creativity.",reduce the amount of litter in public spaces and promote waste reduction and recycling,oracle,Undergraduate degree (BA / BSc / Other),have more recycling bins,5532,11,2.1,3.1,4,0,0,0
2,5,3,2,seems obvious,reduce the amount of litter in public spaces and promote waste reduction and recycling,no_oracle,Technical / community college,have more recycling bins,5532,11,2.1,3.1,4,0,0,0
4,1,1,1,I have heard of this idea in my career as it is a very common idea and everybody has or knows about it. The idea of having more recycle bins reduces litter in public as if they are everywhere people will be more inclined to use them.,reduce the amount of litter in public spaces and promote waste reduction and recycling,no_oracle,Graduate degree (MA / MSc / Other),have more recycling bins,5532,11,2.1,3.1,4,0,0,0
1,2,2,1,Practical and new idea that hasn't been widely proposed. Builds off an existing concept in a new and clever way.,reduce the amount of litter in public spaces and promote waste reduction and recycling,no_oracle,Undergraduate degree (BA / BSc / Other),have more recycling bins,5532,11,2.1,3.1,4,0,0,0
5,4,4,1,"Reduce litter in public places, people can engage in games and keep themselves interested by helping the environment. To help overflowing trash cans and help with recycling. In a fun way.",reduce the amount of litter in public spaces and promote waste reduction and recycling,oracle,Graduate degree (MA / MSc / Other),have more trash cans and recycling bins,5459,11,2.4,3.2,7,0,0,0
5,1,5,5,They should be rewarded and it will motivate them to do their work properly,reduce the amount of litter in public spaces and promote waste reduction and recycling,oracle,Graduate degree (MA / MSc / Other),have more trash cans and recycling bins,5459,11,2.4,3.2,7,0,0,0
2,4,3,5,"Encourage reuse of cans, plastics and nylons will help.",reduce the amount of litter in public spaces and promote waste reduction and recycling,oracle,Undergraduate degree (BA / BSc / Other),have more trash cans and recycling bins,5459,11,2.4,3.2,7,0,0,0
1,1,1,5,Response is unclear.,reduce the amount of litter in public spaces and promote waste reduction and recycling,oracle,Graduate degree (MA / MSc / Other),"hollow statues (for example, giant fish made from nets or other recicled materials close to the beach) that the general public should fill up with products that can be recycled.",5439,11,4.1,3.7,30,0,0,0
3,1,1,2,"Offering financial incentives for recycling, such as bottle bills or deposit-refund systems, is a well established and widely implemented strategy to encourage recycling and reduce litter.",reduce the amount of litter in public spaces and promote waste reduction and recycling,no_oracle,Graduate degree (MA / MSc / Other),immediate money back for returning recyclable goods,5448,11,2.9,3,7,0,0,0
3,5,5,5,"The notion of presenting a reward for reduced littering behavior is unique, as usually punitive measures like tickets from police are utilized to reduce littering.",reduce the amount of litter in public spaces and promote waste reduction and recycling,no_oracle,Undergraduate degree (BA / BSc / Other),install automatic machine to collect litter in expense of small amount of money (this encourages people to put their trash in the machine),5717,11,3.6,2.5,23,0,0,0
4,1,4,5,Airlines and manufacturers can collaborate on research initiatives focus on sustainable technologies.,reduce the amount of litter in public spaces and promote waste reduction and recycling,oracle,Undergraduate degree (BA / BSc / Other),install automatic machine to collect litter in expense of small amount of money (this encourages people to put their trash in the machine),5717,11,3.6,2.5,23,0,0,0
1,1,1,1,It helps but is very unoriginal.,reduce the amount of litter in public spaces and promote waste reduction and recycling,oracle,Graduate degree (MA / MSc / Other),"install recycling stations in easily accessible locations throughout public spaces, providing clear signage and separate bins for different types of recyclable materials, making recycling convenient and intuitive.",5744,11,3.2,4.2,27,0,0,0
5,4,2,5,Electrical buses or trains can be a best alternative to the use of air travels since it can be programmed to move at a speed near the speed of the air travel.,reduce the amount of litter in public spaces and promote waste reduction and recycling,no_oracle,Undergraduate degree (BA / BSc / Other),"install recycling stations in easily accessible locations throughout public spaces, providing clear signage and separate bins for different types of recyclable materials, making recycling convenient and intuitive.",5744,11,3.2,4.2,27,0,0,0
4,1,1,1,"I have already seen the content of this response utilized in many kinds of public spaces, so it seems rather unoriginal to me.",reduce the amount of litter in public spaces and promote waste reduction and recycling,no_oracle,Undergraduate degree (BA / BSc / Other),"install recycling stations in easily accessible locations throughout public spaces, providing clear signage and separate bins for different types of recyclable materials, making recycling convenient and intuitive.",5744,11,3.2,4.2,27,0,0,0
2,1,1,2,This solution is unoriginal because it effectively proposes to just have more of something that already exists.,reduce the amount of litter in public spaces and promote waste reduction and recycling,oracle,Undergraduate degree (BA / BSc / Other),"install recycling stations in easily accessible locations throughout public spaces, providing clear signage and separate bins for different types of recyclable materials, making recycling convenient and intuitive.",5744,11,3.2,4.2,27,0,0,0
1,1,1,1,Using these laws is a good idea but its not new. A lot of places have laws like this to help the environment.,reduce the amount of litter in public spaces and promote waste reduction and recycling,no_oracle,Undergraduate degree (BA / BSc / Other),laws,5794,11,1.5,2.1,1,0,0,0
1,1,1,1,"It does make sense to solve this with a law, for example, introducing a fine for violators; however, this overall is vague and doesn't address what the law does.",reduce the amount of litter in public spaces and promote waste reduction and recycling,oracle,Undergraduate degree (BA / BSc / Other),laws,5794,11,1.5,2.1,1,0,0,0
3,3,3,3,"I won't say that laws is unoriginal or original in of itself. I will say that coming up with the right type of strict ""litter, trash, and recycle"" laws should be implemented and targeted to ensure that everyone is doing their part. Before we can do that, there needs to be real change in how we package items. That would completely eliminate half the problem right there.",reduce the amount of litter in public spaces and promote waste reduction and recycling,no_oracle,Graduate degree (MA / MSc / Other),laws,5794,11,1.5,2.1,1,0,0,0
1,1,1,1,"This response is very vague, and there are already laws in place to reduce the amount of littering and promote waste reduction.",reduce the amount of litter in public spaces and promote waste reduction and recycling,no_oracle,Undergraduate degree (BA / BSc / Other),laws,5794,11,1.5,2.1,1,0,0,0
4,4,3,4,Enforced laws always serve as a deterrent to other potential culprits. An agency can be specified to enforce these laws just as police do with the ticket system.,reduce the amount of litter in public spaces and promote waste reduction and recycling,oracle,Undergraduate degree (BA / BSc / Other),laws,5794,11,1.5,2.1,1,0,0,0
3,2,2,2,"Response ""laws"" sounds a bit vague to me. I don't think this response is original since we have examples of countries with harsh penalties for littering. For instance, Singapore had these penalties for many years. With that being said- Singapore is considered a country with one of the cleanest streets on Earth, indicating that legislature is a response that works.",reduce the amount of litter in public spaces and promote waste reduction and recycling,no_oracle,Graduate degree (MA / MSc / Other),laws,5794,11,1.5,2.1,1,0,0,0
3,3,3,3,"Offering rewards for recycling is not a new idea. Many programs and initiatives already provide incentives for recycling. The use of ""coup"" as a reward system could be a twist, but it doesn't significantly deviate from typical recycling reward strategies.",reduce the amount of litter in public spaces and promote waste reduction and recycling,oracle,Graduate degree (MA / MSc / Other),make it so you can get rewarded when you recycle with coup,5494,11,2.5,2.7,12,0,0,0
3,3,3,2,you have better means of getting garbage but you have to encourage the behavior to want to use them,reduce the amount of litter in public spaces and promote waste reduction and recycling,oracle,Undergraduate degree (BA / BSc / Other),manufacture interactive garbage cans so that the user can more easily recycle their garbage,5669,11,3.4,2.8,14,0,0,0
2,2,3,2,"This seems like it's an extension of the garbage service - many of which do collect recycling from houses as well. It would be nice to have them collect from public places as well, but for the most part this idea is already implemented.",reduce the amount of litter in public spaces and promote waste reduction and recycling,oracle,Graduate degree (MA / MSc / Other),"mobile recycling units: introduce mobile recycling units that travel to different public spaces on specific days to collect recyclable materials. this brings recycling services closer to communities, especially in areas with limited access to recycling facilities.",5760,11,4.2,4.2,36,0,1,1
4,4,3,4,"this is original, it has been implemented in various communities. however they are not a novel solution, as such programs have been in use for many years to promote community involvement in litter prevention and cleanup efforts",reduce the amount of litter in public spaces and promote waste reduction and recycling,no_oracle,Graduate degree (MA / MSc / Other),"mobile recycling units: introduce mobile recycling units that travel to different public spaces on specific days to collect recyclable materials. this brings recycling services closer to communities, especially in areas with limited access to recycling facilities.",5760,11,4.2,4.2,36,0,1,1
2,2,1,2,"While promoting education is a sensible and fundamental approach to addressing littering and waste reduction, it lacks novelty. Education campaigns are a commonly proposed and implemented solution in environmental initiatives.",reduce the amount of litter in public spaces and promote waste reduction and recycling,oracle,Undergraduate degree (BA / BSc / Other),more education,5570,11,2.3,2.8,2,0,0,0
2,2,2,2,Providing more education is well known.,reduce the amount of litter in public spaces and promote waste reduction and recycling,oracle,Undergraduate degree (BA / BSc / Other),more education,5570,11,2.3,2.8,2,0,0,0
1,1,1,1,"Education about environmental protection and the benefits of recycling is already ubiquitous, to propose more is certainly unoriginal.",reduce the amount of litter in public spaces and promote waste reduction and recycling,no_oracle,Undergraduate degree (BA / BSc / Other),more education,5570,11,2.3,2.8,2,0,0,0
1,1,1,1,N/A This response lacks necessary context. What is being taught at schools?,reduce the amount of litter in public spaces and promote waste reduction and recycling,oracle,Undergraduate degree (BA / BSc / Other),more education,5570,11,2.3,2.8,2,0,0,0
1,5,1,5,Now when garbage collectors are been provided people tends to trash their used items in the collectors thereby reducing the rate of litter in public places,reduce the amount of litter in public spaces and promote waste reduction and recycling,oracle,Graduate degree (MA / MSc / Other),more garbage collectors with striking colors,5420,11,2.8,3.1,6,0,0,0
5,3,1,4,"because it combines color psychology, community engagement and strategies from education to promote waste reduction",reduce the amount of litter in public spaces and promote waste reduction and recycling,oracle,Undergraduate degree (BA / BSc / Other),more garbage collectors with striking colors,5420,11,2.8,3.1,6,0,0,0
1,1,1,1,"As the problem is a need to increase use of renewable energy, the one word response does not have any action attached to ""solar pannel"". If it said something about what to do with solar pannels, I feel like I could rate the response for originality.",reduce the amount of litter in public spaces and promote waste reduction and recycling,no_oracle,Graduate degree (MA / MSc / Other),more recycle bins,5347,11,2.4,2.8,3,0,0,0
5,1,2,1,Recycling has been there since and hence it is not original,reduce the amount of litter in public spaces and promote waste reduction and recycling,no_oracle,Graduate degree (MA / MSc / Other),more recycle bins,5347,11,2.4,2.8,3,0,0,0
3,1,1,2,Most solutions to such problem has always been to reduce the number/amount of trips per year or month.,reduce the amount of litter in public spaces and promote waste reduction and recycling,oracle,Undergraduate degree (BA / BSc / Other),more recycle bins,5347,11,2.4,2.8,3,0,0,0
3,1,3,1,Have not heard of the group mentioned so I'd anticipate this is at least somewhat original. It breaks from the typical response of a tangible application as well.,reduce the amount of litter in public spaces and promote waste reduction and recycling,no_oracle,Undergraduate degree (BA / BSc / Other),no littering signs,5691,11,1.5,2.1,3,0,0,0
1,3,1,1,the response id unique and valuable,reduce the amount of litter in public spaces and promote waste reduction and recycling,oracle,Doctorate degree (PhD / Other),no littering signs,5691,11,1.5,2.1,3,0,0,0
3,4,1,1,Tha'ts exactly the right thing to do .its also part of the measures put in place to avoid overflow,reduce the amount of litter in public spaces and promote waste reduction and recycling,no_oracle,Graduate degree (MA / MSc / Other),people must be taught about dangers of littering,5616,11,1.8,2.7,8,0,0,0
2,4,3,5,Educating people on negative effect of littering on the environment is one of the best method to promote waste reduction,reduce the amount of litter in public spaces and promote waste reduction and recycling,no_oracle,Undergraduate degree (BA / BSc / Other),people must be taught about dangers of littering,5616,11,1.8,2.7,8,0,0,0
1,1,1,1,"I rated this response very unoriginal because it does not pose a solution to the problem. Of course a polite society would not litter, but the reality is that littering is an issue and we need solutions to combat it. The response is not remotely insightful because it does not offer a solution.",reduce the amount of litter in public spaces and promote waste reduction and recycling,no_oracle,Undergraduate degree (BA / BSc / Other),polite society does not throw trash anywhere,5399,11,2.3,2.4,7,0,0,0
2,3,3,1,This is simple awareness but provides no further motivation or method to reduce litter.,reduce the amount of litter in public spaces and promote waste reduction and recycling,oracle,Undergraduate degree (BA / BSc / Other),posters,5666,11,1.4,1,1,0,0,0
5,2,2,2,Posters are to be used in addition to putting dustbins at vantage point for people to put their refuse in. therefore posters alone cannot be original.,reduce the amount of litter in public spaces and promote waste reduction and recycling,no_oracle,Undergraduate degree (BA / BSc / Other),posters,5666,11,1.4,1,1,0,0,0
2,2,1,4,Increase fee for air travel wont help in reducing the effect of air travel to the environment.  proper law should put in place to curb negative effect of air travel,reduce the amount of litter in public spaces and promote waste reduction and recycling,oracle,Graduate degree (MA / MSc / Other),posters,5666,11,1.4,1,1,0,0,0
1,1,1,2,"Basic answer to this problem, not clever, not exciting.",reduce the amount of litter in public spaces and promote waste reduction and recycling,oracle,Graduate degree (MA / MSc / Other),promote recycling,5594,11,1.5,2.4,2,0,0,0
4,4,4,1,"the response is moderately original, as a reward-based recycling schemes are a well-established approach to promote waste reduction and recycling",reduce the amount of litter in public spaces and promote waste reduction and recycling,no_oracle,Graduate degree (MA / MSc / Other),promoting no littering,5604,11,1.5,2.5,3,0,0,0
4,3,2,3,"Trash compactors are already used in places such as kitchens. However, kitchens are not public areas, so this concept is relatively neutral for originality.",reduce the amount of litter in public spaces and promote waste reduction and recycling,no_oracle,Undergraduate degree (BA / BSc / Other),public space bins with compacting capabilities: implement smart bins that have compacting capabilities to maximize the bin's capacity and reduce the frequency of emptying. this ensures bins are less likely to overflow and discourages littering.,5752,11,4,4.2,35,0,1,1
4,2,4,4,i am sure it ensures bins are less likely to overflow and discourage littering.,reduce the amount of litter in public spaces and promote waste reduction and recycling,no_oracle,Graduate degree (MA / MSc / Other),public space bins with compacting capabilities: implement smart bins that have compacting capabilities to maximize the bin's capacity and reduce the frequency of emptying. this ensures bins are less likely to overflow and discourages littering.,5752,11,4,4.2,35,0,1,1
4,2,1,2,its not new because this concept has been utilized and explored over the years with various alternative fuels,reduce the amount of litter in public spaces and promote waste reduction and recycling,no_oracle,Graduate degree (MA / MSc / Other),public space bins with compacting capabilities: implement smart bins that have compacting capabilities to maximize the bin's capacity and reduce the frequency of emptying. this ensures bins are less likely to overflow and discourages littering.,5752,11,4,4.2,35,0,1,1
1,1,1,1,"We already have that. They're called ""dumps"" or ""dump sites"" or ""landfills"" which anyone can use, the problem is being able to haul your trash. In my city, we have two collections that come around like twice a year. One collects brush and the second everything else. We need those collections done every other month alternating between the two.",reduce the amount of litter in public spaces and promote waste reduction and recycling,no_oracle,Graduate degree (MA / MSc / Other),public waste disposal locations,5556,11,2.1,2.9,4,0,0,0
3,2,2,4,I think that the idea of recycling incentives and games is an interesting idea and is very creative.,reduce the amount of litter in public spaces and promote waste reduction and recycling,oracle,Graduate degree (MA / MSc / Other),public waste disposal locations,5556,11,2.1,2.9,4,0,0,0
3,1,1,1,The idea is practical but it lacks any groundbreaking elements.,reduce the amount of litter in public spaces and promote waste reduction and recycling,no_oracle,Undergraduate degree (BA / BSc / Other),public waste disposal locations,5556,11,2.1,2.9,4,0,0,0
5,1,4,4,provision of this will reduce public littering.,reduce the amount of litter in public spaces and promote waste reduction and recycling,no_oracle,Undergraduate degree (BA / BSc / Other),public waste disposal locations,5556,11,2.1,2.9,4,0,0,0
2,1,1,2,Recycling bin is not the best way in cubbing litter in public places and promoting waste recycling,reduce the amount of litter in public spaces and promote waste reduction and recycling,oracle,Graduate degree (MA / MSc / Other),put more recycling bins,5767,11,1.5,2.6,4,0,0,0
5,4,2,4,Reward system is widely unseen but could be great for consistency.,reduce the amount of litter in public spaces and promote waste reduction and recycling,oracle,Undergraduate degree (BA / BSc / Other),rewards for responsible disposal and recycling,5483,11,2.9,3.1,6,0,0,0
3,4,3,4,The response just restates the problem.,reduce the amount of litter in public spaces and promote waste reduction and recycling,no_oracle,Undergraduate degree (BA / BSc / Other),rewards for responsible disposal and recycling,5483,11,2.9,3.1,6,0,0,0
1,2,1,2,"Solar panels have been around for several years, and are actively used by both organizations and home owners.",reduce the amount of litter in public spaces and promote waste reduction and recycling,oracle,Undergraduate degree (BA / BSc / Other),rewards for responsible disposal and recycling,5483,11,2.9,3.1,6,0,0,0
1,1,1,1,using signs to promote recycling and to reduce litter is an extremely common approach seen very often in public,reduce the amount of litter in public spaces and promote waste reduction and recycling,oracle,Graduate degree (MA / MSc / Other),signs,5712,11,1.5,1.3,1,1,0,0
1,1,1,1,using signs to promote recycling and to reduce litter is an extremely common approach seen very often in public,reduce the amount of litter in public spaces and promote waste reduction and recycling,oracle,Graduate degree (MA / MSc / Other),signs,5511,11,1.5,1.5,1,1,0,0
1,1,1,1,A sign won't change anything meaningfully - there are hundreds of signs people just ignore on a daily basis.,reduce the amount of litter in public spaces and promote waste reduction and recycling,oracle,Graduate degree (MA / MSc / Other),signs,5712,11,1.5,1.3,1,1,0,0
1,1,1,1,A sign won't change anything meaningfully - there are hundreds of signs people just ignore on a daily basis.,reduce the amount of litter in public spaces and promote waste reduction and recycling,oracle,Graduate degree (MA / MSc / Other),signs,5511,11,1.5,1.5,1,1,0,0
1,1,1,2,"Signs are a go to response for everything, so it does not feel clever to me. Also does not say what signs are for.",reduce the amount of litter in public spaces and promote waste reduction and recycling,no_oracle,Undergraduate degree (BA / BSc / Other),signs,5712,11,1.5,1.3,1,1,0,0
1,1,1,2,"Signs are a go to response for everything, so it does not feel clever to me. Also does not say what signs are for.",reduce the amount of litter in public spaces and promote waste reduction and recycling,no_oracle,Undergraduate degree (BA / BSc / Other),signs,5511,11,1.5,1.5,1,1,0,0
2,2,1,1,"Using signs as a solution to reduce litter is not particularly original. it is a common, well-established approach that has been used for a long time, lacking innovation or a new twist on the concept.",reduce the amount of litter in public spaces and promote waste reduction and recycling,no_oracle,Undergraduate degree (BA / BSc / Other),signs,5712,11,1.5,1.3,1,1,0,0
2,2,1,1,"Using signs as a solution to reduce litter is not particularly original. it is a common, well-established approach that has been used for a long time, lacking innovation or a new twist on the concept.",reduce the amount of litter in public spaces and promote waste reduction and recycling,no_oracle,Undergraduate degree (BA / BSc / Other),signs,5511,11,1.5,1.5,1,1,0,0
1,1,5,1,There are already signs everywhere and it doesn't help much. This is a common solution. Even non Stem people can come up with this idea.,reduce the amount of litter in public spaces and promote waste reduction and recycling,no_oracle,Undergraduate degree (BA / BSc / Other),signs,5712,11,1.5,1.3,1,1,0,0
1,1,5,1,There are already signs everywhere and it doesn't help much. This is a common solution. Even non Stem people can come up with this idea.,reduce the amount of litter in public spaces and promote waste reduction and recycling,no_oracle,Undergraduate degree (BA / BSc / Other),signs,5511,11,1.5,1.5,1,1,0,0
3,2,2,2,"Signs about littering and it effect can help reduce public waste. however, signs alone cannot achieve the set goal.",reduce the amount of litter in public spaces and promote waste reduction and recycling,no_oracle,Undergraduate degree (BA / BSc / Other),signs,5712,11,1.5,1.3,1,1,0,0
3,2,2,2,"Signs about littering and it effect can help reduce public waste. however, signs alone cannot achieve the set goal.",reduce the amount of litter in public spaces and promote waste reduction and recycling,no_oracle,Undergraduate degree (BA / BSc / Other),signs,5511,11,1.5,1.5,1,1,0,0
2,2,1,2,"Using signs to reduce littering or promote recycling is a common solution. While it's a simple approach, it's not unique or creative.",reduce the amount of litter in public spaces and promote waste reduction and recycling,oracle,Graduate degree (MA / MSc / Other),signs,5712,11,1.5,1.3,1,1,0,0
2,2,1,2,"Using signs to reduce littering or promote recycling is a common solution. While it's a simple approach, it's not unique or creative.",reduce the amount of litter in public spaces and promote waste reduction and recycling,oracle,Graduate degree (MA / MSc / Other),signs,5511,11,1.5,1.5,1,1,0,0
1,1,2,1,"Signs are a very standard and commonly used solution to remind people not to litter or to recycle. This idea is very common, and it doesn’t introduce anything new or inventive to the problem.",reduce the amount of litter in public spaces and promote waste reduction and recycling,oracle,Graduate degree (MA / MSc / Other),signs,5712,11,1.5,1.3,1,1,0,0
1,1,2,1,"Signs are a very standard and commonly used solution to remind people not to litter or to recycle. This idea is very common, and it doesn’t introduce anything new or inventive to the problem.",reduce the amount of litter in public spaces and promote waste reduction and recycling,oracle,Graduate degree (MA / MSc / Other),signs,5511,11,1.5,1.5,1,1,0,0
5,5,3,5,it would work if someone also empty bins when full,reduce the amount of litter in public spaces and promote waste reduction and recycling,no_oracle,Technical / community college,smart bins that contain sensors which can detect when that bin is full,5561,11,3.4,2.8,13,0,0,0
4,4,4,4,"If the goal is to reduce litter, having a sensor detect when a bin needs to be changed is a smart way to go about it. It does rely on someone changing it promptly though.",reduce the amount of litter in public spaces and promote waste reduction and recycling,no_oracle,Undergraduate degree (BA / BSc / Other),smart bins that contain sensors which can detect when that bin is full,5561,11,3.4,2.8,13,0,0,0
3,4,4,4,Respondent did not offer a solution to the problem.,reduce the amount of litter in public spaces and promote waste reduction and recycling,oracle,Undergraduate degree (BA / BSc / Other),smart bins that contain sensors which can detect when that bin is full,5561,11,3.4,2.8,13,0,0,0
5,4,4,4,"Something like smart trashcans may be difficult to implement and maintain, but it is an original idea. If it would work, it would definitely help with recycling issues.",reduce the amount of litter in public spaces and promote waste reduction and recycling,no_oracle,Graduate degree (MA / MSc / Other),smart trashcans that sort out different kind of litter and grind them,5576,11,3.8,3,12,0,0,0
5,5,2,4,This is a very original idea.  Most people that i know that do not recycle is because they see the requirements for what can and cannot be recycled confusing.  Having it done for them would make it a lot more efficient and useful.,reduce the amount of litter in public spaces and promote waste reduction and recycling,oracle,Graduate degree (MA / MSc / Other),smart trashcans that sort out different kind of litter and grind them,5576,11,3.8,3,12,0,0,0
5,4,5,5,"The solution is clever. To talk to the schools to bring handling waste products to reduce litters in public spaces.
The solution is uncommon",reduce the amount of litter in public spaces and promote waste reduction and recycling,no_oracle,Undergraduate degree (BA / BSc / Other),talk the schools to bring about handling waste products.,5792,11,2.8,2.9,9,0,0,0
5,5,4,5,I think its a great idea and is very unique! No one has anything like this that i know of and it would reduce the traffic and uncleanliness of trashcans.,reduce the amount of litter in public spaces and promote waste reduction and recycling,no_oracle,Undergraduate degree (BA / BSc / Other),the streets should be equiped with airducts that suck rubbish are depposited into some place to be collected,5468,11,3.5,3.3,18,0,0,0
3,4,4,3,It is a nice thought but what are the chances of me recovering a valuable object that I dropped by mistake,reduce the amount of litter in public spaces and promote waste reduction and recycling,oracle,Undergraduate degree (BA / BSc / Other),the streets should be equiped with airducts that suck rubbish are depposited into some place to be collected,5468,11,3.5,3.3,18,0,0,0
3,1,1,1,This is already what is happening because people often reuse glass bottles.,reduce the amount of litter in public spaces and promote waste reduction and recycling,no_oracle,Graduate degree (MA / MSc / Other),using more glass than plastic,5407,11,2.5,2.6,5,0,0,0
1,1,1,1,"This is a well-known, well-treaded solution to this problem.",reduce the amount of litter in public spaces and promote waste reduction and recycling,oracle,Undergraduate degree (BA / BSc / Other),using more glass than plastic,5407,11,2.5,2.6,5,0,0,0
3,2,2,2,"When looking for a replacement for plastic, a lot of  people would say use glass instead. Also glass can become litter like plastic can.",reduce the amount of litter in public spaces and promote waste reduction and recycling,no_oracle,Undergraduate degree (BA / BSc / Other),using more glass than plastic,5407,11,2.5,2.6,5,0,0,0
1,3,4,3,The use of glass would essentially cause more pollution as it literally does not degrade,reduce the amount of litter in public spaces and promote waste reduction and recycling,no_oracle,Undergraduate degree (BA / BSc / Other),using more glass than plastic,5407,11,2.5,2.6,5,0,0,0
2,2,2,2,THis is an idea that is stating to take home where communites would contibute on a neighborhood basis with solar energy.,reduce the amount of litter in public spaces and promote waste reduction and recycling,no_oracle,Undergraduate degree (BA / BSc / Other),using more glass than plastic,5407,11,2.5,2.6,5,0,0,0
4,3,4,2,"Plastics are more easier to use and recycle, educating people more on recycling is the best option",reduce the amount of litter in public spaces and promote waste reduction and recycling,no_oracle,Undergraduate degree (BA / BSc / Other),using more glass than plastic,5407,11,2.5,2.6,5,0,0,0
4,2,2,2,one of the more popular solutions/methods to reduce negative environmental impact,reduce the environmental impact of air travel,no_oracle,Undergraduate degree (BA / BSc / Other),a biofuel suitable for air travel could be made,7228,14,3.6,3.2,9,0,0,0
3,3,2,2,"The concept of creative suitable for air travel is a known solution to reduce the environmental impact of aviation. While it is practical and feasible, it is not particularly original, as biofuels have been explored in the context of aviation for some time.",reduce the environmental impact of air travel,oracle,Undergraduate degree (BA / BSc / Other),a biofuel suitable for air travel could be made,7228,14,3.6,3.2,9,0,0,0
2,4,3,4,"Bringing a more specific response to the table elevates this response to a higher level of originality rather than just offering ""alternative fuel methods."" Trying to add the use of technology by suggesting the creation of a biofuel through some new method of refinery also increases its originality.",reduce the environmental impact of air travel,oracle,Undergraduate degree (BA / BSc / Other),a biofuel suitable for air travel could be made,7228,14,3.6,3.2,9,0,0,0
4,5,5,5,I definitely think this is an original idea because it's very creative and positive.,reduce the environmental impact of air travel,no_oracle,Graduate degree (MA / MSc / Other),air travel can instead use high atmosphere zepplin style floatation to carry the craft without burning fuel in the air and using solar to power props instead,7149,14,4.5,4,27,0,0,0
4,2,2,3,"not popular now, but popular solution being actively looked into",reduce the environmental impact of air travel,no_oracle,Undergraduate degree (BA / BSc / Other),"air travel can switch to hydrogen thrusters instead of jet fuel thrusters, decreasing the waste and environmental impaces",7148,14,3.8,4,18,0,0,0
4,4,4,4,"Hydrogen propulsion for air travel is known concept, its application remains innovative due to its unlimited use and technological challenges associated with implementation.",reduce the environmental impact of air travel,oracle,Undergraduate degree (BA / BSc / Other),"air travel can switch to hydrogen thrusters instead of jet fuel thrusters, decreasing the waste and environmental impaces",7148,14,3.8,4,18,0,0,0
4,5,3,4,"This has been implimented in a way, but a revised rewards system would be interesting.",reduce the environmental impact of air travel,no_oracle,Undergraduate degree (BA / BSc / Other),"air travel can switch to hydrogen thrusters instead of jet fuel thrusters, decreasing the waste and environmental impaces",7148,14,3.8,4,18,0,0,0
3,4,3,4,"I think it is an idea that has been brought up before in the past
but deemed unfair constitutionally.",reduce the environmental impact of air travel,oracle,Undergraduate degree (BA / BSc / Other),allow only a certain amount of trips per year or month - therwhise fines,6871,14,2.8,2.8,14,0,0,0
4,1,3,1,This idea is quite easy to come up with and is already been offered as a solution to reduce the environmental impact of air travel.,reduce the environmental impact of air travel,no_oracle,Graduate degree (MA / MSc / Other),allow only a certain amount of trips per year or month - therwhise fines,6871,14,2.8,2.8,14,0,0,0
1,1,1,2,This isn't an original idea and it fairly bland. This is a go to for obvious emission cutbacks but it is not a true fix,reduce the environmental impact of air travel,no_oracle,Undergraduate degree (BA / BSc / Other),allow only a certain amount of trips per year or month - therwhise fines,6871,14,2.8,2.8,14,0,0,0
1,3,1,3,Air travel is fast but not affordable in most countries.,reduce the environmental impact of air travel,no_oracle,Undergraduate degree (BA / BSc / Other),allow only a certain amount of trips per year or month - therwhise fines,6871,14,2.8,2.8,14,0,0,0
3,2,2,2,"The idea of using alternatives fuels is somewhat common in discussions about reducing the environmental impact of air travel. While it is relevant, it lacks novelty as it is already widely studied and implemented in dome forms.",reduce the environmental impact of air travel,oracle,Undergraduate degree (BA / BSc / Other),alternative fuels,6974,14,2.4,2.8,2,1,0,0
3,2,2,2,"The idea of using alternatives fuels is somewhat common in discussions about reducing the environmental impact of air travel. While it is relevant, it lacks novelty as it is already widely studied and implemented in dome forms.",reduce the environmental impact of air travel,oracle,Undergraduate degree (BA / BSc / Other),alternative fuels,7020,14,1.9,2.6,2,0,0,0
5,4,4,2,"I rated an original as I’ve never heard an aircraft, using magnetic power to lift itself in the air and make it lighter. I thought this was very clever and unoriginal.",reduce the environmental impact of air travel,oracle,Graduate degree (MA / MSc / Other),alternative fuels,6974,14,2.4,2.8,2,1,0,0
5,4,4,2,"I rated an original as I’ve never heard an aircraft, using magnetic power to lift itself in the air and make it lighter. I thought this was very clever and unoriginal.",reduce the environmental impact of air travel,oracle,Graduate degree (MA / MSc / Other),alternative fuels,7020,14,1.9,2.6,2,0,0,0
2,2,2,2,The use of alternative fuels is well known.,reduce the environmental impact of air travel,oracle,Undergraduate degree (BA / BSc / Other),alternative fuels,6974,14,2.4,2.8,2,1,0,0
2,2,2,2,The use of alternative fuels is well known.,reduce the environmental impact of air travel,oracle,Undergraduate degree (BA / BSc / Other),alternative fuels,7020,14,1.9,2.6,2,0,0,0
3,3,4,3,"I rated this response as neutral because I'm aware of planes using biofuels that are not fossil fuel derived. However, I'm not sure how common this is, or whether it's making much of a positive impact on the environment. It's not particularly original because it's already in use, but it seems somewhat remote because I don't believe an efficient, low-cost, environmentally friendly fuel is near being widely adopted.",reduce the environmental impact of air travel,no_oracle,Undergraduate degree (BA / BSc / Other),alternative fuels,6974,14,2.4,2.8,2,1,0,0
3,3,4,3,"I rated this response as neutral because I'm aware of planes using biofuels that are not fossil fuel derived. However, I'm not sure how common this is, or whether it's making much of a positive impact on the environment. It's not particularly original because it's already in use, but it seems somewhat remote because I don't believe an efficient, low-cost, environmentally friendly fuel is near being widely adopted.",reduce the environmental impact of air travel,no_oracle,Undergraduate degree (BA / BSc / Other),alternative fuels,7020,14,1.9,2.6,2,0,0,0
5,2,1,1,its part of renewable energy mix .biofuels help to reduce green house emission as well,reduce the environmental impact of air travel,no_oracle,Graduate degree (MA / MSc / Other),alternative fuels,6974,14,2.4,2.8,2,1,0,0
5,2,1,1,its part of renewable energy mix .biofuels help to reduce green house emission as well,reduce the environmental impact of air travel,no_oracle,Graduate degree (MA / MSc / Other),alternative fuels,7020,14,1.9,2.6,2,0,0,0
3,4,4,4,Designing aircraft to use alternative fuels such a natural gases will reduce carbon footprint.,reduce the environmental impact of air travel,no_oracle,Undergraduate degree (BA / BSc / Other),alternative fuels,6974,14,2.4,2.8,2,1,0,0
3,4,4,4,Designing aircraft to use alternative fuels such a natural gases will reduce carbon footprint.,reduce the environmental impact of air travel,no_oracle,Undergraduate degree (BA / BSc / Other),alternative fuels,7020,14,1.9,2.6,2,0,0,0
1,1,2,1,Alternative ways of traveling is already a thing. You can travel by bus and trains instead of flying.,reduce the environmental impact of air travel,no_oracle,Undergraduate degree (BA / BSc / Other),alternative ways of traveling,7242,14,2.5,2.8,4,0,0,0
2,2,2,2,Does not solve the problem and it not wrotten in correct english.,reduce the environmental impact of air travel,no_oracle,Undergraduate degree (BA / BSc / Other),alternative ways of traveling,7242,14,2.5,2.8,4,0,0,0
5,4,3,3,Other alternative ways of travel also has their own negative effect on the environment,reduce the environmental impact of air travel,no_oracle,Undergraduate degree (BA / BSc / Other),alternative ways of traveling,7242,14,2.5,2.8,4,0,0,0
4,2,1,1,"it's not something ,has been explored over the years",reduce the environmental impact of air travel,no_oracle,Graduate degree (MA / MSc / Other),biofuel,7337,14,1.8,2.5,1,0,0,0
4,4,4,4,this is innovative for controlling emissions,reduce the environmental impact of air travel,no_oracle,Undergraduate degree (BA / BSc / Other),carbon cleaner to remove harmful emissions from engines,7188,14,3.6,2.4,8,0,0,0
3,3,2,2,I think carbon cleaners can reduce the efficiency of engines,reduce the environmental impact of air travel,no_oracle,Undergraduate degree (BA / BSc / Other),carbon cleaner to remove harmful emissions from engines,7188,14,3.6,2.4,8,0,0,0
5,1,5,5,The question is short that shows its originality. The question asked and answer provided are clever.,reduce the environmental impact of air travel,no_oracle,Undergraduate degree (BA / BSc / Other),carbon cleaner to remove harmful emissions from engines,7188,14,3.6,2.4,8,0,0,0
5,4,4,4,Increasing the fees for air travel is not a solution to the problem being presented.  People who can not afford air travel already do not travel by air.  I won't go into the carbon emission debate that it's the rich not the poor that are to be blamed for environmental issues.  More expensive plane tickets do not stop private air crafts from taking frivolous trips.,reduce the environmental impact of air travel,oracle,Undergraduate degree (BA / BSc / Other),carbon cleaner to remove harmful emissions from engines,7188,14,3.6,2.4,8,0,0,0
4,4,4,4,"long-range electric train powered by green energy/nuclear would be an innovative  use of existing technologies. although high speed rail exists, focus on green energy/nuclear gives a creative twist",reduce the environmental impact of air travel,oracle,Graduate degree (MA / MSc / Other),country-cross long range (electric) train system (electric from green energy soruce or nuclear with modern design),7073,14,3.7,4.4,16,0,0,0
5,1,4,5,N\A,reduce the environmental impact of air travel,no_oracle,Undergraduate degree (BA / BSc / Other),country-cross long range (electric) train system (electric from green energy soruce or nuclear with modern design),7073,14,3.7,4.4,16,0,0,0
4,2,2,2,Though reduction of the environmental impact of air travel is important or the goal but its not a new idea,reduce the environmental impact of air travel,no_oracle,Graduate degree (MA / MSc / Other),develop more environment friendly engines and petrol,7025,14,2.5,3.4,7,0,0,0
1,1,1,1,It's been thought of before.,reduce the environmental impact of air travel,oracle,Graduate degree (MA / MSc / Other),do more direct flights,6914,14,2.5,2.6,4,0,0,0
1,1,1,2,I selected one because this solution seems very basic.  It would seem that reducing noise would be near the top of the list of easiest ways reduce environmental impact of planes,reduce the environmental impact of air travel,oracle,Undergraduate degree (BA / BSc / Other),do more direct flights,6914,14,2.5,2.6,4,0,0,0
1,1,1,2,It's not original. People have thought of it.,reduce the environmental impact of air travel,oracle,Graduate degree (MA / MSc / Other),don't start planes which aren't filled to their maximum capacity,7026,14,3.3,2.8,10,0,0,0
4,4,2,3,This is practical but it is always discussed and thus not so original.,reduce the environmental impact of air travel,no_oracle,Graduate degree (MA / MSc / Other),don't start planes which aren't filled to their maximum capacity,7026,14,3.3,2.8,10,0,0,0
3,3,3,3,N/A Unrelated response,reduce the environmental impact of air travel,oracle,Undergraduate degree (BA / BSc / Other),don't start planes which aren't filled to their maximum capacity,7026,14,3.3,2.8,10,0,0,0
1,2,1,3,"I'm making the assumption that ""more education"" means ""more education about why recycling is important"". Recycling education is a common practice amongst green organizations.",reduce the environmental impact of air travel,oracle,Undergraduate degree (BA / BSc / Other),don't start planes which aren't filled to their maximum capacity,7026,14,3.3,2.8,10,0,0,0
3,1,1,1,eco friendly fuel is probably the most popular & looked into option as it's the most feasible & possible right now. it's also commonly known as the most popular choice right now,reduce the environmental impact of air travel,no_oracle,Undergraduate degree (BA / BSc / Other),eco fuels,7141,14,2.1,2.9,2,0,0,0
1,1,1,3,I believe alternative fuels are being used by some and have been around for some time.,reduce the environmental impact of air travel,no_oracle,Graduate degree (MA / MSc / Other),eco fuels,7141,14,2.1,2.9,2,0,0,0
1,1,3,1,This is super common and already a wide industry.,reduce the environmental impact of air travel,oracle,Undergraduate degree (BA / BSc / Other),eco fuels,7141,14,2.1,2.9,2,0,0,0
1,1,1,1,It's been thought of many times before.,reduce the environmental impact of air travel,oracle,Graduate degree (MA / MSc / Other),electric planes for short flights?,6990,14,2.9,2.3,5,0,0,0
2,4,3,4,The idea is somewhat original but also something that is unpractical as of now. Electric planes would be too heavy and require too much power.,reduce the environmental impact of air travel,no_oracle,Graduate degree (MA / MSc / Other),electric planes for short flights?,6990,14,2.9,2.3,5,0,0,0
2,2,2,2,"Using electric airplanes for short distances is normal since nowadays, there's a trend to move towards electric vehicles. The thing is that electric flight has been done for decades now, and is also a common topic regarding transportation.",reduce the environmental impact of air travel,no_oracle,Undergraduate degree (BA / BSc / Other),electric planes for short flights?,6990,14,2.9,2.3,5,0,0,0
3,5,5,4,Batteries can be used which will be charged at charging stations. Electric plane will be able to fly for short distance.,reduce the environmental impact of air travel,no_oracle,Undergraduate degree (BA / BSc / Other),electric planes for short flights?,6990,14,2.9,2.3,5,0,0,0
2,2,2,1,This is basic and obvious answer.,reduce the environmental impact of air travel,oracle,Undergraduate degree (BA / BSc / Other),enhance air traffic management,7128,14,2.4,2.7,4,0,0,0
4,4,2,4,I assume this means making it so planes do not have to stay in the air while waiting for another plane to land thus reducing the fuel used.,reduce the environmental impact of air travel,no_oracle,Undergraduate degree (BA / BSc / Other),enhance air traffic management,7128,14,2.4,2.7,4,0,0,0
1,3,2,1,"I rated the response as very unoriginal because it is unclear exactly how ""enhancing air traffic management"" would reduce the environmental impact of air travel. What does enhancing air traffic management entail? A reduction of air travel? The suggestion is so general that it's not really helpful.",reduce the environmental impact of air travel,no_oracle,Undergraduate degree (BA / BSc / Other),enhance air traffic management,7128,14,2.4,2.7,4,0,0,0
1,4,4,2,This idea is sort of simple in it solves a problem in an obvious way.,reduce the environmental impact of air travel,oracle,Undergraduate degree (BA / BSc / Other),forbid plane travel under 300km,7130,14,2.8,2.2,5,0,0,0
3,3,3,3,don't see how that would help,reduce the environmental impact of air travel,no_oracle,Technical / community college,forbid plane travel under 300km,7130,14,2.8,2.2,5,0,0,0
2,3,1,2,"Placing a ban on short trips isn't practical for most people, since a lot of people travel short distances daily. This would negatively affect most people, since quite a few activities aren't long distance (buying groceries, visiting friends, etc.).",reduce the environmental impact of air travel,no_oracle,Undergraduate degree (BA / BSc / Other),forbid short trips,6870,14,2.5,2.1,3,0,0,0
4,4,4,4,"actually is original bc of how quickly people would be to dismiss this. but with the advancements in ground transport that's cheaper, quicker, and cleaner (boring company), this would actually be the most impactful & immediate solution. there will be pushback, but then again, we fought for no taxes back in the day & now they take up to half of our money. so this would be an easy push",reduce the environmental impact of air travel,no_oracle,Undergraduate degree (BA / BSc / Other),forbid short trips,6870,14,2.5,2.1,3,0,0,0
1,1,1,1,"This works out in a mathematical sense. However, in a functioning society sense, people tend to make changes work for them and in reality, will end up taking longer trips that create more environmental impact to get the outcome the shorter trip would have provided.",reduce the environmental impact of air travel,no_oracle,Graduate degree (MA / MSc / Other),forbid short trips,6870,14,2.5,2.1,3,0,0,0
4,4,3,3,This is a smart idea and can apply to everybody. It isn't the first thing id jump too and it is a simple acting making it achievable.,reduce the environmental impact of air travel,no_oracle,Undergraduate degree (BA / BSc / Other),forbid short trips,6870,14,2.5,2.1,3,0,0,0
3,2,4,3,Build more efficient plane will improve air travel.,reduce the environmental impact of air travel,oracle,Undergraduate degree (BA / BSc / Other),forbid short trips,6870,14,2.5,2.1,3,0,0,0
4,3,3,4,"The solution offered provided a reasonable and regulatory way air travel, and thus environmental impact, could be reduced. Limiting air travel itself is often less thought off than alternative fuel sources as solutions.",reduce the environmental impact of air travel,oracle,Undergraduate degree (BA / BSc / Other),forbid short trips,6870,14,2.5,2.1,3,0,0,0
2,2,2,2,"The idea for cramming more people into an aircraft has been floated by many airlines. Two levels has been done on larger aircraft, not so much though on smaller aircraft.",reduce the environmental impact of air travel,no_oracle,Graduate degree (MA / MSc / Other),have two levels for people seatting,7000,14,2.4,2.8,6,0,0,0
1,1,1,1,This response touched on something new and was obvious that thought was put into finding a new solution to a problem.  I would like to hear the smart bin idea expanded on and how it would alert sanitation to empty it.  I would have preferred an explanation as to why the respondent believed the smart bin would help.,reduce the environmental impact of air travel,oracle,Undergraduate degree (BA / BSc / Other),hybrid planes?,6989,14,2.8,1.9,2,0,0,0
5,5,5,3,This idea is creative and niche. Utilizes art and functional.,reduce the environmental impact of air travel,oracle,Graduate degree (MA / MSc / Other),hydrogen fuel cell powered plane,6919,14,3.2,3,5,0,0,0
4,4,3,5,Hydrogen is more fuel efficient but very dangerous to use in air travel.,reduce the environmental impact of air travel,oracle,Undergraduate degree (BA / BSc / Other),hydrogen fuel cell powered plane,6919,14,3.2,3,5,0,0,0
5,4,5,4,I think that this idea is original and not very common and is a few years away from becoming reality. In the present day I do not think it is possible to achieve,reduce the environmental impact of air travel,no_oracle,Graduate degree (MA / MSc / Other),hydrogen fuel cell powered plane,6919,14,3.2,3,5,0,0,0
3,3,3,3,I dont know if it would be safe to put this much hydrogen into the air perhaps if we learned to use just the air to propel us somehow,reduce the environmental impact of air travel,no_oracle,Undergraduate degree (BA / BSc / Other),hydrogen fuel cell powered plane,6919,14,3.2,3,5,0,0,0
1,2,1,1,"Increasing fees for air travel is already a thing. When you choose to travel with a non stop flight, they cost more than ones with stops.",reduce the environmental impact of air travel,no_oracle,Undergraduate degree (BA / BSc / Other),increase fees for air travel,7287,14,3,2.7,5,0,0,0
1,4,4,2,not sure what biofuel really is to say. but like biofuel in aircraft? seems far fetched,reduce the environmental impact of air travel,no_oracle,Technical / community college,increase fees for air travel,7287,14,3,2.7,5,0,0,0
3,2,2,2,"This is very original, as it leans upon Psychology principles to create a new solution. When people can generate incentive for some form of motivation, they are more likely to do something, even if it takes time.",reduce the environmental impact of air travel,no_oracle,Undergraduate degree (BA / BSc / Other),increase fees for air travel,7287,14,3,2.7,5,0,0,0
2,2,3,1,This is very original and  necessary,reduce the environmental impact of air travel,oracle,Graduate degree (MA / MSc / Other),increase fees for air travel,7287,14,3,2.7,5,0,0,0
4,4,3,3,"While not a completely original idea, the notion of raising prices in general for a commodity is generally viewed negatively, so offering a solution that suggests a price increase for the better of something is, indeed, somewhat original.",reduce the environmental impact of air travel,oracle,Undergraduate degree (BA / BSc / Other),increase fees for air travel,7287,14,3,2.7,5,0,0,0
1,1,1,1,"The response was just listed as ""Hybrid planes?"" It doesn't seem like much thought was given into the answer nor was it fleshed.",reduce the environmental impact of air travel,oracle,Undergraduate degree (BA / BSc / Other),increase fees for air travel,7287,14,3,2.7,5,0,0,0
4,3,4,3,This is already happening in the auto industry. It is helping some but not fast enough.,reduce the environmental impact of air travel,no_oracle,Undergraduate degree (BA / BSc / Other),increase vehicle poution restrictions,7174,14,2.3,2.6,4,0,0,0
4,1,2,1,for the longest time ever laws governing the protection and conservation of the environment with regards to vehicular pollution have been there and are still as effective,reduce the environmental impact of air travel,oracle,Undergraduate degree (BA / BSc / Other),increase vehicle poution restrictions,7174,14,2.3,2.6,4,0,0,0
1,1,1,1,"I believe that this response is not only not original, but is grossly misaligned with the problem at hand. The invention of a more environmentally friendly fuel, or a new type of plane would be by far a better solution.

I would also like to add many countries already have restrictions on pollution, yet we see pollution levels rising constantly in the world.",reduce the environmental impact of air travel,no_oracle,Graduate degree (MA / MSc / Other),increase vehicle poution restrictions,7174,14,2.3,2.6,4,0,0,0
5,5,5,5,"I think it's a great idea and original because it utilizes the sun, a resource that is always renewable.",reduce the environmental impact of air travel,no_oracle,Undergraduate degree (BA / BSc / Other),integrate solar technology into planes to harvest electricity during and not during flight,7048,14,3.6,3.3,13,0,0,0
5,1,4,5,it will reduce carbon emission.,reduce the environmental impact of air travel,no_oracle,Undergraduate degree (BA / BSc / Other),integrate solar technology into planes to harvest electricity during and not during flight,7048,14,3.6,3.3,13,0,0,0
2,4,4,2,i don't see this to be feasible enough as the material of construction comes to play. Can the materials of the solar panels handle the high pressures in the skies?,reduce the environmental impact of air travel,oracle,Undergraduate degree (BA / BSc / Other),integrate solar technology into planes to harvest electricity during and not during flight,7048,14,3.6,3.3,13,0,0,0
5,2,5,5,Making more searching by aerospace engineers to build more efficient air plane,reduce the environmental impact of air travel,oracle,Undergraduate degree (BA / BSc / Other),"invest more on public infrastructure, like trains and bus",7060,14,2.8,3.4,9,0,0,0
1,1,2,1,"Using durable light weight material to make planes has been a goal
of airplane industry since the first airplane went into the sky.",reduce the environmental impact of air travel,oracle,Undergraduate degree (BA / BSc / Other),lighter plane mateirals,7208,14,2.6,2.8,3,0,0,0
5,5,4,1,I have never heard anything like this in my life. I’ve never heard anything about air Aircraft and magnetic powers? To me this is something very new.,reduce the environmental impact of air travel,oracle,Graduate degree (MA / MSc / Other),lighter plane mateirals,7208,14,2.6,2.8,3,0,0,0
2,1,2,2,The use of lighter materials to reduce the weight and fuel consumption of aircraft is a well-established concept in aerospace engineering.,reduce the environmental impact of air travel,no_oracle,Graduate degree (MA / MSc / Other),lighter plane mateirals,7208,14,2.6,2.8,3,0,0,0
1,1,1,1,"There is no solution being provided. It is well known that reducing our carbon footprint is ideal and ultimately the goal, it's the how do we reduce our carbon footprint that's the issue. Additionally, we need to look at NO carbon vs low carbon right now.",reduce the environmental impact of air travel,no_oracle,Graduate degree (MA / MSc / Other),low-carbon,7016,14,1.9,2,1,0,0,0
1,1,1,1,This is already being done by many airlines.,reduce the environmental impact of air travel,oracle,Graduate degree (MA / MSc / Other),low-carbon,7016,14,1.9,2,1,0,0,0
1,1,1,1,This is already being pushed most places to reduce plastic use.,reduce the environmental impact of air travel,no_oracle,Undergraduate degree (BA / BSc / Other),make more efficiente engines,7380,14,2.4,3.1,4,0,0,0
2,2,2,2,this idea is quite good but it is very common as this is an idea that has been floating around for a while and is being considered by many airlines for implementation,reduce the environmental impact of air travel,no_oracle,Graduate degree (MA / MSc / Other),make planes more fuel efficient,6901,14,2.5,2.9,5,0,0,0
3,1,2,2,The discussion of fuel efficiency is the most basic argument at the heart of reducing the environmental impact of air travel. The solution is bland and generic with no substance.,reduce the environmental impact of air travel,oracle,Undergraduate degree (BA / BSc / Other),make planes more fuel efficient,6901,14,2.5,2.9,5,0,0,0
5,5,4,5,Another outside the box idea to think differently on solving a problem.  I like it alot.,reduce the environmental impact of air travel,oracle,Graduate degree (MA / MSc / Other),modular aircraft to shrink/grow based on demand for flights,6965,14,3.5,3.3,9,0,0,0
4,3,4,3,"This response seems to be a bit outside of the box, though I believe this approach has been taken before by aircraft designers and engineers.",reduce the environmental impact of air travel,no_oracle,Undergraduate degree (BA / BSc / Other),modular aircraft to shrink/grow based on demand for flights,6965,14,3.5,3.3,9,0,0,0
1,1,1,2,"While half is correct, it's not original. The other part about aerodynamics isn't a solution to the problem because air travel period is one of the main cause to climate change. The shape of a plane won't help.",reduce the environmental impact of air travel,no_oracle,Graduate degree (MA / MSc / Other),more aerodynamic and streamlined planes for less drag and higher fuel efficiency,7229,14,3.5,3.7,12,0,0,0
2,1,1,1,"This has been a key continual priority for those working in aviation for many years. Each new plane developed is expected to be more aerodynamic than the last, so proposing this as a solution is very unoriginal.",reduce the environmental impact of air travel,no_oracle,Undergraduate degree (BA / BSc / Other),more aerodynamic and streamlined planes for less drag and higher fuel efficiency,7229,14,3.5,3.7,12,0,0,0
5,1,5,5,Improving efficient of other means of transportation.,reduce the environmental impact of air travel,oracle,Undergraduate degree (BA / BSc / Other),more aerodynamic and streamlined planes for less drag and higher fuel efficiency,7229,14,3.5,3.7,12,0,0,0
1,3,1,1,More people means more weight meaning that the plane is emitting even more carbon to transport more people and things safely; this does not fully address the problem.,reduce the environmental impact of air travel,oracle,Undergraduate degree (BA / BSc / Other),more seats in planes to maximize efficiency,7193,14,2.7,3.1,7,0,0,0
2,3,3,2,"i think in early days of flying , you could buy standing 'seats' for flights. so cheaper for the people, more money for the companies. was eventually discontinued",reduce the environmental impact of air travel,no_oracle,Undergraduate degree (BA / BSc / Other),more seats in planes to maximize efficiency,7193,14,2.7,3.1,7,0,0,0
3,2,2,2,The idea is very clever and I have heard of it in my career as adding more seats to flights reduces the amount of flights that are bound to happen thereby reducing emissions and helping the environment. This is an idea that has already been founded and implemented,reduce the environmental impact of air travel,no_oracle,Graduate degree (MA / MSc / Other),more seats in planes to maximize efficiency,7193,14,2.7,3.1,7,0,0,0
2,3,1,2,"The concept of adding more seats to planes for greater efficiency is a well-known practice in the airline industry. while it can contribute to reducing per-passenger emissions, it isn't particularly innovative or new",reduce the environmental impact of air travel,no_oracle,Undergraduate degree (BA / BSc / Other),more seats in planes to maximize efficiency,7193,14,2.7,3.1,7,0,0,0
2,4,4,2,Encourage the train or electric buses transportations can help.,reduce the environmental impact of air travel,oracle,Undergraduate degree (BA / BSc / Other),more seats in planes to maximize efficiency,7193,14,2.7,3.1,7,0,0,0
1,2,1,1,"While the idea would work to solve the problem, it is not original. It is well known that if less people fly, less flights would inevitably happen.",reduce the environmental impact of air travel,no_oracle,Graduate degree (MA / MSc / Other),more telecommuting,7080,14,2.2,1.7,2,0,0,0
4,4,3,4,"Suggesting more telecommuting as a solution to reduce the environmental impact of air travel is an original approach. It moves away from technical adjustments to the aviation industry and looks at behavioral changes in work practices, which is less commonly proposed.",reduce the environmental impact of air travel,no_oracle,Undergraduate degree (BA / BSc / Other),more telecommuting,7080,14,2.2,1.7,2,0,0,0
1,1,1,1,"Too vague of a responses, of course new technologies will reduce the impact of air travel. Need more information about what technologies exactly.",reduce the environmental impact of air travel,oracle,Graduate degree (MA / MSc / Other),new technologies,7377,14,2.6,1.6,2,1,0,0
4,1,1,1,It is very vague and it lacks originality,reduce the environmental impact of air travel,no_oracle,Graduate degree (MA / MSc / Other),new technologies,7377,14,2.6,1.6,2,1,0,0
1,2,1,1,"As an aviation enthusiast I can easily say this is unoriginal and also quite unrealistic, specifically for commercial air use.",reduce the environmental impact of air travel,oracle,High school diploma,new technologies,7377,14,2.6,1.6,2,1,0,0
1,4,2,2,This idea is unoriginal as its already being done and its the first thing that comes to mind when reducing environmental damage by air travel next to creating an alternative fuel source for flight,reduce the environmental impact of air travel,no_oracle,Undergraduate degree (BA / BSc / Other),newer material technology,7357,14,2.4,3,3,0,0,0
3,1,2,1,Fines will help to boost the economy,reduce the environmental impact of air travel,no_oracle,Undergraduate degree (BA / BSc / Other),no first class,7136,14,3.8,2.5,3,0,0,0
3,2,2,1,"I selected neutral because the concept of using rewards systems to incentivize people is not new, however i have not seen it done first hand with recycling as the goal so i think its an interesting idea.",reduce the environmental impact of air travel,oracle,Undergraduate degree (BA / BSc / Other),noise reduction,6977,14,1.5,1.3,2,0,0,0
4,4,3,4,Interesting concept to use alternate boat travel vs air travel. The idea of traveling by a high speed commercial boat through the vast ocean is intriguing to me.,reduce the environmental impact of air travel,no_oracle,Graduate degree (MA / MSc / Other),offer boat licences to ordinary citizens,7212,14,2.8,1.9,6,0,0,0
1,5,3,5,does not make sense,reduce the environmental impact of air travel,no_oracle,Technical / community college,only vegan meals on board,7137,14,4.1,1.6,5,0,0,0
5,4,2,4,I think that cooking vegan meals will reduce the environmental impact of air travel as most of many vegan meals require less cooking times and most of the materials used are vegetables.,reduce the environmental impact of air travel,no_oracle,Graduate degree (MA / MSc / Other),only vegan meals on board,7137,14,4.1,1.6,5,0,0,0
3,4,3,4,"This is a very common solution that you see all over the united states. I also have personal experience doing this activity and cleaning up a street through this solution so therefore, it is not original.",reduce the environmental impact of air travel,no_oracle,Graduate degree (MA / MSc / Other),optimizing flight routes,7297,14,2.4,2.8,3,0,0,0
1,5,1,1,This is a pre-existing method for reducing environmental impacts of air travel. There's very little that could be additionally optimized in terms of routes.,reduce the environmental impact of air travel,oracle,Undergraduate degree (BA / BSc / Other),optimizing flight routes,7297,14,2.4,2.8,3,0,0,0
4,2,1,2,"yes it is original as it conveys a clear idea, which is optimizing flight routes to reduce environmental impact on air travel",reduce the environmental impact of air travel,oracle,Undergraduate degree (BA / BSc / Other),optimizing flight routes,7297,14,2.4,2.8,3,0,0,0
3,4,3,1,"the response is original, as the idea of integrating solar technology into planes  has been explored in experimental aviation projects, such as solar powered aircraft like solar impulse",reduce the environmental impact of air travel,no_oracle,Graduate degree (MA / MSc / Other),optimizing flight routes,7297,14,2.4,2.8,3,0,0,0
1,3,1,3,Optimizing flight routines to save fuel is a good idea but it's not new. A lot of airlines already try to make flights more efficient to help our environment.,reduce the environmental impact of air travel,no_oracle,Undergraduate degree (BA / BSc / Other),optimizing flights route,7371,14,2.3,3.3,3,0,0,0
2,1,1,1,think they already do this. probably started doing this a year after commercial flights gained popularity,reduce the environmental impact of air travel,no_oracle,Undergraduate degree (BA / BSc / Other),optimizing flights route,7371,14,2.3,3.3,3,0,0,0
2,1,2,2,Optimizing travel routes should be done already so this is not a new idea nor original.,reduce the environmental impact of air travel,oracle,Graduate degree (MA / MSc / Other),optimizing flights route,7371,14,2.3,3.3,3,0,0,0
4,1,2,2,This idea is quite good but not very original as finding the shortest and quickest routes for planes so as to minimize emissions and maximize safety. The idea is quite common and is already being implemented in the world today,reduce the environmental impact of air travel,no_oracle,Graduate degree (MA / MSc / Other),optimizing flights route,7371,14,2.3,3.3,3,0,0,0
3,3,3,1,Being able to repair things or having them made with better quality would cut down on consumption and waste.,reduce the environmental impact of air travel,oracle,Graduate degree (MA / MSc / Other),optimizing flights route,7371,14,2.3,3.3,3,0,0,0
4,3,3,4,"I think this response is original, but not entirely novel. Airline and traffic control systems have been doing this for some time. ALthough it helps the problem, it will loose its effectiveness with the growth of air transportation. 
I believe that invention of an alternative type of fuel would be the best solution for this problem.",reduce the environmental impact of air travel,no_oracle,Graduate degree (MA / MSc / Other),optimizing flights route,7371,14,2.3,3.3,3,0,0,0
3,2,2,3,"This is somewhat original since the focus is placed on making other transportation options on par with air travel. However, alternative transportation methods is a common thing (trains, buses, etc.), even without considering the impact for air travel.",reduce the environmental impact of air travel,no_oracle,Undergraduate degree (BA / BSc / Other),other means of transportation should be fast and affordable,6926,14,3,3.1,9,0,0,0
4,3,2,2,"I do agree with this as transportation like carpooling or trains are more environmentally friendly, and more use of things like this, especially for shorter trips would reduce the amount of flights needed; however, this doesn't fully address how planes themselves can reduce environmental impact as-is.",reduce the environmental impact of air travel,oracle,Undergraduate degree (BA / BSc / Other),other means of transportation should be fast and affordable,6926,14,3,3.1,9,0,0,0
3,2,2,2,"The idea of improving other forms of transportation to make them fast and affordable is a common solution to reduce the environmental impact of air travel. It has been discussed in various contexts like promoting trains or electric vehicles, but it's not and innovative or particularly original suggestion.",reduce the environmental impact of air travel,oracle,Undergraduate degree (BA / BSc / Other),other means of transportation should be fast and affordable,6926,14,3,3.1,9,0,0,0
3,1,1,2,making alternative modes of transportation more competitive in terms of speed and cost.,reduce the environmental impact of air travel,no_oracle,Graduate degree (MA / MSc / Other),other means of transportation should be fast and affordable,6926,14,3,3.1,9,0,0,0
4,2,2,4,"I rated this response as original because making other means of transportation more accessible and faster to more people will reduce the environmental impact of air travel. Making better use of rail travel, for example, would reduce reliance on flying. It's a clever solution and an ambitious one.",reduce the environmental impact of air travel,no_oracle,Undergraduate degree (BA / BSc / Other),other means of transportation should be fast and affordable,6926,14,3,3.1,9,0,0,0
3,4,4,3,Discussing other means of travel does not actually answer how to reduce the environmental impact of air travel itself and does not offer solutions to how to make alternatives more affordable.,reduce the environmental impact of air travel,oracle,Undergraduate degree (BA / BSc / Other),other means of transportation should be fast and affordable,6926,14,3,3.1,9,0,0,0
2,1,2,1,These types of technologies have been tried in the past and scrapped.,reduce the environmental impact of air travel,oracle,Graduate degree (MA / MSc / Other),promote other types of traveling even if they take longer. maybe make a route for trains or electric buses,7010,14,3,3.9,19,0,0,0
2,2,4,2,This is a topic that is always talked about. Pretty much anyone can come up with this ideal. Non STEM people can figure this out.,reduce the environmental impact of air travel,no_oracle,Undergraduate degree (BA / BSc / Other),promote other types of traveling even if they take longer. maybe make a route for trains or electric buses,7010,14,3,3.9,19,0,0,0
4,3,2,3,"This response is ""neutral"" since it does lack novelty and is a known solution in this day and age. 
As someone who spent a number of years living in Europe - I saw this solution at work. It does work better for Europe because there is a very developed railroad network there, and you can get from Amsterdam to Paris in under 3 hours.
This response is very practical, but I would also enhance it with dynamic pricing, where people with less income get cheaper tickets to the alternative transportation method.",reduce the environmental impact of air travel,no_oracle,Graduate degree (MA / MSc / Other),promote other types of traveling even if they take longer. maybe make a route for trains or electric buses,7010,14,3,3.9,19,0,0,0
1,5,1,1,Having more direct flight plans will make great improvement to air travel.,reduce the environmental impact of air travel,oracle,Undergraduate degree (BA / BSc / Other),put down the price of car fuel,7232,14,2.5,2.4,7,0,0,0
1,1,1,1,"By taking away the exact item (plane use) to reduce the problem it's causing is the correct answer on paper in a calculated mathematical way but it is not feasible in the real world. Since it's not usable in its effectiveness, it's not original.",reduce the environmental impact of air travel,no_oracle,Graduate degree (MA / MSc / Other),reduce the use of private jets,7153,14,2.4,3.5,6,0,0,0
2,4,4,3,"I'm neutral on it because, people are of the liberty to buy what they want. If there are better measures, they will subdue to it an utilize them. It's all about controlling and improving the technologies, not banning or reducing the amount of equipment in the system.",reduce the environmental impact of air travel,oracle,Undergraduate degree (BA / BSc / Other),reduce the use of private jets,7153,14,2.4,3.5,6,0,0,0
4,4,3,4,"I believe this response is rather original because the usage of private jets in itself is sort of new. Private jets are notorious for their carbon footprint and their usage should be limited in my opinion.  I think another good solution for this problem would be the implementation of a ""carbon tax"".",reduce the environmental impact of air travel,no_oracle,Graduate degree (MA / MSc / Other),reduce the use of private jets,7153,14,2.4,3.5,6,0,0,0
1,1,5,1,This is a very common solution. It's not original. Even no STEM people come up with this a solution.,reduce the environmental impact of air travel,no_oracle,Undergraduate degree (BA / BSc / Other),reduced weigth,7089,14,2.2,2.6,2,0,0,0
3,3,2,3,"The idea or optimizing route planning to reduce environmental impact is moderately novel, as it incorporate efficiency improvements that could lead to reduced emissions, but software solutions for route optimizing are already known in the travel and logistics industries.",reduce the environmental impact of air travel,oracle,Undergraduate degree (BA / BSc / Other),route planning optimising software for layovers,6964,14,3.1,2.9,6,0,0,0
3,1,3,1,People have always used other types of travel depending upon where they are going and from where they start.  The issue is mostly amount of time needed for another form of travel for it to be reasonable and the costs associated.,reduce the environmental impact of air travel,oracle,Graduate degree (MA / MSc / Other),route planning optimising software for layovers,6964,14,3.1,2.9,6,0,0,0
5,1,2,4,The response is original as it emphasizes optimizing layovers through route planning software to reduce environmental impact. This approach combines logistical efficiency with sustainability goals.,reduce the environmental impact of air travel,no_oracle,Undergraduate degree (BA / BSc / Other),route planning optimising software for layovers,6964,14,3.1,2.9,6,0,0,0
5,4,5,2,it's actually a clever an unique response because hybrid plane can help to reduce gas emission and operating cost,reduce the environmental impact of air travel,no_oracle,Graduate degree (MA / MSc / Other),route planning optimising software for layovers,6964,14,3.1,2.9,6,0,0,0
3,2,4,2,I believe there are some policies/grants in place that do this and financial incentives are a very common way to increase participation so therefore I do not think this solution is original at all.,reduce the environmental impact of air travel,no_oracle,Graduate degree (MA / MSc / Other),take more stuff in the planes,6902,14,2.2,2.1,6,0,0,0
4,2,4,3,"Encourage alternatives to flying, such as train travel for short distance.",reduce the environmental impact of air travel,oracle,Undergraduate degree (BA / BSc / Other),take more stuff in the planes,6902,14,2.2,2.1,6,0,0,0
5,1,1,1,This will force people to reduce travel.,reduce the environmental impact of air travel,no_oracle,Graduate degree (MA / MSc / Other),tax air travel more to make people look for alternatives,7061,14,3,2.8,10,0,0,0
2,2,2,2,I selected 2 because increasing direct flights seems like a very uninspired solution to the problem.,reduce the environmental impact of air travel,oracle,Undergraduate degree (BA / BSc / Other),tax air travel more to make people look for alternatives,7061,14,3,2.8,10,0,0,0
2,5,2,1,"While it is a good and helpful solution, simply adding more of an existing concept is not an original idea.",reduce the environmental impact of air travel,no_oracle,Undergraduate degree (BA / BSc / Other),tax/fees to offset environmental emissions,6988,14,3.1,3.1,5,0,0,0
5,4,4,4,Tax and fees will compel manufacturers to look for alternative sources of fuel for aircraft. they will do proper maintenance to reduce emission.,reduce the environmental impact of air travel,no_oracle,Undergraduate degree (BA / BSc / Other),tax/fees to offset environmental emissions,6988,14,3.1,3.1,5,0,0,0
1,2,3,2,This is a basic solve and almost unreasonable for normal people.,reduce the environmental impact of air travel,oracle,Undergraduate degree (BA / BSc / Other),try to have more direct flight plans,7183,14,2.7,3.3,7,0,0,0
3,3,3,3,Encourage other means of transportations can help.,reduce the environmental impact of air travel,oracle,Undergraduate degree (BA / BSc / Other),try to have more direct flight plans,7183,14,2.7,3.3,7,0,0,0
1,1,1,1,This has been covered many times therefore it is unoriginal. Also there have been some travel flights advertised by various airlines that have already used alternative sources of fuel.,reduce the environmental impact of air travel,oracle,High school diploma,use alternative sources of fuel,7341,14,2.5,3.4,5,0,0,0
1,1,1,1,"Nothing specific was said about the technology. So not very original, since how the technology works wasn't mentioned.",reduce the environmental impact of air travel,oracle,Graduate degree (MA / MSc / Other),use of technology,7112,14,1.8,2.4,3,0,0,0
1,1,1,1,"Doesn't offer a solution, too general.",reduce the environmental impact of air travel,oracle,Graduate degree (MA / MSc / Other),use of technology,7112,14,1.8,2.4,3,0,0,0
4,5,4,1,its somewhat unoriginal since that's what has been used for the longest time when it comes to mitigating the effects and impact of air travel on the environment,reduce the environmental impact of air travel,oracle,Undergraduate degree (BA / BSc / Other),use of technology,7112,14,1.8,2.4,3,0,0,0
2,3,3,1,"Again a good idea, but one that I have specifically seen at local zoos and other like minded organizations.  The only originality to this idea would be if they included how they were going to do this one a large scale.",reduce the environmental impact of air travel,oracle,Graduate degree (MA / MSc / Other),use other alternatives to flight,7058,14,3,3.2,5,0,0,0
1,1,1,1,This is a generic response that could be applied to any problem.,reduce the environmental impact of air travel,no_oracle,Undergraduate degree (BA / BSc / Other),use other alternatives to flight,7058,14,3,3.2,5,0,0,0
2,2,2,2,Other alternatives to flights are considered but are often unrealistic and not feasible for many people.,reduce the environmental impact of air travel,no_oracle,Undergraduate degree (BA / BSc / Other),use other alternatives to flight,7058,14,3,3.2,5,0,0,0
4,5,4,2,Alternatives to flight is the most common way everyone would suggest hence it unoriginal. The response should be something unique.,reduce the environmental impact of air travel,no_oracle,Undergraduate degree (BA / BSc / Other),use other alternatives to flight,7058,14,3,3.2,5,0,0,0
4,2,3,3,"I rated very unoriginal because this is a solution that we know works/have all over the U.S. When individuals have the convenience to do something, they are more likely to do it so therefore this is an unoriginal solution.",reduce the environmental impact of air travel,no_oracle,Graduate degree (MA / MSc / Other),using fuel that is pure,7173,14,2.1,2.3,5,0,0,0
4,4,4,4,This is a pretty original idea since no one has been able to make it happen yet. Itd be a great way to help conserve the environment through less pollution.,reduce the environmental impact of air travel,no_oracle,Undergraduate degree (BA / BSc / Other),using fuel that is pure,7173,14,2.1,2.3,5,0,0,0
