text_claude,text_gpt,past_future_claude,past_future_gpt,perceptual_details_claude,perceptual_details_gpt,causal_analytical_claude,causal_analytical_gpt,comparative_claude,comparative_gpt,cleverness_claude,cleverness_gpt,causual_analytical_claude,causual_analytical_gpt
"This solution cleverly integrates cognitive training directly into device interaction, transforming a mundane security mechanism into a learning opportunity. The approach uniquely combines smartphone technology with memory reinforcement, making learning an inherent part of daily digital routine.","This solution is original because it combines a common technology (a lock screen) with an educational tool (flash cards) in a novel way to promote learning. From an engineering perspective, the integration of gamification into a daily-use device like a smartphone is a creative approach to assist individuals with learning impairments, making it stand out from typical educational methods.",2,2,1,1,,,2,2,2,2,2,2
"This solution represents a moderately original approach to personalized learning technology, leveraging adaptive learning algorithms that are already emerging in educational technology. While not groundbreaking, the concept of dynamically tracking learning progress and recommending targeted study interventions shows potential engineering innovation in assistive learning design.","The solution of using apps to gauge learning time is somewhat original as it combines technology with personalized learning, but similar applications already exist in the educational technology space. From an engineering perspective, while the concept of tracking learning time is not new, the specific implementation and features could vary, making it moderately original.",2,1,1,1,,,2,2,2,2,2,2
"Text-to-speech is a well-established assistive technology that has been widely used for learning support, making this solution relatively unoriginal from an engineering perspective. While functional, it represents an existing rather than innovative approach to addressing learning impairments.","The use of text-to-speech technology is a well-established method for assisting individuals with learning impairments, making it a common solution in the field of assistive technology. From an engineering perspective, while it effectively addresses the problem, it lacks originality as it does not introduce new concepts or innovations beyond existing applications.",1,1,1,1,,,2,2,1,1,2,2
"Color coding is a relatively standard mnemonic technique that has been used in educational settings for decades. While potentially helpful for learning impairments, this solution lacks significant engineering innovation or novel approach to information retention.","The use of color codes is a well-established method for aiding memory retention, particularly in educational contexts. From an engineering perspective, while it can be effective, it lacks originality as it is a common approach that does not introduce new concepts or technologies to enhance learning for individuals with impairments.",1,1,1,1,,,2,2,1,1,2,2
"This solution offers a moderately original approach by integrating voice-searchable recording technology directly into mobile devices, which could be particularly useful for individuals with learning impairments. While not entirely novel, the specific application for cognitive assistance provides an interesting engineering adaptation of existing voice and recording technologies.","The idea of integrating recording instruments into cellphones is not entirely new, as many smartphones already have voice memo features. However, the specific implementation of searchable recordings through voice prompts adds a layer of functionality that is somewhat original. From an engineering perspective, the challenge lies in the effective indexing and retrieval of audio data, which is a complex problem but not unprecedented in the realm of voice-activated technology.",2,1,1,1,,,2,2,2,2,2,2
"This solution offers a moderately original approach by integrating assistive memory technology directly into an existing personal device (smartphone). While voice-searchable recording isn't entirely novel, the specific application for learning impairment support provides a targeted engineering adaptation of existing technologies.","The idea of integrating recording instruments into cellphones is not entirely new, as many smartphones already have voice memo features. However, the specific focus on searchability through voice prompts adds a layer of functionality that is somewhat original. From an engineering perspective, while the concept builds on existing technology, the implementation of a more intuitive search mechanism could enhance user experience for individuals with learning impairments, making it a moderately original solution.",2,1,1,1,,,2,2,2,2,2,2
"This solution offers a moderately original approach by integrating assistive memory technology directly into an existing personal device (smartphone). While voice-searchable recording isn't entirely novel, the specific application for learning impairment support provides a targeted engineering adaptation of existing technologies.","The idea of integrating recording instruments into cellphones is not entirely new, as many smartphones already have voice memo features. However, the specific implementation of searchable recordings through voice prompts adds a layer of functionality that is somewhat original. From an engineering perspective, while the concept builds on existing technology, the combination of voice search with recording capabilities presents a moderately innovative approach to enhancing accessibility for individuals with learning impairments.",2,1,1,1,,,2,2,2,2,2,2
"This solution lacks originality in addressing learning impairments. Ebooks are a standard, widely-used resource that does not specifically address the unique cognitive challenges of individuals with learning disabilities, offering no innovative adaptation or specialized design for information retention.","The use of ebooks as a solution for assisting people with learning impairments is quite common and lacks innovation, as many educational resources already utilize digital formats. From an engineering perspective, while ebooks can be beneficial, they do not introduce new methods or technologies specifically tailored to enhance information retention for individuals with learning impairments.",1,1,1,1,,,2,2,1,1,2,2
"This solution lacks engineering innovation for addressing learning impairments. Ebooks are a standard, widely-used resource that does not specifically adapt to or accommodate learning disabilities through specialized design or interactive features.","The use of ebooks as a solution for assisting people with learning impairments is quite common and lacks innovation, as many educational resources already utilize digital formats. From an engineering perspective, while ebooks can be beneficial, they do not introduce new methods or technologies specifically tailored to enhance information retention for individuals with learning impairments.",1,1,1,1,,,2,2,1,1,2,2
"This solution lacks engineering innovation for addressing learning impairments. Ebooks are a standard, widely-used resource that does not specifically adapt to or accommodate learning disabilities through specialized design or interactive features.","The use of ebooks as a solution for assisting people with learning impairments is quite common and lacks innovation, as many educational resources already utilize digital formats. From an engineering perspective, while ebooks can be beneficial, they do not introduce new methods or technologies specifically tailored to enhance information retention for individuals with learning impairments.",1,1,1,1,,,2,2,1,1,2,2
"This solution lacks engineering innovation for addressing learning impairments. Ebooks are a standard, widely-used resource that does not specifically adapt to or accommodate learning disabilities through specialized design or interactive features.","The use of ebooks as a solution for assisting people with learning impairments is quite common and lacks innovation, as many educational resources have transitioned to digital formats. From an engineering perspective, while ebooks can be beneficial, they do not introduce new methodologies or technologies specifically tailored to enhance information retention for individuals with learning impairments.",1,1,1,1,,,2,2,1,1,2,2
"This solution represents a standard pedagogical approach known in learning science, suggesting multiple representation techniques to enhance memory. While scientifically valid, the strategy is relatively conventional and has been widely discussed in educational psychology research.","The solution of explaining concepts through different methods is a well-established educational strategy, making it somewhat neutral in originality. However, the emphasis on reinforcing thinking habits and memory retention adds a layer of insight, which enhances its cleverness. From an engineering perspective, while the approach is not novel, its application in diverse contexts can still yield effective results.",1,1,1,1,,,2,2,1,2,2,2
"This solution represents a standard pedagogical approach known in learning science, suggesting multiple representation techniques to enhance memory. While scientifically valid, the strategy is relatively conventional and has been widely discussed in educational psychology research.","The solution of explaining concepts through different methods is a well-established educational strategy, often referred to as multimodal learning. While it is effective for reinforcing memory retention, it lacks originality as it is commonly used in various educational settings and does not introduce a novel approach or technology.",1,1,1,1,,,2,2,1,1,2,2
"This solution represents a standard pedagogical approach known in learning science, suggesting multiple representation techniques to enhance memory. While scientifically valid, the strategy is relatively conventional and has been widely discussed in educational psychology research.","The solution of explaining concepts through different methods is a common educational strategy, often referred to as multimodal learning. While it is effective for reinforcing memory retention, it does not introduce a novel approach or technology, making it a neutral choice in terms of originality from an engineering perspective.",1,1,1,1,,,2,2,1,1,2,2
"While using games for learning is a recognized educational strategy, the solution lacks specificity about the type of games or how they would specifically address learning impairments. From an engineering perspective, this is a broad, somewhat generic approach that doesn't demonstrate a novel technological or cognitive intervention mechanism.","The use of games as a method to assist people with learning impairments is a well-established approach in educational psychology and special education. While games can be effective, the concept itself is quite common and lacks innovative engineering elements that would elevate its originality.",1,1,1,1,,,2,2,1,1,2,2
"This solution represents a standard instructional design approach of multimodal information presentation, which is a known strategy for improving information retention. While not groundbreaking, it acknowledges different learning styles and sensory processing preferences common in learning impairment interventions.","The solution of providing directions in multiple formats is not particularly original, as it is a common approach in educational settings to accommodate different learning styles. From an engineering perspective, while the idea of using various formats (like visual, auditory, and kinesthetic) is beneficial, it lacks innovation or a novel application that would set it apart from existing methods.",1,1,1,1,,,2,2,1,1,2,2
"This solution represents a standard instructional design approach of multimodal information presentation, which is a known strategy for improving information retention. While not groundbreaking, it acknowledges different learning styles and sensory processing preferences common in learning impairment interventions.","The solution of providing directions in multiple formats is not particularly original, as it is a common approach in educational settings to accommodate different learning styles. From an engineering perspective, while the idea of using various formats (like visual, auditory, and kinesthetic) is beneficial, it does not introduce a novel method or technology that significantly advances the field of assisting individuals with learning impairments.",1,1,1,1,,,2,2,1,1,2,2
"This solution lacks originality in the assistive technology domain, as robotic teaching assistants have been explored in special education research for years. While potentially helpful, the approach does not introduce a novel mechanism for addressing learning impairments beyond existing robotic intervention strategies.","The idea of using robots to assist in teaching is not new, as various educational technologies have been developed for this purpose. However, increasing production to specifically target individuals with learning impairments adds a layer of focus that is somewhat original. From an engineering perspective, while the concept is not groundbreaking, the application could be refined to better meet the needs of this specific demographic.",1,1,1,1,,,2,2,1,2,2,2
"This solution lacks originality in the assistive technology domain, as robotic teaching assistants have been explored in special education research for years. While potentially helpful, the approach does not introduce a novel mechanism for addressing learning impairments beyond existing robotic intervention strategies.","The idea of using robots to assist in teaching is not new, as various educational technologies have been developed for this purpose. However, increasing production to specifically target individuals with learning impairments adds a layer of focus that is somewhat original, but it still falls within the realm of existing educational tools. Thus, it scores as neutral in originality.",1,1,1,1,,,2,2,1,1,2,2
"This solution lacks originality in the assistive technology domain, as robotic teaching assistants have been explored in special education research for years. While potentially helpful, the approach does not introduce a novel mechanism for addressing learning impairments beyond existing robotic intervention strategies.","The idea of using robots for teaching is not new, as various educational technologies have been developed to assist learners with impairments. However, increasing the production of such robots could be seen as a step towards scalability and accessibility, making it a neutral contribution in terms of originality. From an engineering perspective, while the application of robotics in education is innovative, the concept itself is not particularly groundbreaking.",1,1,1,1,,,2,2,1,1,2,2
"This solution is relatively unoriginal as introducing alternative learning methods is a standard pedagogical approach already widely discussed in educational research. While potentially valuable, it lacks a specific innovative mechanism for addressing learning impairments and represents a broad, generalized recommendation rather than a precise engineering intervention.","The solution of introducing different learning methods to traditional ones is unoriginal as it reflects a common approach in educational settings, where diverse teaching strategies are frequently employed to cater to various learning styles. From an engineering perspective, while the idea of integrating new methods is valid, it lacks innovation in terms of developing a unique or novel system that significantly deviates from established practices.",1,1,1,1,,,2,2,1,1,2,2
"Using music as a memory aid is a moderately established cognitive technique, particularly for visual learners. While not entirely novel, the approach has some merit in leveraging auditory-visual memory connections in learning support.","The idea of using music as a learning aid is not new, as it has been explored in various educational contexts. However, applying it specifically for individuals with visual impairments adds a layer of specificity that makes it somewhat original. The cleverness lies in the potential for music to enhance memory retention through auditory stimulation, which is a thoughtful approach to addressing learning impairments.",1,1,1,1,,,2,2,1,2,2,2
"This solution represents a relatively standard approach to learning assistance through gamification, which has been widely explored in educational technology. While using games for learning is a recognized strategy, this description lacks specific innovative mechanisms that would distinguish it from existing educational game platforms.","The use of thematic games in an app or on a computer to aid learning is a moderately original concept, as gamification in education is a well-explored area. However, the specific implementation and thematic focus can vary widely, which allows for some originality in design. From an engineering perspective, the integration of game mechanics into learning tools can enhance engagement, but the overall concept remains within the realm of established educational strategies.",1,1,1,1,,,2,2,1,2,2,2
"This solution represents a relatively standard pedagogical approach that has been used in educational design for decades. While infographics can be helpful for visual learners, the suggestion lacks innovative technological or cognitive engineering strategies for addressing learning impairments.","The solution of creating infographics is a common educational tool used to convey information visually, which makes it unoriginal. While infographics can be effective for learning, they are widely utilized in various educational contexts, thus lacking uniqueness in approach from an engineering perspective.",1,1,1,1,,,2,2,1,1,2,2
"This solution represents a relatively standard pedagogical approach that has been used in educational design for decades. While infographics can be helpful for visual learners, the suggestion lacks innovative technological or cognitive engineering strategies for addressing learning impairments.","The solution of creating infographics is a common educational tool that has been widely used in various learning contexts. While infographics can be effective for conveying information visually, the approach lacks originality as it does not introduce a new method or technology for assisting individuals with learning impairments.",1,1,1,1,,,2,2,1,1,2,2
"This solution is relatively unoriginal as ""engaging teaching"" is a standard pedagogical recommendation that has been extensively researched and discussed in educational psychology. While potentially valuable, it lacks specific innovative mechanisms for addressing learning impairments from a technological or systematic engineering perspective.","The concept of more engaging teaching/learning regimens is a common approach in educational settings, particularly for those with learning impairments. While the idea of enhancing engagement is valuable, it lacks originality as it does not introduce new methods or technologies that significantly differ from existing practices in educational design.",1,1,1,1,,,2,2,1,1,2,2
"This solution represents a standard pedagogical technique of multi-modal learning reinforcement, which is well-established in educational psychology. While scientifically sound, the approach lacks significant innovative engineering or technological intervention for supporting learning-impaired individuals.","The solution of using multiple repetitions of material in different forms is a common educational technique known as spaced repetition or multimodal learning. While it is effective, it lacks originality as it is widely recognized and utilized in various learning contexts, making it unoriginal from an engineering perspective.",1,1,1,1,,,2,2,1,1,2,2
"This solution represents a moderate level of originality in assistive learning technology by systematically integrating multiple sensory inputs, which aligns with established cognitive neuroscience principles of multimodal learning. While not entirely novel, the comprehensive approach of deliberately designing tools that simultaneously engage tactile, auditory, and visual processing pathways demonstrates an intentional, evidence-based engineering strategy.","The concept of multisensory learning tools is a well-established approach in educational psychology, making it somewhat neutral in originality. However, the specific combination of tactile, auditory, and visual elements can be seen as a clever integration of existing methods, which enhances its effectiveness for individuals with learning impairments.",1,1,2,2,,,2,2,2,2,2,2
"Note taking is a standard, well-established learning technique that has been used for decades in educational settings. While potentially helpful for people with learning impairments, this solution lacks innovative engineering approaches to addressing cognitive retention challenges.","Note taking is a very common and traditional method for retaining information, widely used across various educational settings. From an engineering perspective, it lacks originality as it does not introduce any new techniques or technologies to assist individuals with learning impairments.",1,1,1,1,,,2,2,1,1,2,2
"Note taking is a standard, well-established learning technique that has been used for decades in educational settings. While potentially helpful for people with learning impairments, this solution lacks innovative engineering approaches to addressing cognitive retention challenges.","Note taking is a very common and traditional method for retaining information, widely used across various educational settings. From an engineering perspective, it lacks innovation or uniqueness, as it does not introduce any new technology or approach to assist individuals with learning impairments.",1,1,1,1,,,2,2,1,1,2,2
"Note taking is a standard, well-established learning technique that has been used for decades in educational settings. While potentially helpful for people with learning impairments, this solution lacks innovative engineering approaches to addressing cognitive retention challenges.","Note taking is a very common and traditional method for retaining information, widely used across various educational settings. From an engineering perspective, it lacks innovation or unique application, as it does not introduce new technology or methods to assist individuals with learning impairments.",1,1,1,1,,,2,2,1,1,2,2
"Notepads are an extremely conventional method for information retention and do not represent a novel engineering approach to supporting individuals with learning impairments. While potentially useful, this solution lacks innovative design thinking or technological adaptation to address specific cognitive challenges.","The use of notepads as a solution for assisting people with learning impairments is very unoriginal, as it is a widely recognized and commonly used method for note-taking and information retention. From an engineering perspective, this solution lacks innovation and does not introduce any new technology or approach to enhance learning for individuals with impairments.",1,1,1,1,,,2,2,1,1,2,2
"Notepads are an extremely conventional method for information retention and do not represent a novel engineering approach to supporting individuals with learning impairments. While potentially useful, this solution lacks innovative design thinking or technological adaptation to address specific cognitive challenges.","The use of notepads as a solution for assisting people with learning impairments is very unoriginal, as it is a widely recognized and commonly used method for note-taking and information retention. From an engineering perspective, this solution lacks innovation and does not introduce any new technology or approach to address the specific needs of individuals with learning impairments.",1,1,1,1,,,2,2,1,1,2,2
"Notepads are an extremely conventional method for information retention and do not represent a novel engineering approach to supporting individuals with learning impairments. While potentially useful, this solution lacks innovative design thinking or technological adaptation to address specific cognitive challenges.","The use of notepads as a solution for assisting people with learning impairments is very unoriginal, as it is a widely recognized and commonly used method for note-taking and information retention. From an engineering perspective, this solution lacks innovation and does not introduce any new technology or approach to enhance learning for individuals with impairments.",1,1,1,1,,,2,2,1,1,2,2
"This solution represents a moderate level of originality in memory retention techniques. While associating dates with memorable events is a known mnemonic strategy, it offers a structured approach to helping individuals with learning impairments create meaningful memory connections.","Pairing dates with known events is a strategy that leverages associative learning, which is a well-established method in educational psychology. While the concept itself is not particularly original, its application in the context of aiding individuals with learning impairments shows a thoughtful approach to enhancing memory retention through contextualization.",1,1,1,1,,,2,2,2,2,2,2
"This solution represents a moderate level of originality in memory retention techniques. While associating dates with memorable events is a known mnemonic strategy, it offers a structured approach to helping individuals with learning impairments create meaningful memory connections.","Pairing dates with known events is a strategy that leverages associative learning, which is a common educational technique. While it is a practical approach, it does not introduce a novel method or technology, making it a neutral solution in terms of originality.",1,1,1,1,,,2,2,2,1,2,2
"""Practice"" is an extremely generic recommendation for learning retention that lacks any specific engineering or technological approach to addressing learning impairments. While fundamentally valid, this solution offers no novel mechanism or innovative strategy to support individuals with cognitive challenges, making it minimally original from a design perspective.","The solution ""practice"" is very unoriginal as it is a widely recognized and commonly used method for improving retention and learning. From an engineering perspective, it lacks innovation or a unique approach to addressing the specific needs of individuals with learning impairments, making it a standard response rather than an original solution.",1,1,1,1,,,2,2,1,1,2,2
"This solution is relatively unoriginal as push notifications are already a standard feature in most learning and productivity apps. While potentially useful, the approach lacks significant technological innovation or unique engineering design for addressing learning impairments.","The use of push-notification reminders in smartphones for studying is a common approach that leverages existing technology, making it unoriginal from an engineering perspective. While it is a practical solution, it does not introduce new concepts or methods that significantly differ from typical reminder systems already in widespread use.",1,1,1,1,,,2,2,1,1,2,2
"The solution ""read"" is extremely generic and lacks any specific engineering or design approach to assist people with learning impairments. It represents a basic, surface-level suggestion without any innovative mechanism or technological intervention to support information retention.","The solution ""read"" is very unoriginal as it represents a basic and widely recognized method for information retention. From an engineering perspective, it lacks innovation or complexity, as it does not introduce any new techniques, technologies, or approaches to assist individuals with learning impairments.",1,1,1,1,,,2,2,1,1,2,2
"This solution suggests a basic, conventional learning strategy of reading and writing information, which are standard techniques already widely used in educational settings. From an engineering perspective, it lacks innovative design thinking or technological intervention to specifically address learning impairments.","The solution ""read and write it"" is very unoriginal as it represents a basic and widely used method for information retention, lacking any innovative approach or engineering insight. From a STEM perspective, it does not introduce any new techniques, technologies, or strategies that could enhance the learning process for individuals with learning impairments.",1,1,1,1,,,2,2,1,1,2,2
"This solution suggests a basic, conventional learning strategy of reading and writing information, which are standard techniques already widely used in educational settings. From an engineering perspective, it lacks innovative design thinking or technological intervention to specifically address learning impairments.","The solution ""read and write it"" is very unoriginal as it represents a basic and widely used method for information retention, particularly in educational contexts. From an engineering perspective, it lacks innovation or complexity, as it does not introduce any new techniques, technologies, or approaches to assist individuals with learning impairments.",1,1,1,1,,,2,2,1,1,2,2
"This solution suggests a basic, widely-used learning strategy of reading and writing information, which lacks innovative engineering design. While reading and writing can help with information retention, it represents a standard cognitive approach rather than a novel technological or assistive intervention for people with learning impairments.","The solution ""read and write it"" is very unoriginal as it represents a basic and widely known method for information retention. From an engineering perspective, it lacks innovation or complexity, as it does not introduce any new techniques, technologies, or approaches that could enhance the learning process for individuals with learning impairments.",1,1,1,1,,,2,2,1,1,2,2
"This solution is relatively unoriginal, as recorded educational content has been a standard learning accommodation for decades. While personalized pacing is beneficial, video-based learning is a well-established approach that doesn't introduce significant technological or pedagogical innovation for supporting learners with impairments.","This solution is unoriginal as recorded videos of learning material are a widely used method in education, particularly for accommodating different learning paces. While it does provide flexibility, it does not introduce a novel approach or technology that significantly deviates from existing educational practices.",1,1,1,1,,,2,2,1,1,2,2
"This solution is relatively unoriginal, as recorded educational content has been a standard learning accommodation for decades. While personalized pacing is beneficial, video-based learning is a well-established approach that doesn't introduce significant technological or pedagogical innovation for supporting learners with impairments.","The solution of using recorded videos for learning is a common approach in educational technology, making it unoriginal. While it allows individuals to learn at their own pace, similar methods have been widely adopted in various learning environments, thus lacking novelty from an engineering perspective.",1,1,1,1,,,2,2,1,1,2,2
"This solution is relatively unoriginal, as recorded educational content has been a standard learning accommodation for decades. While personalized pacing is beneficial, video-based learning is a well-established approach that doesn't introduce significant technological or pedagogical innovation for supporting learners with impairments.","The solution of using recorded videos for learning is a common approach in educational technology, particularly for accommodating different learning paces. While it provides flexibility, it lacks originality as it is widely implemented and does not introduce a novel method or technology to enhance information retention for individuals with learning impairments.",1,1,1,1,,,2,2,1,1,2,2
"This solution is relatively unoriginal, as recorded educational content has been a standard learning accommodation for decades. While personalized pacing is beneficial, video-based learning is a well-established approach that doesn't introduce significant technological or pedagogical innovation for supporting learners with impairments.","From an engineering perspective, the idea of using recorded videos for learning is a well-established method in educational technology, making it unoriginal. While it does provide flexibility for learners, it does not introduce a novel approach or technology that significantly enhances the learning experience for individuals with learning impairments.",1,1,1,1,,,2,2,1,1,2,2
"This solution introduces a novel cognitive mapping technique by consistently anchoring abstract information to visual representations, which could leverage visual memory strengths often present in individuals with learning impairments. The approach represents an innovative neurological learning strategy that transforms information retention through systematic image-based association.","The idea of relating information to an image is a common educational technique known as visual learning, which is widely used in various fields. While it has merit in aiding retention, it does not present a novel approach or significant innovation from an engineering perspective, thus resulting in a neutral originality rating.",2,1,1,1,,,1,2,2,1,2,2
"This solution introduces a novel cognitive mapping technique by consistently anchoring abstract information to visual representations, which could leverage visual memory strengths often present in individuals with learning impairments. The approach represents an innovative neurological learning strategy that transforms information retention through systematic image-based association.","The idea of relating information to an image is a common educational technique known as visual learning, which is widely used in various fields. While it is a valid approach for aiding retention, it does not introduce a novel method or technology, thus resulting in a neutral originality rating.",2,1,1,1,,,1,2,2,1,2,2
"This solution introduces a novel cognitive mapping technique by consistently anchoring abstract information to visual representations, which could leverage visual memory strengths often present in individuals with learning impairments. The approach represents an innovative neurological learning strategy that transforms information retention through systematic image-based association.","The idea of relating information to an image is a common educational technique known as visual learning, which has been widely used in various fields. While it is a valid approach for aiding retention, it lacks novelty in the context of engineering design solutions for learning impairments, making it a neutral choice in terms of originality.",2,1,1,1,,,1,2,2,1,2,2
"This solution represents a basic learning technique of repetition, which is already well-established in educational psychology. While suggesting making repetition ""fun"" adds a slight twist, the core concept is not particularly innovative from an engineering design perspective.","The solution of ""repeating in fun ways the knowledge"" is unoriginal as it relies on a common educational technique of repetition and engagement, which is widely used in various learning environments. From an engineering perspective, while the approach may be effective, it lacks innovative elements or unique methodologies that would distinguish it from standard practices in educational design.",1,1,1,1,,,2,2,1,1,2,2
"This solution represents a basic learning technique of repetition, which is already well-established in educational psychology. While suggesting making repetition ""fun"" adds a slight twist, the core concept is not particularly innovative from an engineering design perspective.","The solution of ""repeating in fun ways the knowledge"" is unoriginal as it aligns closely with common educational techniques such as gamification and repetition, which are widely used in teaching. From an engineering perspective, while the approach may be engaging, it lacks innovative elements that would distinguish it from existing methods.",1,1,1,1,,,2,2,1,1,2,2
"This solution represents a basic learning technique of repetition, which is already well-established in educational psychology. While suggesting making repetition ""fun"" adds a slight twist, the core concept is not particularly innovative from an engineering design perspective.","The solution of ""repeating in fun ways the knowledge"" is unoriginal as it relies on a common educational technique of repetition and engagement, which is widely used in various learning environments. From an engineering perspective, while the approach may be effective, it lacks innovative elements or unique methodologies that would distinguish it from standard practices in educational design.",1,1,1,1,,,2,2,1,1,2,2
"This solution represents a basic learning technique of repetition, which is already well-established in educational psychology. While suggesting making repetition ""fun"" adds a slight twist, the core concept is not particularly innovative from an engineering design perspective.","The solution of ""repeating in fun ways the knowledge"" is unoriginal as it relies on a common educational technique of repetition and engagement, which is widely used in various learning contexts. From an engineering perspective, while the approach may be effective, it lacks innovative elements or unique methodologies that would distinguish it from existing strategies.",1,1,1,1,,,2,2,1,1,2,2
"This solution lacks specific technical details and appears to be a very broad, generic concept without clear engineering implementation. While a specialized learning robot could potentially assist people with learning disabilities, the description is too vague to demonstrate meaningful originality in assistive technology design.","The concept of a robot designed to assist individuals with learning disabilities is not particularly original, as various forms of educational technology and assistive devices already exist in this space. While the idea of a specialized robot may have some unique features, it largely builds on established technologies and concepts, making it less innovative from an engineering perspective.",1,1,1,1,,,2,2,1,1,2,2
"This solution lacks specific technical details and appears to be a very broad, generic concept without clear engineering implementation. While a specialized learning robot could potentially assist people with learning disabilities, the description is too vague to demonstrate meaningful originality in assistive technology design.","The concept of a robot designed to assist individuals with learning disabilities is not particularly original, as various forms of assistive technology and educational robots already exist in the market. While the idea of a specialized robot may have some unique features, it largely builds on existing technologies and approaches, making it less innovative from an engineering perspective.",1,1,1,1,,,2,2,1,1,2,2
"The concept of a multi-sensory learning board introduces an interesting neurological approach to information retention by engaging multiple sensory pathways simultaneously, which could potentially enhance memory encoding for individuals with learning impairments.","The sensory whiteboard concept is original as it combines tactile and olfactory stimuli to enhance learning, which is not a common approach in educational tools. From an engineering perspective, integrating multiple senses to aid memory retention is innovative, though the idea of sensory boards exists, the specific combination of touch and smell is less frequently explored.",2,1,1,2,,,1,2,2,2,2,2
"This solution represents a basic mnemonic technique that is already widely used in educational technology and learning assistance tools. While using sounds and images can support memory retention, the approach lacks novel technological or cognitive engineering insights that would distinguish it as a truly original intervention for learning impairments.","The use of sounds and images to aid retention is a well-established method in educational design, making this solution unoriginal. While it incorporates multimedia elements, which can enhance learning, the concept itself is commonly employed in various educational settings, thus lacking a unique engineering perspective.",1,1,1,1,,,2,2,1,1,2,2
"This solution represents a basic mnemonic technique that is already widely used in educational technology and learning assistance tools. While using sounds and images can support memory retention, the approach lacks novel technological or cognitive engineering insights that would distinguish it as a truly original intervention for learning impairments.","The use of sounds and images to aid retention is a well-established method in educational design, making it unoriginal. While the combination of auditory and visual stimuli can enhance learning, it is a common approach in various educational tools and applications, thus lacking uniqueness from an engineering perspective.",1,1,1,1,,,2,2,1,1,2,2
"This solution is relatively unoriginal, as summarization techniques are already widely used in educational technology and learning support tools. While potentially helpful for people with learning impairments, bullet point summarization is a standard, well-established method that lacks significant innovative engineering design.","Summarizing books into bullet points is a common technique used in education and information retention, making it unoriginal. While it can be effective for learning, it does not introduce a novel approach or technology that significantly alters the way information is retained.",1,1,1,1,,,2,2,1,1,2,2
"This solution represents a very basic, standard approach to memory assistance that lacks innovative engineering design. Daily reminders are a conventional strategy already widely used in smartphone apps, calendar systems, and assistive technologies, offering minimal novel problem-solving for learning impairments.","The solution of using daily reminders for important tasks is a common approach in both personal productivity and assistive technology. From an engineering perspective, while reminders can be effective, they do not introduce a novel method or technology to assist individuals with learning impairments, making it unoriginal.",1,1,1,1,,,2,2,1,1,2,2
"This solution represents a very basic, standard approach to memory assistance that lacks innovative engineering design. Daily reminders are a conventional strategy already widely used in smartphone apps, calendar systems, and assistive technologies, offering minimal novel problem-solving for learning impairments.","The solution of using daily reminders for important tasks is a common approach in both personal productivity and assistive technology. From an engineering perspective, while reminders can be effective, they do not introduce a novel method or technology to assist individuals with learning impairments, making it unoriginal.",1,1,1,1,,,2,2,1,1,2,2
"This solution represents a basic behavioral conditioning approach that is already well-established in learning and psychology. While habit formation is a valid strategy, it lacks innovative engineering design thinking for addressing learning impairments, relying on a traditional behavioral modification technique that has been extensively studied and applied.","The solution of training individuals through repetitive actions to form habits is a well-established method in behavioral psychology and education, making it unoriginal from an engineering perspective. While it may be effective, it lacks novelty and does not introduce any innovative techniques or technologies that would differentiate it from existing practices.",1,1,1,1,,,2,2,1,1,2,2
"This solution represents a basic behavioral conditioning approach that is already well-established in learning and psychology. While habit formation is a valid strategy, it lacks innovative engineering design thinking for addressing learning impairments, relying on a traditional behavioral modification technique that has been extensively studied and applied.","The solution of training individuals through repetitive actions to form habits is a well-established method in behavioral psychology and education, making it unoriginal from an engineering perspective. While it may be effective, it lacks novelty and does not introduce any innovative techniques or technologies that would differentiate it from existing practices.",1,1,1,1,,,2,2,1,1,2,2
This solution lacks substantive engineering design thinking and provides no specific mechanism for supporting learning retention. It appears to be a generic behavioral suggestion rather than a structured intervention strategy for individuals with learning impairments.,"This solution is unoriginal as it reflects a common emotional response rather than a technical or engineering approach to assisting individuals with learning impairments. From an engineering perspective, it lacks a systematic method or innovative strategy to enhance information retention, making it a typical suggestion rather than a novel idea.",1,1,1,1,,,2,2,1,1,2,2
"The concept of using similitudes (analogies or similarities) for learning retention is a known pedagogical technique in cognitive psychology, making it moderately original. While not entirely novel, applying similitudes systematically for learning impairments shows potential engineering insight into cognitive adaptation strategies.","The use of similitudes, which involves drawing parallels between familiar concepts and new information, is a recognized educational technique. While it can be effective, it is not particularly original as it has been widely applied in various learning contexts, making it a neutral choice in terms of originality.",1,1,1,1,,,2,2,2,1,2,2
"This solution is relatively unoriginal from an engineering perspective, representing a basic organizational strategy that has been commonly suggested for memory assistance. While potentially helpful, it lacks innovative technological or cognitive design approaches to supporting individuals with learning impairments.","The solution of using one location for important items is a common organizational strategy that lacks innovation in addressing learning impairments. From an engineering perspective, while it may help with memory retention, it does not introduce any new methods or technologies that could enhance the learning process for individuals with impairments.",1,1,1,1,,,2,2,1,1,2,2
"This solution is relatively unoriginal from an engineering perspective, representing a basic organizational strategy that has been commonly suggested for memory assistance. While potentially helpful, it lacks innovative technological or cognitive design approaches to supporting individuals with learning impairments.","The solution of using one location for important items is a common organizational strategy that many people already employ, making it unoriginal. From an engineering perspective, while it may help with information retention, it lacks innovative elements or unique applications that would elevate its originality.",1,1,1,1,,,2,2,1,1,2,2
"This solution is relatively unoriginal for addressing learning impairments, as post-it notes are already a standard memory aid tool widely used in educational and organizational settings. While potentially helpful, the approach lacks innovative engineering design thinking for supporting individuals with specific learning challenges.","The use of post-it notes is a well-established method for reminders and organization, making it a common solution in both educational and personal contexts. While it can be effective for individuals with learning impairments, it lacks originality as it does not introduce new technology or innovative methods to enhance information retention.",1,1,1,1,,,2,2,1,1,2,2
"This solution is relatively unoriginal for addressing learning impairments, as post-it notes are already a standard memory aid tool widely used in educational and organizational settings. While potentially helpful, the approach lacks innovative engineering design thinking for supporting individuals with specific learning challenges.","The use of post-it notes is a well-established method for organizing information and reminders, making it a common solution in both personal and professional settings. While it can be effective for some individuals, it lacks originality as it does not introduce any new concepts or technologies to assist people with learning impairments.",1,1,1,1,,,2,2,1,1,2,2
"Repetition is a well-established, traditional learning technique that has been used for centuries in educational settings. From a cognitive science perspective, this solution offers no novel engineering approach to addressing learning impairments, representing a basic, widely known memorization strategy with minimal innovative potential.","The solution of using repetition is very unoriginal as it is a widely recognized and commonly employed technique in education and cognitive psychology for aiding memory retention. From an engineering perspective, it lacks innovation or a novel approach, as it does not introduce any new methods or technologies to enhance the learning process for individuals with learning impairments.",1,1,1,1,,,2,2,1,1,2,2
"Repetition is a well-established, traditional learning technique already widely used in educational psychology and cognitive training. From an engineering perspective, this solution offers no novel technological or methodological approach to addressing learning retention for individuals with impairments.","The solution of using repetition to assist people with learning impairments is very unoriginal as it is a widely recognized and commonly employed technique in educational settings. From an engineering perspective, it lacks innovation or a novel approach, as repetition is a fundamental learning strategy that has been utilized for decades.",1,1,1,1,,,2,2,1,1,2,2
"Repetition is a well-established, traditional learning technique already widely used in educational psychology and cognitive training. From an engineering perspective, this solution offers no novel technological or methodological approach to addressing learning retention for individuals with impairments.","The solution of using repetition to assist people with learning impairments is very unoriginal, as it is a widely recognized and commonly employed technique in educational settings. From an engineering perspective, it lacks innovation or a novel approach, as repetition has been a fundamental method for learning and memory retention for a long time.",1,1,1,1,,,2,2,1,1,2,2
"This solution has moderate originality in educational technology, as gamification strategies have been explored in learning contexts before, but specifically targeting learning impairments represents a more nuanced approach. The concept bridges interactive digital design with specialized educational intervention.","The idea of using video games as teaching platforms is not entirely new, as gamification in education has been explored previously. However, the specific focus on engaging individuals with learning impairments through entertaining methods adds a layer of originality, making it a neutral solution overall. The cleverness lies in recognizing the potential of video games to enhance engagement, which is a thoughtful approach to addressing the issue.",1,1,1,1,,,2,2,2,2,2,2
"This solution has moderate originality in educational technology, as gamification strategies have been explored in learning contexts before, but specifically targeting learning impairments represents a more nuanced approach. The concept bridges interactive digital design with specialized educational intervention.","The idea of using video games as teaching platforms is a moderately original approach, as gamification in education has been explored but is not universally applied, especially for individuals with learning impairments. From an engineering perspective, while the concept is not entirely new, the specific application to enhance engagement for this demographic shows a thoughtful adaptation of existing technology, which adds a layer of cleverness to the solution.",1,1,1,1,,,2,2,2,2,2,2
"This solution has moderate originality in educational technology, as gamification strategies have been explored in learning contexts before, but specifically targeting learning impairments represents a more nuanced approach. The concept bridges interactive digital design with specialized educational intervention.","The idea of using video games as teaching platforms is not entirely new, as gamification in education has been explored previously. However, the specific focus on engaging individuals with learning impairments through entertaining methods adds a layer of originality, making it a neutral solution overall. From an engineering perspective, while the concept is somewhat common, the application to a specific demographic provides a unique angle that could lead to innovative design considerations.",1,1,1,1,,,2,2,2,2,2,2
"This solution demonstrates originality by leveraging cognitive psychology principles of visual processing and narrative comprehension to address learning challenges. The approach transforms traditional information presentation into a more engaging, contextual format that can help individuals with learning impairments create stronger memory associations and cognitive connections.","This solution is original because it applies visual storytelling, a technique often used in media and education, specifically to the context of aiding individuals with learning impairments. From an engineering perspective, it creatively leverages established methods in a novel way to enhance information retention, making it both practical and innovative.",2,1,1,1,,,1,2,2,2,2,2
"This solution demonstrates originality by leveraging cognitive psychology principles of visual processing and narrative comprehension to address learning challenges. The approach transforms traditional information presentation into a more engaging, contextual format that can help individuals with learning impairments create stronger memory associations and cognitive connections.","The use of visual storytelling techniques like comic strips or picture sequences is an original approach to presenting information, as it leverages visual learning strategies that are often underutilized in educational contexts for individuals with learning impairments. From an engineering perspective, this solution creatively combines elements of design and cognitive psychology to enhance information retention, making it a thoughtful and innovative method.",2,2,1,1,,,1,1,2,2,2,2
"This solution demonstrates originality by leveraging cognitive psychology principles of visual processing and narrative comprehension to address learning challenges. The approach transforms traditional information presentation into a more engaging, contextual format that can help individuals with learning impairments create stronger memory associations and cognitive connections.","The use of visual storytelling techniques like comic strips or picture sequences is an original approach to enhancing information retention for individuals with learning impairments, as it leverages visual learning principles that are often underutilized in traditional educational methods. From an engineering perspective, this solution creatively combines elements of design and cognitive psychology to create a more engaging and effective learning tool, distinguishing it from more conventional text-based methods.",2,2,1,1,,,1,2,2,2,2,2
"This solution is extremely unoriginal and lacks innovative engineering thinking. ""Write it down"" is a basic memory technique that has been used for centuries, with no novel technological or cognitive approach to addressing learning impairments.","Writing information down is a very common and traditional method for retaining information, making it highly unoriginal. From an engineering perspective, it lacks innovation and does not leverage any advanced techniques or technologies that could enhance learning for individuals with impairments.",1,1,1,1,,,2,2,1,1,2,2
"This solution is extremely unoriginal and lacks innovative engineering thinking. ""Write it down"" is a basic memory technique that has been used for centuries, with no novel technological or cognitive approach to addressing learning impairments.","The solution ""write it down"" is a very common and straightforward method for retaining information, widely used across various contexts. From an engineering perspective, it lacks innovation or complexity, as it does not introduce any new techniques or technologies to assist individuals with learning impairments.",1,1,1,1,,,2,2,1,1,2,2
"This solution lacks substantive technical detail and provides no innovative approach to addressing learning impairments. It is an extremely generic, non-specific instruction that does not demonstrate any engineering design thinking or problem-solving strategy.","The solution ""write it out"" is very unoriginal as it represents a basic and widely used method for information retention, particularly for individuals with learning impairments. From an engineering perspective, it lacks innovation and does not incorporate any unique techniques or technologies that could enhance the learning process.",1,1,1,1,,,1,2,1,1,2,2
"This solution lacks substantive technical detail and provides no innovative approach to addressing learning impairments. It is an extremely generic, non-specific instruction that does not demonstrate any engineering design thinking or problem-solving strategy.","The solution ""write it out"" is very unoriginal as it represents a basic and widely used method for information retention, particularly for individuals with learning impairments. From an engineering perspective, it lacks innovation and does not incorporate any unique techniques or technologies that could enhance the learning process.",1,1,1,1,,,2,2,1,1,2,2
"This solution appears to be an incomplete or poorly spelled suggestion about writing tools, which lacks specificity and depth for addressing learning impairments. From an engineering perspective, it does not demonstrate meaningful innovation or systematic approach to assistive technology design.","The solution of using writing tools is quite unoriginal as it is a common method employed for aiding individuals with learning impairments. From an engineering perspective, while writing tools can be beneficial, they do not introduce any novel technology or approach that significantly enhances information retention beyond traditional methods.",1,1,1,1,,,2,2,1,1,2,2
"This solution appears to be an incomplete or poorly spelled suggestion about writing tools, which lacks specificity and depth for addressing learning impairments. From an engineering perspective, it does not demonstrate meaningful innovation or systematic approach to assistive technology design.","The solution of using writing tools is quite unoriginal as it is a common method employed for aiding information retention, particularly for individuals with learning impairments. From an engineering perspective, while writing tools can be effective, they do not introduce any novel technology or approach that significantly enhances the learning process beyond traditional methods.",1,1,1,1,,,2,2,1,1,2,2
"This solution describes a basic mobility lift, which is conceptually similar to existing elevator and wheelchair lift technologies. While the description is somewhat vague, it represents a standard assistive technology approach without introducing novel engineering mechanisms or unique problem-solving strategies.","The concept of a lift or elevator to assist individuals with mobility impairments is a well-established solution in engineering, making it unoriginal. While the idea of a ""person type lift"" may suggest a specific design, it does not deviate significantly from existing technologies, resulting in low scores across all criteria.",1,1,1,1,,,2,2,1,1,2,2
"This solution represents a moderate level of originality by proposing a direct mechanical interface between mobility assistance devices and stair infrastructure, which addresses the core navigation challenge. While the concept isn't radically new, it suggests a standardized approach to mobility device integration that could have practical engineering value.","The idea of a universal railing that connects to mobility impairment chairs is somewhat original, as it combines existing concepts of railings and mobility aids in a new way. However, the concept of assistive railings is not entirely novel, and similar ideas have been explored, which limits its originality from an engineering perspective.",2,1,1,1,,,2,2,2,2,2,2
"This solution represents a moderate level of originality by proposing a direct mechanical interface between mobility assistance devices and stair infrastructure, which addresses the core navigation challenge. While the concept isn't radically new, it suggests a standardized approach to mobility device integration that could have practical engineering value.","The concept of a universal railing that connects to mobility devices is somewhat original, as it combines existing ideas of railings and mobility aids in a new way. However, the idea of integrating railings with mobility devices is not entirely novel, as various forms of assistive technology already exist, making it a neutral solution in terms of originality.",2,1,1,1,,,2,2,2,1,2,2
"This solution represents a moderate level of originality by adapting existing escalator technology with enhanced controllability for mobility-impaired users. While not radically innovative, it suggests a pragmatic engineering approach to modifying a known transportation infrastructure technology to improve accessibility.","The idea of a controllable escalator is not particularly original, as escalators are already a common means of assisting mobility in navigating stairs. While the concept of adding control features may offer some customization, it does not significantly deviate from existing escalator technology, making it less innovative from an engineering perspective.",1,1,1,1,,,2,2,2,1,2,2
"This solution represents a moderate level of originality by adapting existing escalator technology with enhanced controllability for mobility-impaired users. While not radically innovative, it suggests a pragmatic engineering approach to modifying a known transportation infrastructure technology to improve accessibility.","The idea of a controllable escalator is not particularly original, as escalators are already a common solution for navigating stairs, and adding control features does not significantly deviate from existing designs. While the concept may offer some customization, it does not introduce a fundamentally new approach to the problem of mobility impairments.",1,1,1,1,,,2,2,2,1,2,2
"This solution represents a moderate level of originality by adapting existing escalator technology with enhanced controllability for mobility-impaired users. While not radically innovative, it suggests a pragmatic engineering approach to modifying a known transportation infrastructure technology to improve accessibility.","The idea of a controllable escalator is not particularly original, as escalators are already a common solution for navigating stairs, and adding control features does not significantly deviate from existing designs. While the concept may offer some customization, it does not introduce a fundamentally new approach to the problem of mobility impairments.",1,1,1,1,,,2,2,2,1,2,2
"This solution introduces a dynamic, adaptive assistive technology that transforms traditional static railings into an active mobility aid. The concept of motorized, responsive railings that can dynamically adjust to a user's movement represents an innovative approach to addressing stair navigation challenges for people with mobility impairments.","The concept of assisted railings that move to support users is original as it combines existing railing systems with dynamic movement, which is not commonly seen in stair navigation solutions. This approach demonstrates innovative thinking by enhancing user interaction with the environment, making it a clever adaptation of traditional design.",2,2,1,1,,,1,2,2,2,2,2
"This solution of ""balancing aids"" is quite generic and lacks specific engineering innovation for mobility-impaired stair navigation. While potentially helpful, it represents a broad conceptual category rather than a novel technological approach to addressing stair accessibility challenges.","The concept of balancing aids is not particularly original as it has been widely used in various forms, such as canes and walkers, to assist individuals with mobility impairments. From an engineering perspective, while the idea may have some variations, it does not introduce a fundamentally new approach to navigating stairs, making it unoriginal.",1,1,1,1,,,2,2,1,1,2,2
"This solution of ""balancing aids"" is quite generic and lacks specific engineering innovation for mobility-impaired stair navigation. While potentially helpful, it represents a broad conceptual category rather than a novel technological approach to addressing stair accessibility challenges.","The concept of using balancing aids for mobility impairments is not particularly original, as various forms of support devices like canes and walkers have been in use for a long time. While the idea may have some merit in specific contexts, it does not significantly deviate from established solutions in the field of mobility assistance.",1,1,1,1,,,2,2,1,1,2,2
"Building a ramp is a standard, well-established accessibility solution that has been widely implemented in building codes and design standards for decades. While functional, this approach lacks innovative engineering thinking and represents a conventional method for addressing mobility challenges that has been extensively used before.","Building a ramp is a well-established solution for helping people with mobility impairments navigate stairs, making it very unoriginal from an engineering perspective. While ramps are effective, they are a common approach and do not introduce new concepts or technologies that would enhance accessibility in a novel way.",1,1,1,1,,,2,2,1,1,2,2
"This solution is unoriginal because ramps are already a standard accessibility accommodation in many buildings and public spaces. While important, simply suggesting more ramps does not represent a novel engineering approach to mobility assistance.","The solution of building more ramps is a common approach to improving accessibility for individuals with mobility impairments, particularly in navigating stairs. From an engineering perspective, while ramps are effective, they are a well-established solution and do not introduce new concepts or innovative designs, leading to a low originality rating.",1,1,1,1,,,2,2,1,1,2,2
"A mobility assistance cane is an extremely standard assistive device that has existed for centuries. While useful, this solution offers no novel engineering approach to specifically addressing stair navigation challenges for people with mobility impairments.","The solution of using a cane is very unoriginal as it is a widely recognized and commonly used mobility aid for individuals with impairments. From an engineering perspective, it does not introduce any new concepts or technologies to assist with navigating stairs, making it a standard rather than an innovative solution.",1,1,1,1,,,2,2,1,1,2,2
"A mobility assistance cane is an extremely standard assistive device that has existed for centuries. While useful, this solution offers no novel engineering approach to specifically addressing stair navigation challenges for people with mobility impairments.","A cane is a very common mobility aid that has been used for centuries, making it a highly unoriginal solution to the problem of navigating stairs for people with mobility impairments. From an engineering perspective, it does not introduce any new technology or innovative design features that would enhance its functionality in this specific context.",1,1,1,1,,,2,2,1,1,2,2
"This solution demonstrates significant engineering creativity by reimagining stairs as a dynamic mobility system, integrating a chair mechanism directly into the architectural structure. The concept of transformable infrastructure that can dynamically adapt to user needs represents an innovative approach to assistive mobility design.","This solution is original because it combines the concept of a chair with an elevator mechanism, which is not a typical approach to addressing mobility impairments on stairs. From an engineering perspective, the integration of a chair that can emerge from the side of the stairwell presents a unique design challenge and offers a novel way to assist users, distinguishing it from more conventional solutions like ramps or stairlifts.",2,2,1,1,,,1,2,2,2,2,2
"This solution demonstrates significant engineering creativity by reimagining stairs as a dynamic mobility system, integrating a chair mechanism directly into the architectural structure. The concept of transformable infrastructure that can dynamically adapt to user needs represents an innovative approach to assistive mobility design.","This solution is original because it combines the concept of a chair with an elevator mechanism, which is not a typical approach to addressing mobility impairments on stairs. The idea of a chair that emerges from the side of the stairwell is uncommon and presents a unique way to assist users, though it still relates to existing concepts of elevators and lifts.",2,2,1,1,,,1,2,2,2,2,2
"Collapsible ramps represent a moderately original engineering solution to mobility challenges, as they address the spatial constraints of traditional fixed ramps by introducing a transformable design. While the core concept isn't entirely novel, the adaptability and compact storage potential show thoughtful engineering consideration.","Collapsible ramps are a practical solution for mobility impairments, but they are not particularly original as similar designs have been used in various contexts, such as for loading goods or in temporary accessibility setups. While the concept is functional and can be adapted for different environments, it does not significantly deviate from existing solutions in the field of mobility assistance.",1,1,1,1,,,2,2,2,1,2,2
"Collapsible ramps represent a moderately original engineering solution to mobility challenges, as they address the spatial constraints of traditional fixed ramps by introducing a transformable design. While the core concept isn't entirely novel, the adaptability and compact storage potential show thoughtful engineering consideration.","Collapsible ramps are a practical solution for mobility impairments, but they are not particularly original as similar designs have been used in various contexts, such as for loading goods or in temporary accessibility setups. While the concept is functional and can be adapted for different environments, it does not significantly deviate from existing solutions in the field of mobility assistance.",1,1,1,1,,,2,2,2,1,2,2
"This solution demonstrates significant engineering originality by integrating adaptive mobility technology directly into the wheelchair's core design, transforming the device's functional capabilities without requiring separate infrastructure modifications. The concept cleverly reimagines wheelchair mobility by creating a multi-mode transportation mechanism that seamlessly interfaces with existing architectural elements.","This solution is original because it combines two existing concepts—wheelchairs and stair lifts—into a novel design that enhances mobility for users with impairments. The idea of integrating stair railing connectors into a wheelchair is not commonly seen, making it a unique approach to addressing the challenge of navigating stairs.",2,2,1,1,,,1,2,2,2,2,2
"This solution demonstrates significant engineering originality by integrating adaptive mobility technology directly into the wheelchair's core design, transforming the device's functional capabilities without requiring separate infrastructure modifications. The concept cleverly reimagines wheelchair mobility by creating a multi-mode transportation mechanism that seamlessly interfaces with existing architectural elements.","This solution is original because it combines two existing concepts—wheelchairs and stair lifts—into a novel design that enhances mobility for users with impairments. The idea of integrating stair railing connectors into a wheelchair is not commonly seen, making it a unique approach to addressing the challenge of navigating stairs.",2,2,1,1,,,1,2,2,2,2,2
"This solution represents a moderately original approach to mobility assistance, as it proposes a modular and adaptable stair modification that doesn't require complete structural redesign. While not radically innovative, the concept of removable, lockable ramps offers a practical intermediate solution between complex mobility technologies and existing infrastructure.","The concept of ""on-top-of-stair-ramps"" is somewhat original as it offers a practical adaptation to existing stairs, but similar ideas of portable ramps have been explored before. From an engineering perspective, while the idea is functional and addresses a real need, it does not significantly deviate from existing solutions, making it neutral in originality.",2,1,1,1,,,2,2,2,1,2,2
"This solution represents a moderately original approach to mobility assistance, as it proposes a modular and adaptable stair modification that doesn't require complete structural redesign. While not radically innovative, the concept of removable, lockable ramps offers a practical intermediate solution between complex mobility technologies and existing infrastructure.","The idea of using ramps on top of existing stairs is somewhat original, as it offers a straightforward solution to a common problem. However, the concept of ramps for stairs is not new, making it neutral in terms of originality. The cleverness lies in the ease of installation and safety features, which enhance its practicality.",2,1,1,1,,,2,2,2,2,2,2
"This solution demonstrates a moderate level of originality by proposing a spatial reconfiguration of stairs, suggesting splitting the staircase to create parallel pathways. However, the concept is not radically innovative, as it essentially proposes a standard engineering approach of duplicating infrastructure with minor modification.","The idea of dividing a staircase into two smaller sets of stairs is somewhat original, as it presents a different approach to stair design. However, the concept of modifying stair dimensions is not entirely new in engineering, making it a neutral solution in terms of originality.",2,1,1,1,,,2,2,2,1,2,2
"This solution offers a modest modification to standard stair design by rounding step edges, which could provide slightly better grip and stability for users with mobility challenges. While not radically innovative, it represents a pragmatic ergonomic approach to improving stair accessibility.","The idea of rounding the ends of each step is not particularly original, as it resembles existing designs that aim to improve safety and ease of use on stairs. While it may offer some benefits, it does not introduce a fundamentally new concept or technology in the context of mobility aids.",2,1,1,1,,,2,2,2,1,2,2
"This solution offers a modest modification to standard stair design by rounding step edges, which could provide slightly better grip and stability for users with mobility challenges. While not radically innovative, it represents a pragmatic ergonomic approach to improving stair accessibility.","The idea of rounding the ends of each step is not particularly original, as it resembles existing designs that aim to improve safety and ease of use on stairs. While it may offer some benefits, it does not introduce a fundamentally new concept or technology in the realm of mobility aids for stairs.",2,1,1,1,,,2,2,2,1,2,2
"This solution offers a modest modification to standard stair design by rounding step edges, which could provide slightly better grip and stability for users with mobility challenges. While not radically innovative, it represents a pragmatic ergonomic approach to improving stair accessibility.","The idea of rounding the ends of each step is not particularly original, as it resembles existing designs that aim to improve safety and ease of use on stairs. From an engineering perspective, while the concept may offer some benefits, it does not introduce a fundamentally new approach to addressing mobility impairments, making it more of a variation on existing solutions rather than an innovative one.",2,1,1,1,,,2,2,2,1,2,2
"This solution appears to be a misinterpretation or inappropriate reference, lacking serious engineering consideration for mobility assistance. While the term might suggest mobility equipment, it does not represent a thoughtful, original approach to helping people navigate stairs.","Electric chairs are a well-established solution for assisting individuals with mobility impairments, particularly in navigating stairs. From an engineering perspective, while they provide a functional means of mobility, they are not original as they have been widely used and are considered a common approach to addressing this issue.",1,1,1,1,,,2,2,1,1,2,2
"This solution simply suggests ""elevators"" in Spanish, which is a standard accessibility solution for navigating stairs. While technically valid, it lacks innovative engineering design and represents a conventional approach to mobility assistance that has been widely implemented for decades.","The solution of using elevators (elevadores) for helping people with mobility impairments navigate stairs is quite common and widely implemented in various buildings. From an engineering perspective, while elevators are effective, they do not present a novel approach to the problem, as they are a standard solution rather than an innovative or unique one.",1,1,1,1,,,2,2,1,1,2,2
"This solution simply suggests ""elevators"" in Spanish, which is a standard accessibility solution for navigating stairs. While technically valid, it lacks innovative engineering design and represents a conventional approach to mobility assistance that has been widely implemented for decades.","The solution ""elevadores"" (elevators) is a well-established method for assisting individuals with mobility impairments in navigating stairs. From an engineering perspective, while elevators are effective, they are a common and traditional approach, lacking originality in the context of innovative design solutions for this problem.",1,1,1,1,,,2,2,1,1,2,2
"This solution suggests a personalized elevator mechanism that adjusts to an individual's specific body weight, which introduces a moderately novel approach to mobility assistance. While the core concept of weight-based transportation isn't entirely new, the personalization aspect provides a slight engineering twist to traditional elevator design.","The concept of an elevator that operates based on the user's weight is not particularly original, as weight-based mechanisms are commonly used in various applications, including some elevators. While the idea may have some unique aspects, it largely aligns with existing technologies, making it less innovative from an engineering perspective.",2,1,1,1,,,2,2,2,1,2,2
"This solution suggests a personalized elevator mechanism that adjusts to an individual's specific body weight, which introduces a moderately novel approach to mobility assistance. While the core concept of weight-based transportation isn't entirely new, the personalization aspect provides a slight engineering twist to traditional elevator design.","The concept of an elevator is a well-established solution for navigating vertical spaces, making this idea unoriginal. While the notion of using one's own weight to operate the elevator introduces a slight twist, it does not significantly deviate from conventional elevator designs, which typically rely on external power sources.",2,1,1,1,,,2,2,2,1,2,2
"This solution is relatively unoriginal as chair attachments for mobility assistance have been proposed before, and integrating such a chair into an existing escalator infrastructure is a straightforward engineering adaptation. While functional, it lacks significant innovative engineering design beyond basic assistive technology concepts.","The concept of an escalator with a chair attachment is somewhat original as it combines two existing technologies, but it is not particularly innovative since it closely resembles existing solutions like stairlifts. From an engineering perspective, while the idea is practical, it does not significantly deviate from established methods of assisting mobility-impaired individuals.",1,1,1,1,,,2,2,1,1,2,2
"This solution is relatively unoriginal as chair attachments for mobility assistance have been proposed before, and integrating such a chair into an existing escalator infrastructure is a straightforward engineering adaptation. While functional, it lacks significant innovative engineering design beyond basic assistive technology concepts.","The concept of an escalator with a chair attachment is somewhat original as it combines two existing technologies, but it is not particularly innovative since it closely resembles existing solutions like stairlifts or mobility scooters. From an engineering perspective, while the idea has merit, it does not significantly deviate from established methods of assisting individuals with mobility impairments.",1,1,1,1,,,2,2,1,1,2,2
"Ramps are a standard, well-established accessibility solution in building design and disability accommodation. While important, this approach represents a conventional engineering response that has been widely implemented in public spaces for decades, offering minimal novelty in addressing mobility challenges.","The idea of installing ramps as alternate routes for navigating stairs is a common approach in accessibility design, making it unoriginal. While it is a practical solution, it does not introduce any new concepts or technologies that significantly differ from existing methods used in building design and urban planning.",1,1,1,1,,,2,2,1,1,2,2
"Ramps are a standard, well-established accessibility solution in building design and disability accommodation. While important, this approach represents a conventional engineering response that has been widely implemented in public spaces for decades, offering minimal novelty in addressing mobility challenges.","The idea of installing ramps as alternate routes for navigating stairs is a common approach in accessibility design, making it unoriginal. While it is a practical solution, it does not introduce any new concepts or technologies that significantly differ from existing methods used in building design and urban planning.",1,1,1,1,,,2,2,1,1,2,2
"This solution introduces a technological approach to mobility assistance by leveraging robotics, which shows some originality in addressing stair navigation. However, the concept of robotic assistance is not entirely novel in assistive technology, placing it in a neutral originality range.","The idea of using robots to assist individuals with mobility impairments in navigating stairs is original because it leverages advanced robotics technology in a novel application. While robotic assistance is becoming more common in various fields, its specific application to stair navigation is still relatively uncommon and demonstrates a creative approach to solving the problem.",1,2,1,1,,,2,2,1,2,2,2
"This solution represents a standard, conventional accessibility approach already widely implemented in many public buildings and spaces. While technically valid, it lacks innovative engineering thinking and merely restates an existing accessibility strategy without introducing any novel technological or design insights.","The idea of installing lifts designed for mobility impairments is a common approach in addressing accessibility issues, making it unoriginal. While it is a practical solution, it does not introduce any new concepts or technologies that significantly deviate from existing practices in engineering design for accessibility.",1,1,1,1,,,2,2,1,1,2,2
"This solution represents a standard, conventional accessibility approach already widely implemented in many public buildings and spaces. While technically valid, it lacks innovative engineering thinking and merely restates an existing accessibility strategy without introducing any novel technological or design insights.","The idea of installing lifts designed for mobility impairments is a common approach in accessibility engineering, making it unoriginal. While it is a practical solution, it does not introduce any new concepts or technologies that significantly differ from existing solutions.",1,1,1,1,,,2,2,1,1,2,2
"This solution represents a moderately original approach to stair navigation for wheelchair users by proposing a specialized rail system, which shows some engineering thinking. However, the concept is conceptually similar to existing stair lift and inclined platform lift technologies already used in accessibility design.","The idea of implementing railways for wheelchairs on stairs is a neutral solution as it builds on existing concepts of wheelchair lifts and stairlifts, which are already in use. While the specific implementation may have some unique aspects, the overall concept is not particularly original from an engineering perspective, as it does not introduce a fundamentally new approach to the problem of navigating stairs.",1,1,1,1,,,2,2,2,1,2,2
"This solution represents a moderately original approach to stair navigation for wheelchair users by proposing a specialized rail system, which shows some engineering thinking. However, the concept is conceptually similar to existing stair lift and inclined platform lift technologies already used in accessibility design.","The idea of implementing railways for wheelchairs on stairs is a neutral solution as it combines existing concepts of rail systems and wheelchair accessibility. While it is a practical approach, it does not introduce a significantly new concept or technology, making it somewhat common in the realm of mobility solutions.",1,1,1,1,,,2,2,2,1,2,2
"This solution represents a moderately original approach to stair navigation for wheelchair users by proposing a specialized rail system, which shows some engineering thinking. However, the concept is conceptually similar to existing stair lift and inclined platform lift technologies already used in accessibility design.","The idea of implementing railways for wheelchairs on stairs is a neutral concept as it builds on existing ideas of stairlifts and wheelchair ramps, which are common solutions for mobility impairments. However, the specific adaptation of railways for wheelchair navigation on stairs shows some originality in its approach, making it a moderately original solution.",1,1,1,1,,,2,2,2,2,2,2
"This solution represents a moderately original approach to stair navigation for wheelchair users by proposing a specialized rail system, which shows some engineering thinking. However, the concept is conceptually similar to existing stair lift and inclined platform lift technologies already used in accessibility design.","The idea of implementing railways for wheelchairs on stairs is a neutral solution as it combines existing concepts of rail systems and wheelchair accessibility. While it is a practical approach, it does not introduce a significantly new or innovative engineering concept, as similar systems have been proposed or implemented in various forms, such as stairlifts and inclined elevators.",1,1,1,1,,,2,2,2,1,2,2
This solution represents a highly innovative approach to mobility assistance by conceptualizing a transformative wheelchair that can dynamically adapt its locomotion mechanism. The integration of robotic leg technology with wheelchair design introduces a novel paradigm of adaptive mobility that transcends traditional assistive device limitations.,"This solution is original as it combines two distinct mobility technologies—wheelchairs and robotic legs—into a hybrid system that allows for versatile navigation. From an engineering perspective, the integration of robotics into existing mobility aids in a dynamic manner is not commonly explored, making it a unique and innovative approach to addressing the challenge of navigating stairs.",2,2,1,1,,,1,2,2,2,2,2
This solution represents a highly innovative approach to mobility assistance by conceptualizing a transformative wheelchair that can dynamically adapt its locomotion mechanism. The integration of robotic leg technology with wheelchair design introduces a novel paradigm of adaptive mobility that transcends traditional assistive device limitations.,"This solution is original because it combines two distinct mobility technologies—wheelchairs and robotic legs—into a single adaptive system, which is not commonly seen in existing designs. From an engineering perspective, the integration of robotics in this manner presents unique challenges and innovations, making it a creative approach to addressing mobility impairments.",2,1,1,1,,,1,2,2,2,2,2
"This is a straightforward, incremental modification to existing stair design that represents a minimal adaptation to assist mobility-impaired individuals. While technically helpful, the solution lacks innovative engineering thinking and closely mirrors standard accessibility recommendations already widely implemented in building codes.","From an engineering perspective, adding an additional handrail is a straightforward modification that is commonly suggested for improving safety on stairs. This solution lacks originality as it does not introduce a new concept or innovative approach to assist individuals with mobility impairments beyond existing safety standards.",1,1,1,1,,,2,2,1,1,2,2
"This is a straightforward, incremental modification to existing stair design that represents a minimal adaptation to assist mobility-impaired individuals. While technically helpful, the solution lacks innovative engineering thinking and closely mirrors standard accessibility recommendations already widely implemented in building codes.","From an engineering perspective, adding an additional handrail is a straightforward modification that is commonly suggested for improving safety on stairs. This solution lacks originality as it does not introduce a new concept or innovative approach to assist individuals with mobility impairments beyond existing safety measures.",1,1,1,1,,,2,2,1,1,2,2
"This is a straightforward, incremental modification to existing stair design that represents a minimal adaptation to assist mobility-impaired individuals. While technically helpful, the solution lacks innovative engineering thinking and closely mirrors standard accessibility recommendations already widely implemented in building codes.","From an engineering perspective, adding an additional handrail is a straightforward modification that is commonly suggested for improving safety on stairs. This solution lacks originality as it does not introduce a new concept or innovative approach to assist individuals with mobility impairments beyond existing safety measures.",1,1,1,1,,,2,2,1,1,2,2
"This solution demonstrates originality by proposing a biomechanical assistive device that reduces muscular effort during stair navigation, which addresses mobility challenges through mechanical advantage and energy reduction principles. The approach shows innovative thinking by focusing on reducing leg movement resistance rather than simply replacing leg function.","The concept of a device that assists with leg movement by reducing the strength needed to lift a leg is somewhat original, as it combines elements of assistive technology with biomechanics. However, similar ideas exist in the realm of exoskeletons and mobility aids, making it not particularly unique or remote from existing solutions.",2,1,1,1,,,2,2,2,1,2,2
"This solution demonstrates significant originality by fundamentally reimagining mobility assistance technology beyond traditional ground-based transportation. The concept of a flying wheelchair represents a radical departure from conventional mobility devices, introducing an entirely new paradigm of personal transportation for individuals with mobility impairments.","From an engineering perspective, the concept of a flying wheelchair is highly original as it combines mobility assistance with aerial technology, which is not a common approach to addressing stair navigation. While the idea may face significant technical challenges, its innovative nature and departure from traditional ground-based mobility solutions make it stand out as a very original concept.",2,2,1,1,,,2,2,2,2,2,2
"This solution demonstrates significant originality by fundamentally reimagining mobility assistance technology beyond traditional ground-based transportation. The concept of a flying wheelchair represents a radical departure from conventional mobility devices, introducing an entirely new paradigm of personal transportation for individuals with mobility impairments.","From an engineering perspective, the concept of a flying wheelchair is highly original as it combines mobility assistance with aerial transportation, which is not a common approach to addressing stair navigation. The idea is remote from typical solutions, as it challenges conventional designs and introduces innovative technology, although the practicality and feasibility of such a device may raise questions.",2,2,1,1,,,2,2,2,2,2,2
"This solution demonstrates significant originality by fundamentally reimagining mobility assistance technology beyond traditional ground-based transportation. The concept of a flying wheelchair represents a radical departure from conventional mobility devices, introducing an entirely new paradigm of personal transportation for individuals with mobility impairments.","From an engineering perspective, the concept of a flying wheelchair is highly original as it combines mobility assistance with aerial transportation, which is not a common approach to addressing stair navigation. The idea is remote from typical solutions, as it challenges conventional methods and introduces innovative technology, although the feasibility and practicality of such a device may raise questions.",2,2,1,1,,,2,2,2,2,2,2
"This solution represents a basic design modification that is relatively straightforward and has likely been considered before in architectural and accessibility design. While technically valid, it lacks innovative engineering insight and primarily restates a simple geometric adjustment to stair design.","The idea of creating shorter steps instead of taller ones is a straightforward modification of existing stair design, which makes it somewhat neutral in originality. While it offers a practical approach to addressing mobility impairments, it does not introduce a fundamentally new concept or technology, thus scoring lower on the remote scale.",1,1,1,1,,,2,2,1,1,2,2
"This solution represents a basic ergonomic modification that has been discussed in architectural design for decades. While technically valid, it lacks innovative engineering thinking and merely suggests a straightforward geometric adjustment to stair design that has already been considered in accessibility standards.","The idea of creating shorter steps instead of taller ones is a straightforward modification of existing stair design, which makes it somewhat neutral in originality. While it may provide a practical approach to assist those with mobility impairments, it does not introduce a fundamentally new concept or technology, thus scoring lower on the originality scale.",1,1,1,1,,,2,2,1,1,2,2
"This solution represents a basic ergonomic modification that has been discussed in architectural design for decades. While technically valid, it lacks innovative engineering thinking and merely suggests a straightforward geometric adjustment to stair design that has already been considered in accessibility standards.","The idea of creating more shorter steps instead of fewer taller ones is a straightforward adaptation of existing stair design principles, which makes it somewhat neutral in originality. While it does offer a different approach to stair design, it does not significantly deviate from conventional methods, thus scoring lower on the remote scale.",1,1,1,1,,,2,2,1,1,2,2
"Non-slip material is a standard, well-established approach in accessibility design that has been widely used in stair and mobility assistance contexts. While functionally useful, this solution lacks innovative engineering thinking and represents a basic, incremental improvement rather than a novel approach to helping people with mobility impairments navigate stairs.","The use of non-slip materials for stairs is a common approach to enhance safety for individuals with mobility impairments. While it addresses a significant issue, it lacks originality as it is a widely recognized and implemented solution in various contexts, making it unoriginal from an engineering perspective.",1,1,1,1,,,2,2,1,1,2,2
"Non-slip material is a standard, well-established approach in accessibility design that has been widely used in stair and mobility assistance contexts. While functionally useful, this solution lacks innovative engineering thinking and represents a basic, incremental improvement rather than a novel approach to helping people with mobility impairments navigate stairs.","The use of non-slip material is a common approach in engineering to enhance safety on stairs, particularly for individuals with mobility impairments. While it addresses a critical issue, it lacks originality as it is a widely recognized and implemented solution in various contexts, making it unoriginal from a STEM perspective.",1,1,1,1,,,2,2,1,1,2,2
"This solution represents a generalized approach to assistive technology that lacks specific technical innovation. While addressing mobility impairments comprehensively is important, the description is too broad and lacks a distinctive engineering mechanism or novel technological strategy for solving stair navigation challenges.","This solution is unoriginal because it suggests a broad approach that is commonly discussed in the field of assistive technology. While the idea of tailoring technologies to specific impairments is important, it lacks a unique or innovative angle that distinguishes it from existing solutions.",1,1,1,1,,,2,2,1,1,2,2
"Ramps are a standard, well-established accessibility solution that has been widely implemented in building design for decades. While important and functional, this solution lacks innovative engineering approaches to addressing mobility challenges on stairs and represents a conventional accessibility strategy.","Ramps are a very common and well-established solution for helping people with mobility impairments navigate stairs. From an engineering perspective, they are a standard accessibility feature and do not present any novel or innovative approach to the problem, resulting in a low originality rating.",1,1,1,1,,,2,2,1,1,2,2
"Ramps are a standard, well-established accessibility solution that has been widely implemented in building design for decades. While important for mobility, this solution lacks innovative engineering approaches to addressing stair navigation for people with mobility impairments.","Ramps are a widely recognized and standard solution for helping people with mobility impairments navigate stairs, making them unoriginal from an engineering perspective. While they are effective, their commonality and straightforward design do not present a novel approach to the problem.",1,1,1,1,,,2,2,1,1,2,2
"This solution is quite standard and has been widely implemented in accessibility design for decades. While functional, it represents a conventional approach to mobility accessibility that has been standard building practice since the Americans with Disabilities Act (ADA) guidelines were established.","The idea of replacing stairs with an inclined ramp is a common solution in accessibility design, particularly for public buildings and homes. While it is a practical approach, it lacks originality as it is widely recognized and implemented in various contexts, making it unoriginal from an engineering perspective.",1,1,1,1,,,2,2,1,1,2,2
"This solution is relatively unoriginal because ramps are already a standard accessibility modification in many buildings. While universally replacing stairs with ramps would improve mobility, it's a straightforward and widely known approach that lacks innovative engineering insight into solving stair navigation challenges.","From an engineering perspective, replacing stairs with ramps is a straightforward adaptation of existing accessibility solutions, making it unoriginal. While it addresses the problem of mobility impairments, it is a common approach in building design and does not introduce a novel concept or technology.",1,1,1,1,,,2,2,1,1,2,2
"This solution represents a moderate level of originality by proposing a direct mechanical approach to mobility assistance. While robotic mobility aids are not entirely new, a dedicated human-carrying robot specifically designed for stair navigation introduces some novel engineering challenges in balance, weight distribution, and adaptive mobility.","The concept of a robot that carries people is not particularly original, as it closely resembles existing technologies like robotic wheelchairs and personal mobility devices. From an engineering perspective, while the idea may have some merit, it lacks innovation in terms of design or functionality compared to current solutions in the field of mobility assistance.",2,1,1,1,,,2,2,2,1,2,2
"This solution represents a moderate level of originality by proposing a direct mechanical approach to mobility assistance. While robotic mobility aids are not entirely new, a dedicated human-carrying robot specifically designed for stair navigation introduces some novel engineering challenges in balance, weight distribution, and adaptive mobility.","The concept of a robot that carries people is not particularly original, as various forms of robotic transport systems have been proposed and developed in the past. While the idea may have some unique aspects depending on its design, the fundamental concept of using robots for mobility assistance is already well-established in the field of engineering.",2,1,1,1,,,2,2,2,1,2,2
"This solution represents a moderate level of originality by proposing a direct mechanical approach to mobility assistance. While robotic mobility aids are not entirely new, a dedicated human-carrying robot specifically designed for stair navigation introduces some novel engineering challenges and potential design innovations.","The concept of a robot that carries people is not particularly original, as various forms of robotic assistance for mobility have been explored in engineering and robotics. While the idea may have some unique aspects depending on its design, the fundamental concept of using robots for transportation is common in existing technologies.",2,1,1,1,,,2,2,2,1,2,2
"Rolling stairs represent a moderately original concept that adapts existing stair technology by introducing mobility mechanisms. While the core idea of movable stairs isn't radically new, integrating rolling capabilities into stair design offers a potentially innovative approach to accessibility for mobility-impaired individuals.","The concept of rolling stairs is somewhat original as it combines mobility aids with a traditional architectural feature, but it is not entirely new or innovative in the context of engineering solutions for mobility impairments. While the idea has potential, it does not significantly deviate from existing concepts like ramps or lifts, making it a neutral solution in terms of originality.",2,1,1,1,,,2,2,2,1,2,2
"This solution introduces a sensory element to stair navigation for mobility-impaired individuals, which adds a novel approach to existing assistive technologies. While the core concept of tactile guidance is not entirely new, integrating specialized sensory rails specifically designed to mark stair boundaries represents a moderately original engineering approach.","The concept of sensory rails is original as it introduces a novel way to assist individuals with mobility impairments by providing tactile or auditory feedback about stair locations. This approach is less common than traditional solutions like ramps or lifts, making it a unique contribution to the field of assistive technology.",1,2,1,1,,,2,2,2,2,2,2
"This solution introduces a sensory element to stair navigation for mobility-impaired individuals, which adds a novel approach to existing assistive technologies. While the core concept of tactile guidance isn't entirely new, integrating specialized sensory rails specifically designed to mark stair boundaries represents a moderately original engineering approach.","The concept of sensory rails is original as it introduces a novel way to assist individuals with mobility impairments by providing tactile or auditory feedback about stair locations. This approach is less common than traditional solutions like ramps or lifts, making it a unique contribution to the field of assistive technology.",2,2,1,1,,,2,2,2,2,2,2
"This solution offers a moderate level of originality by proposing a mechanical assistance mechanism integrated directly into footwear or stair surfaces. While the concept of energy-assisted movement is not entirely new, the specific application to stair navigation for mobility-impaired individuals represents a somewhat novel engineering approach.","The concept of using bouncy soles or pads to assist with mobility is original as it combines footwear with a mechanical advantage to aid in lifting legs, which is not a common approach in mobility aids. While the idea of using cushioning for support is somewhat familiar, the specific application to stairs and the innovative use of bounciness to enhance mobility makes it a clever and relatively uncommon solution.",1,1,1,1,,,2,2,2,2,2,2
"The solution of using a slide is only marginally original for mobility assistance. While it could provide an alternative to stairs, slides are already commonly used in playgrounds and emergency evacuation scenarios, and do not represent a novel engineering approach to accessibility challenges.","The idea of using a slide as a means for mobility-impaired individuals to navigate stairs is not particularly original, as it resembles existing concepts like ramps or chutes. While it may offer a playful alternative, it lacks the engineering innovation typically associated with more sophisticated mobility solutions.",1,1,1,1,,,2,2,1,1,2,2
"The solution of using a slide is only marginally original for mobility assistance. While it could provide an alternative to stairs, slides are already commonly used in playgrounds and emergency evacuation scenarios, and do not represent a novel engineering approach to accessibility challenges.","The idea of using a slide as a means for mobility-impaired individuals to navigate stairs is not particularly original, as it resembles existing concepts like ramps or chutes. While it may offer a playful alternative, it lacks innovation in engineering design and does not address safety or practicality concerns effectively.",1,1,1,1,,,2,2,1,1,2,2
"This solution represents a basic, straightforward design modification that has been widely considered in accessibility engineering. While technically valid, it lacks innovative thinking and closely mirrors standard architectural accommodation strategies already implemented in many building codes.","The idea of smaller steps is a straightforward adaptation of existing stair design principles, making it unoriginal as it does not introduce a novel concept or technology. While it addresses the issue of mobility impairments, it is a common approach that lacks innovation in engineering design.",1,1,1,1,,,2,2,1,1,2,2
"This solution represents a moderate level of originality in assistive mobility technology. While powered exoskeletons and leg braces exist, the specific approach of muscle-assist technology for stair navigation shows some innovative engineering thinking by directly addressing muscle support mechanisms.","The concept of using powered leg braces to assist mobility is not entirely new, as similar technologies exist in the field of assistive devices. However, the specific implementation and design can vary, making it a neutral solution in terms of originality. The cleverness lies in the integration of power assistance to enhance muscle function, which shows insight into addressing mobility impairments effectively.",1,1,1,1,,,2,2,2,2,2,2
"This solution represents a moderate level of originality in assistive mobility technology. While powered exoskeletons and leg braces exist, the specific approach of muscle-assist technology for stair navigation shows some innovative engineering thinking by directly addressing muscle support mechanisms.","The concept of using powered leg braces to assist mobility is not entirely new, as similar technologies exist in the field of assistive devices. However, the specific implementation and design details could vary, making it a neutral solution in terms of originality. From an engineering perspective, while the idea is innovative, it does not significantly deviate from existing powered exoskeleton technologies, which limits its originality score.",1,1,1,1,,,2,2,2,1,2,2
"Spiral staircases are an established architectural design that already exists, offering limited novelty for mobility-impaired navigation. While potentially useful, this solution does not introduce a new engineering approach to addressing stair accessibility challenges.","A spiral staircase is a common architectural feature that has been used for centuries, making it unoriginal in the context of engineering solutions for mobility impairments. While it may offer a space-saving design, it does not specifically address the needs of individuals with mobility challenges, thus lacking innovation in this context.",1,1,1,1,,,2,2,1,1,2,2
"This solution represents a moderate level of originality by adapting existing elevator technology to a specific mobility challenge. While not entirely novel, the concept of integrating a mobility-specific elevator directly into staircase infrastructure shows thoughtful engineering adaptation.","From an engineering perspective, staircase elevators are a relatively common solution for addressing mobility impairments, as they have been implemented in various forms in many public and private buildings. While the concept of a staircase elevator is practical, it lacks originality due to its prevalence in existing designs and solutions.",1,1,1,1,,,2,2,2,1,2,2
"Stairlifts are a well-established assistive technology that have been commercially available for decades. While functional, they represent a straightforward and predictable engineering solution to mobility challenges on stairs, lacking significant innovative breakthrough or novel conceptual approach.","Stairlifts are a well-established solution for helping individuals with mobility impairments navigate stairs, making them a common choice in the field of assistive technology. From an engineering perspective, while they are effective, they do not introduce new concepts or innovative designs, thus scoring low on originality.",1,1,1,1,,,2,2,1,1,2,2
"Stairlifts are a well-established assistive technology that have been commercially available for decades. While functional, they represent a straightforward and predictable engineering solution to mobility challenges on stairs, lacking significant innovative breakthrough or novel conceptual approach.","Stairlifts are a well-established solution for assisting individuals with mobility impairments in navigating stairs, making them a common choice in the field of assistive technology. While they are effective, the concept itself is not original, as it has been widely implemented for many years, and thus lacks novelty from an engineering perspective.",1,1,1,1,,,2,2,1,1,2,2
"Tactile warning strips are a relatively standard accessibility solution already widely implemented in public spaces like train stations and airports. While helpful, they represent an incremental rather than breakthrough approach to mobility assistance for stair navigation.","Tactile warning strips are a common accessibility feature used in various environments to assist individuals with visual impairments, making this solution unoriginal. While they serve a useful purpose, the concept is widely recognized and implemented, lacking the novelty that would elevate its originality rating.",1,1,1,1,,,2,2,1,1,2,2
"This solution represents a moderate level of originality by adapting existing transportation technology (airport/museum travelators) to mobility assistance. While not radically innovative, it offers a pragmatic approach to addressing stair navigation challenges by providing a flat, continuous surface for people with mobility limitations.","The travelator system is a variation of existing escalator technology, which makes it somewhat neutral in originality. While it provides a practical solution for mobility impairments, it does not introduce a fundamentally new concept, as similar systems are already in use in airports and other public spaces.",1,1,1,1,,,2,2,2,1,2,2
"This solution lacks specificity and appears to be a generic design concept rather than a novel approach to addressing mobility challenges. While ""universal design"" suggests inclusivity, it does not propose a concrete engineering mechanism to help people with mobility impairments navigate stairs.","The concept of universal design stairs is not particularly original, as it aligns with established principles of inclusive design that aim to accommodate a wide range of users. While the idea is beneficial, it does not introduce a novel approach or technology that significantly departs from existing solutions in the field of accessibility engineering.",1,1,1,1,,,2,2,1,1,2,2
"This solution represents a moderate level of originality in assistive technology design. While external prosthetic leg supports are not a completely novel concept, the specific approach of strengthening mobility-impaired legs through external mechanical assistance shows some innovative potential in biomechanical engineering.","The idea of using external prostheses to strengthen the legs of individuals with mobility impairments is not particularly original, as prosthetic devices have been in use for many years. While the application of prostheses for strength enhancement is somewhat uncommon, it still falls within the realm of established engineering practices, making it less remote and clever than more innovative solutions.",1,1,1,1,,,2,2,2,1,2,2
"This solution represents a moderate level of originality in assistive mobility engineering. While the concept addresses a real accessibility challenge, transfer platforms are a relatively established approach in accessibility design, with similar implementations already existing in some public and institutional settings.","The concept of wheelchair transfer platforms is somewhat original as it combines elements of existing solutions like stairlifts and transfer boards, but it does not introduce a significantly new approach to the problem of navigating stairs. From an engineering perspective, while the idea is practical, it does not deviate far from established methods, making it a neutral solution in terms of originality.",1,1,1,1,,,2,2,1,1,2,2
"This solution represents a moderate level of originality in assistive mobility engineering. While the concept addresses a real accessibility challenge, transfer platforms are a relatively established approach in accessibility design, with similar implementations already existing in some public and institutional settings.","The concept of wheelchair transfer platforms is somewhat original as it combines existing ideas of transfer aids with the specific challenge of navigating stairs. However, the idea of using platforms for transfers is not entirely new in the field of mobility aids, making it a neutral solution in terms of originality.",1,1,1,1,,,2,2,1,1,2,2
"This solution shows moderate originality by suggesting a wheelchair modification that addresses stair navigation, but the core concept of adaptive wheelchair wheels is not particularly novel in mobility engineering. The addition of a seatbelt suggests some safety consideration, though it doesn't fundamentally transform the existing wheelchair design paradigm.","The concept of a wheelchair designed to navigate stairs is not entirely original, as there have been various attempts to create stair-climbing wheelchairs. However, the specific idea of incorporating wheels that can descend stairs and a seatbelt is somewhat unique, though it still relies on existing technologies. The solution lacks a significant departure from conventional designs, making it less original from an engineering perspective.",1,1,1,1,,,2,2,1,1,2,2
"This solution demonstrates significant engineering creativity by proposing a dynamic wheel mechanism that can geometrically transform to overcome vertical obstacles, which is a novel approach to mobility assistance that goes beyond traditional wheelchair lift or track systems.","This solution is original because it proposes a novel mechanism where wheels adapt their shape to navigate stairs, which is not a common approach in mobility aids. From an engineering perspective, the concept of shape-shifting wheels introduces a unique method of overcoming the challenge of stairs, distinguishing it from traditional ramps or lifts.",2,2,1,1,,,2,2,2,2,2,2
"Battery storage is a critical but well-recognized approach to renewable energy integration. While important, this solution represents an incremental improvement rather than a breakthrough, reflecting ongoing engineering research that is necessary but not particularly novel in the renewable energy landscape.","The idea of improving battery storage systems is a common approach in the renewable energy sector, as energy storage is a well-known challenge. While advancements in battery technology are essential, the concept itself lacks originality since it is a widely discussed and pursued solution in engineering and energy fields.",1,1,1,1,,,2,2,1,1,2,2
"Battery storage is a critical but well-recognized approach to renewable energy integration. While important, this solution represents an incremental improvement rather than a breakthrough, reflecting ongoing engineering research that is necessary but not particularly novel in the renewable energy landscape.","The idea of improving battery storage systems is a common approach in the renewable energy sector, as energy storage is a well-known challenge. While advancements in battery technology are necessary, the concept itself is not particularly original or uncommon, as many engineers and researchers are already focused on this area.",1,1,1,1,,,2,2,1,1,2,2
"Battery storage is a critical but well-recognized approach to renewable energy integration. While important, this solution represents an incremental improvement rather than a breakthrough, reflecting ongoing engineering research that is necessary but not particularly novel in the renewable energy landscape.","The idea of improving battery storage systems is a common approach in the renewable energy sector, as energy storage is a well-known challenge. While advancements in battery technology are essential, the concept itself lacks originality since it is a frequently discussed and pursued solution in engineering circles.",1,1,1,1,,,2,2,1,1,2,2
"This solution is quite generic and lacks specific technical details about how energy optimization would actually be implemented. While energy optimization is important, the statement is too broad and vague to be considered a truly original approach to increasing renewable energy usage.","The concept of energy use optimization is a well-established approach in engineering, often employed in various sectors to enhance efficiency. While it is a necessary strategy for increasing renewable energy use, it lacks originality as it does not introduce new methods or technologies beyond what is already widely recognized in the field.",1,1,1,1,,,2,2,1,1,2,2
"This solution is quite generic and lacks specific technical details about how energy optimization would actually be implemented. While energy optimization is important, the statement is too broad and vague to be considered a truly original approach to increasing renewable energy usage.","The concept of energy use optimization is a well-established approach in engineering and energy management, making it unoriginal. While optimizing energy use is important, it is a common strategy that lacks unique or innovative elements in its presentation.",1,1,1,1,,,2,2,1,1,2,2
"This solution is quite generic and lacks specific technical details about how energy optimization would actually be implemented. While energy optimization is important, the statement is too broad and vague to be considered a truly original approach to increasing renewable energy usage.","The solution of ""better energy use optimization"" is quite broad and lacks specificity, making it unoriginal as it reflects common practices in energy management rather than introducing a novel approach. From an engineering perspective, while optimizing energy use is important, many existing methodologies already address this, resulting in a low originality rating.",1,1,1,1,,,2,2,1,1,2,2
"This solution is relatively unoriginal as bicycle-powered generators have been explored in multiple contexts before, including developing countries and experimental energy demonstrations. While the concept has merit, it lacks significant technological innovation in renewable energy generation.","The idea of using a bicycle to produce energy is a neutral concept in engineering, as it has been explored in various forms, such as pedal-powered generators. While it is not a common solution for large-scale energy production, it is also not particularly innovative or unique, as similar concepts have been implemented in different contexts.",1,1,1,1,,,2,2,1,1,2,2
"This solution is relatively unoriginal as bicycle-powered generators have been explored in multiple contexts before, including developing regions and educational demonstrations. While the concept has merit for small-scale energy generation, it lacks significant innovation in renewable energy approaches.","The idea of using a bicycle to produce energy is a neutral concept in engineering, as it has been explored in various forms, such as pedal-powered generators. While it is not a common method for large-scale energy production, it is also not particularly innovative or unique, as similar concepts have been implemented in fitness equipment and educational projects.",1,1,1,1,,,2,2,1,1,2,2
"This solution represents a basic, well-established approach to wind energy generation that has been widely implemented for decades. While technically valid, it lacks innovative thinking and merely restates an existing standard practice in renewable energy deployment without introducing any novel technological or strategic insights.","The idea of building windmills in areas with high wind is a very common and straightforward approach to harnessing wind energy. From an engineering perspective, while it is practical, it lacks originality as it does not introduce any new concepts or innovative methods for increasing renewable energy use.",1,1,1,1,,,2,2,1,1,2,2
"This solution demonstrates significant engineering creativity by integrating two functional technologies (display and energy generation) into a single device surface. The concept addresses renewable energy challenges through innovative materials and design integration, potentially reducing device dependency on traditional charging methods.","This solution is original because it combines two common technologies—cellphones and solar panels—in a novel way that enhances the functionality of the device. While solar-powered devices exist, integrating a solar panel directly into the screen of a cellphone is less common and presents unique engineering challenges, making it a clever and innovative approach to increasing renewable energy use.",2,2,1,1,,,1,2,2,2,2,2
"Community solar farms are a moderately original approach to renewable energy deployment, as they represent a collaborative model between local residents and renewable infrastructure, but the concept itself is not radically new and has been implemented in various regions already. The solution offers a practical middle-ground between individual rooftop solar and large utility-scale solar installations.","Community-based solar farms are a well-known concept in renewable energy, making them somewhat neutral in originality. However, the approach of pooling resources at a community level to invest in solar energy can be seen as a clever way to increase accessibility and participation in renewable energy, which adds a layer of insight to the solution.",1,1,1,1,,,2,2,2,2,2,2
This solution lacks technical innovation and does not address the core challenge of increasing renewable energy sources. Simply reducing electricity consumption is a basic conservation approach that does not propose any novel engineering strategies for renewable energy generation or implementation.,"The solution of cutting down on electricity is very unoriginal as it is a common approach to reducing energy consumption and does not introduce any innovative methods or technologies to increase the use of renewable energy sources. From an engineering perspective, it lacks specificity and does not address the integration or enhancement of renewable energy systems.",2,1,1,1,,,2,2,1,1,2,2
This solution lacks technical innovation and does not address the core challenge of increasing renewable energy sources. Simply reducing electricity consumption is a basic conservation approach that does not propose any novel engineering strategies for renewable energy generation or implementation.,"The solution of cutting down on electricity is very unoriginal as it is a common approach to reducing energy consumption and does not introduce any innovative methods or technologies to increase the use of renewable energy sources. From an engineering perspective, it lacks specificity and does not address the integration or enhancement of renewable energy systems.",1,1,1,1,,,2,2,1,1,2,2
"This solution creatively combines two societal needs - renewable energy generation and personal fitness - by transforming human physical activity into electrical power. The approach is innovative because it directly incentivizes energy production through personal exercise, creating a dual-benefit system that goes beyond traditional renewable energy strategies.","This solution is original as it combines fitness with renewable energy generation in a way that is not commonly seen. The integration of cycle power generators in public spaces and homes is a creative approach that encourages physical activity while contributing to energy production, making it a unique and innovative idea in the realm of renewable energy solutions.",2,2,1,1,,,2,2,2,2,2,1
"This solution creatively combines two societal needs - renewable energy generation and personal fitness - by transforming human physical activity into electrical power. The approach is innovative because it directly incentivizes energy production through personal exercise, creating a dual-benefit system that goes beyond traditional renewable energy strategies.","This solution is original because it combines fitness with renewable energy generation in a way that is not commonly seen in engineering designs. The integration of public health and energy production through cycle power generators is a creative approach that encourages community engagement and promotes sustainability, making it stand out from typical renewable energy solutions.",2,2,1,1,,,2,2,2,2,2,2
"This solution demonstrates significant originality by shifting from traditional centralized power distribution to decentralized, community-specific renewable energy networks. The approach integrates technological innovation with local resilience, addressing both energy generation and distribution challenges through a systems-level engineering perspective.","The concept of localized microgrids powered by renewable energy sources is a well-established idea in the field of energy engineering, making it somewhat neutral in originality. However, the specific focus on community-level implementation adds a layer of relevance and practicality, which enhances its cleverness.",2,1,1,1,,,1,2,2,2,2,2
"This solution is fundamentally unoriginal because public education about renewable energy has been a standard approach for decades. While important, it lacks innovative engineering design thinking and does not propose a novel mechanism for actually increasing renewable energy adoption.","From an engineering perspective, educating people about renewable energy is a well-established approach and has been widely discussed in various contexts. While it is important, the idea lacks originality as it is a common solution that does not introduce new methods or technologies to enhance renewable energy use.",1,1,1,1,,,2,2,1,1,2,2
"This solution is relatively unoriginal as public education about renewable energy has been a standard approach for decades. While important, it lacks innovative engineering or technological insight for increasing renewable energy adoption, representing a conventional awareness strategy rather than a novel technical intervention.","From an engineering perspective, educating people about the benefits of renewable energy is a common approach that has been widely discussed and implemented. While it is important, the idea itself lacks originality as it does not introduce new methods or technologies to increase renewable energy use, but rather relies on existing strategies that have been employed for years.",1,1,1,1,,,2,2,1,1,2,2
"This solution is moderately original, as educational approaches to energy transformation are well-established but still important. While not groundbreaking, integrating renewable energy awareness into early education represents a systematic approach to long-term behavioral and technological change.","This solution is unoriginal because education on renewable energy is a widely recognized approach to increasing awareness and usage. While it is important, it does not introduce new methods or innovative strategies that significantly differ from existing educational initiatives in the field of renewable energy.",2,1,1,1,,,2,2,2,1,2,2
"This solution is moderately original, as educational approaches to energy transformation are well-established but still important. While not groundbreaking, integrating renewable energy awareness into early education represents a systematic approach to long-term behavioral and technological change.","This solution is unoriginal because education on renewable energy is a widely recognized approach to increasing awareness and usage. While it is important, it does not introduce new methods or innovative strategies that significantly differ from existing educational initiatives in the field of energy.",2,1,1,1,,,2,2,2,1,2,2
"This solution represents a moderately original approach to renewable energy integration by directly linking electric vehicle infrastructure with renewable energy generation. While the core concept is not entirely new, the holistic approach of purposefully designing charging networks powered by renewable sources shows some innovative systems thinking in sustainable transportation engineering.","This solution is unoriginal as establishing electric vehicle charging infrastructure is a widely discussed and implemented strategy in the transition to renewable energy. While the integration of renewable energy sources is a positive aspect, the concept itself is common in current engineering and policy discussions, making it less innovative from a STEM perspective.",2,1,1,1,,,2,2,2,1,2,2
"This solution represents a moderately original approach to renewable energy integration by directly linking electric vehicle infrastructure with renewable energy generation. While the core concept is not entirely new, the holistic approach of purposefully designing charging networks powered by renewable sources shows some innovative systems thinking in sustainable transportation engineering.","The solution of establishing widespread electric vehicle charging infrastructure powered by renewable energy is a common approach in the current discourse on clean transportation. While it is a necessary step towards reducing fossil fuel reliance, it lacks originality as it has been widely discussed and implemented in various regions, making it a standard solution rather than an innovative one.",2,1,1,1,,,2,2,2,1,2,2
"This solution represents a moderately original approach to renewable energy integration by directly linking electric vehicle infrastructure with renewable energy generation. While the core concept is not entirely new, the holistic approach of purposefully designing charging networks powered by renewable sources shows some innovative systems thinking in sustainable transportation engineering.","The solution of establishing widespread electric vehicle charging infrastructure powered by renewable energy is a common approach in the current discourse on clean transportation. While it is a necessary step towards reducing fossil fuel reliance, it lacks originality as it has been widely discussed and implemented in various regions, making it a standard solution rather than an innovative one.",2,1,1,1,,,2,2,2,1,2,2
"This solution represents a moderately original approach to renewable energy integration by directly linking electric vehicle infrastructure with renewable energy generation. While the core concept is not entirely new, the holistic approach of purposefully designing charging networks powered by renewable sources shows some innovative systems thinking in sustainable transportation engineering.","The solution of establishing widespread electric vehicle charging infrastructure powered by renewable energy is a common approach in the current discourse on clean transportation. While it is a necessary step towards reducing fossil fuel reliance, it lacks originality as it has been widely discussed and implemented in various regions, making it a standard solution rather than a novel idea.",2,1,1,1,,,2,2,2,1,2,2
"This solution represents a moderately original approach to renewable energy integration by directly linking electric vehicle infrastructure with renewable energy generation. While the core concept is not entirely new, the holistic approach of purposefully designing charging networks powered by renewable sources shows some innovative systems thinking in sustainable transportation engineering.","The solution of establishing widespread electric vehicle charging infrastructure powered by renewable energy is a common approach in the current discourse on clean transportation. While it is a necessary step towards reducing fossil fuel reliance, it lacks originality as it has been widely discussed and implemented in various regions, making it a standard solution rather than a novel idea.",2,1,1,1,,,2,2,2,1,2,2
"Electric cars are an established technology for renewable energy transportation, already widely discussed and implemented in many markets. While important for reducing carbon emissions, this solution lacks novel engineering approaches to significantly advancing renewable energy adoption beyond current strategies.","The solution of using electric cars to increase the use of renewable energy sources is very unoriginal, as it is a widely recognized and implemented approach in the automotive industry. From an engineering perspective, while electric vehicles (EVs) can contribute to renewable energy use, they are a common solution that lacks novelty and does not introduce any new concepts or technologies.",1,1,1,1,,,2,2,1,1,2,2
"This solution is relatively unoriginal as solar panel installations on commercial rooftops have been a known strategy for several years. While technically sound, it represents an incremental rather than breakthrough approach to renewable energy integration.","The idea of fast food franchises installing solar panels is somewhat common as many businesses are adopting renewable energy solutions. While it shows an effort to utilize renewable energy, it does not present a particularly novel approach from an engineering perspective, as solar panels on commercial buildings have been widely discussed and implemented.",1,1,1,1,,,2,2,1,1,2,2
"This solution represents a standard policy approach to renewable energy transition that has been widely discussed by energy experts and policymakers for over a decade. While conceptually important, the proposal lacks specific innovative mechanisms or technological insights that would distinguish it as a novel approach to energy transformation.","This solution is unoriginal as it reflects a common goal in the energy sector, which is to transition from fossil fuels to renewable energy sources. While the intent is important, the approach lacks specificity and innovation, making it a typical response rather than a novel engineering solution.",1,2,1,1,,,2,2,1,1,2,2
"This solution is relatively unoriginal as government and utility incentive programs for solar panel installation already exist in many regions. While the core idea has merit, it lacks innovative mechanisms for dramatically increasing renewable energy adoption beyond existing subsidy models.","This solution is unoriginal as financial support for solar panel installation is a common approach used by various governments and organizations to promote renewable energy adoption. While it addresses a significant barrier to entry for families, it lacks innovative elements that would distinguish it from existing programs.",1,1,1,1,,,2,2,1,1,2,2
"This solution is relatively unoriginal as government and utility incentive programs for solar panel installation already exist in many regions. While the core idea has merit, it lacks innovative mechanisms for dramatically increasing renewable energy adoption beyond existing subsidy models.","From an engineering perspective, the idea of providing financial support for solar panel installation is a common approach seen in various renewable energy initiatives and government programs. While it addresses a significant barrier to adoption, it lacks originality as it is a widely recognized and implemented solution rather than a novel concept.",1,1,1,1,,,2,2,1,1,2,2
"Hydro dams are a well-established renewable energy technology that has been widely used for decades. While effective, this solution lacks innovative engineering approaches and represents a traditional method of renewable energy generation that does not introduce significant novel technological insights.","Hydro dams are a well-established method for generating renewable energy, making this solution unoriginal and common in the field of renewable energy engineering. While they are effective, the concept of hydroelectric power has been widely implemented for decades, lacking the novelty required for a higher originality rating.",1,1,1,1,,,2,2,1,1,2,2
"The solution suggests a pricing mechanism and public education, which are relatively standard approaches to promoting renewable energy adoption. While the core idea of cost incentives is valid, it lacks innovative engineering or technological insights that would make it a truly original proposal for increasing renewable energy use.","The solution suggests financial incentives and education, which are common strategies in promoting renewable energy adoption. From an engineering perspective, while the idea of creating a cost offset is valid, it lacks innovative approaches or unique mechanisms that would distinguish it from typical proposals in the field.",1,2,1,1,,,2,2,1,1,2,2
"Nuclear power is an established technology that has been used for decades, making this solution relatively unoriginal in the renewable energy context. While nuclear can be a low-carbon energy source, it is not a novel approach to increasing renewable energy usage and has been widely discussed in energy policy for many years.","The proposal to implement nuclear power stations is unoriginal as it is a well-established method for generating energy, particularly in discussions about increasing renewable energy sources. While nuclear power can be considered a low-carbon energy source, it is not classified as renewable in the traditional sense, and thus the idea lacks novelty in the context of promoting renewable energy solutions.",1,2,1,1,,,2,2,1,1,2,2
"This solution demonstrates originality by proposing a systematic urban infrastructure approach to organic waste that parallels existing utility networks, suggesting an integrated biomass collection and conversion system that could transform urban waste management into a renewable energy generation process.","The idea of improving the reuse of organic waste is a common approach in waste management and renewable energy discussions, which makes it somewhat neutral in originality. However, the specific proposal of establishing a connected mechanism for organic waste disposal is a clever twist that adds a layer of innovation, making it more insightful than typical solutions.",2,2,1,1,,,2,2,2,2,2,2
"This solution demonstrates originality by proposing a systematic urban infrastructure approach to organic waste that parallels existing utility networks, suggesting an integrated biomass collection and conversion system that could transform urban waste management into a renewable energy generation process.","The idea of improving the reuse of organic waste is a common theme in sustainability discussions, making it somewhat neutral in originality. However, the specific proposal of establishing a connected mechanism for organic waste disposal is a clever twist on existing waste management systems, which adds a layer of innovation.",2,2,1,1,,,2,2,2,2,2,2
"This solution represents a moderately original approach to renewable energy deployment by focusing on localized, small-scale systems for underserved communities. While the concept of micro-renewable technologies isn't entirely new, targeting rural and off-grid areas specifically shows some strategic engineering thinking about energy access.","The solution presents a practical approach to increasing renewable energy use in rural or off-grid areas, which is a common strategy in energy engineering. While promoting small-scale systems is beneficial, it is not particularly original as similar initiatives have been widely discussed and implemented in various contexts.",1,1,1,1,,,2,2,2,1,2,2
"This solution represents a moderately original approach to renewable energy deployment by focusing on localized, small-scale systems for underserved communities. While the concept of micro-renewable technologies isn't entirely new, targeting rural and off-grid areas specifically shows some strategic engineering thinking about energy access.","This solution is unoriginal because promoting small-scale renewable energy systems like micro-hydro power and solar water heaters is a well-established approach in the field of renewable energy, particularly for rural and off-grid areas. While it addresses a relevant need, the concept itself has been widely discussed and implemented, making it less innovative from an engineering perspective.",1,1,1,1,,,2,2,2,1,2,2
"This solution represents a moderately original approach to renewable energy deployment by focusing on localized, small-scale systems for underserved communities. While the concept of micro-renewable technologies isn't entirely new, targeting rural and off-grid areas specifically shows some strategic engineering thinking about energy access.","This solution is unoriginal because small-scale renewable energy systems, such as micro-hydro power and solar water heaters, are already widely recognized and implemented in rural and off-grid areas. While the application is relevant, it does not introduce a new concept or innovative approach from an engineering perspective.",1,1,1,1,,,2,2,2,1,2,2
"This solution represents a moderately original approach to renewable energy deployment by focusing on localized, small-scale systems for underserved communities. While the concept of micro-renewable technologies isn't entirely new, targeting rural and off-grid areas specifically shows some strategic engineering thinking about energy access.","This solution is unoriginal because small-scale renewable energy systems like micro-hydro power and solar water heaters are already well-established concepts in the field of renewable energy, particularly in rural and off-grid contexts. While the application is relevant, it does not introduce a new idea or innovative approach that significantly advances the current understanding or implementation of renewable energy solutions.",1,1,1,1,,,2,2,2,1,2,2
"This solution represents a moderately standard approach to renewable energy integration that has been discussed in engineering circles for several years. While the concept of multi-use solar installations (agrivoltaics, floating solar, rooftop solar) is valuable, these approaches are increasingly becoming mainstream rather than truly innovative.","The idea of incorporating solar energy into farms, water bodies, and houses is a common approach in renewable energy discussions, as it leverages existing structures for energy generation. While it shows some integration of solar technology, it lacks originality since similar concepts have been widely proposed and implemented in various contexts.",1,1,1,1,,,2,2,1,1,2,2
"This solution represents a moderately standard approach to renewable energy integration that has been discussed in engineering circles for several years. While the concept of multi-use solar installations (agrivoltaics, floating solar, rooftop solar) is valuable, these approaches are increasingly becoming mainstream rather than truly innovative.","The idea of incorporating solar energy into farms, water bodies, and houses is a common approach in renewable energy discussions, particularly in the context of agrivoltaics and floating solar panels. While it does have some merit, it lacks originality as it is widely recognized and implemented in various regions, making it a standard solution rather than a novel engineering concept.",1,1,1,1,,,2,2,1,1,2,2
"This solution represents a moderately standard approach to renewable energy integration that has been discussed in engineering circles for several years. While the concept of multi-use solar installations (agrivoltaics, floating solar, rooftop solar) is valuable, these approaches are increasingly becoming mainstream rather than truly innovative.","The idea of incorporating solar energy into farms, water bodies, and houses is a common approach in renewable energy discussions, particularly in the context of agrivoltaics and floating solar panels. While it does have practical applications, it lacks originality as it is widely recognized and implemented in various regions, making it more of a standard practice than a novel solution.",1,1,1,1,,,2,2,1,1,2,2
"This solution is relatively unoriginal as solar panel installations on public buildings have been widely discussed and implemented in many regions. While technically sound, it represents a standard approach to renewable energy integration that lacks significant innovative engineering insight.","From an engineering perspective, installing solar panels on hospitals and government buildings is a common approach to increasing renewable energy use, as these structures often have large roof spaces and consistent energy needs. While it is a practical solution, it lacks originality due to its widespread implementation in various regions.",1,1,1,1,,,2,2,1,1,2,2
"This solution is relatively unoriginal as solar panel installations on public buildings have been widely discussed and implemented in many regions. While technically sound, it represents a standard approach to renewable energy integration that lacks significant innovative engineering insight.","From an engineering perspective, installing solar panels on hospitals and government buildings is a common approach to increasing renewable energy use, as these structures often have large roof spaces and consistent energy needs. While it is a practical solution, it lacks originality due to its widespread implementation in many regions.",1,1,1,1,,,2,2,1,1,2,2
"This solution is relatively unoriginal as solar panel installations on public buildings have been widely discussed and implemented in many regions. While technically sound, it represents a standard approach to renewable energy integration that lacks significant innovative engineering insight.","From an engineering perspective, installing solar panels on hospitals and government buildings is a common approach to increasing renewable energy use, as these structures often have large roof spaces and consistent energy needs. While it is a practical solution, it lacks originality due to its widespread implementation in many regions.",1,1,1,1,,,2,2,1,1,2,2
"This solution represents a standard engineering approach to renewable energy challenges by focusing on energy storage technology, which is already a known strategy in the field. While important, the proposal lacks a truly novel or breakthrough perspective on addressing renewable energy intermittency.","The solution to invest in research and innovation for energy storage technologies is a neutral idea as it is a recognized approach to enhancing renewable energy reliability. While it is a valid and necessary strategy, it is not particularly original since many stakeholders in the energy sector have already identified and proposed this as a key area for development. However, the clever framing of addressing intermittency adds a layer of insight.",1,2,1,1,,,2,2,1,2,2,2
"This solution represents a standard engineering approach to renewable energy challenges by focusing on energy storage technology, which is already a known strategy in the field. While important, the proposal lacks a truly novel or breakthrough perspective on addressing renewable energy intermittency.","The solution to invest in research and innovation for energy storage technologies is a well-recognized approach in the field of renewable energy, making it somewhat neutral in originality. However, the emphasis on addressing intermittency through advanced storage solutions shows a clever understanding of a critical challenge in renewable energy deployment, which enhances its cleverness rating.",1,2,1,1,,,2,2,1,2,2,2
"This solution represents a standard engineering approach to renewable energy challenges by focusing on energy storage technology, which is already a known strategy in the field. While important, the proposal lacks a truly novel or breakthrough perspective on addressing renewable energy intermittency.","The idea of investing in research and innovation for energy storage technologies is a well-recognized approach to enhancing renewable energy reliability, making it somewhat neutral in originality. However, the emphasis on addressing intermittency through advanced storage solutions shows a clever understanding of a critical challenge in renewable energy systems.",1,2,1,1,,,2,2,1,2,2,2
"Large scale wind and solar farms are well-established renewable energy technologies that have been extensively developed and deployed globally. While important for renewable energy transition, this solution represents a conventional approach that has been widely discussed and implemented in many countries for over a decade.","The proposal for large-scale wind and solar farms is a well-established approach in the renewable energy sector, making it unoriginal. While it is a practical solution, it lacks novelty as it has been widely implemented and discussed in engineering and policy circles for years.",1,1,1,1,,,2,2,1,1,2,2
"This solution represents a standard policy approach that has already been widely discussed and partially implemented in many countries. While important, it lacks innovative engineering or technological insight into renewable energy adoption, instead relying on traditional economic policy mechanisms.","This solution is unoriginal as government incentives and subsidies are widely recognized and commonly proposed methods to promote renewable energy adoption. From an engineering perspective, while the approach is practical, it lacks innovative elements that would distinguish it from typical policy recommendations.",1,1,1,1,,,2,2,1,1,2,2
"This solution represents a standard policy approach that has already been widely discussed and partially implemented in many countries. While important, it lacks innovative engineering or technological insight into renewable energy adoption, instead relying on traditional economic policy mechanisms.","This solution is unoriginal as government incentives and subsidies are widely recognized and commonly proposed methods to promote renewable energy adoption. From an engineering perspective, while the approach is practical, it lacks innovative elements that would distinguish it from typical policy recommendations.",1,1,1,1,,,2,2,1,1,2,2
"This solution lacks technical innovation for renewable energy adoption. While scaling down renewable technologies for personal use has some merit, it's a relatively straightforward and frequently suggested approach that doesn't introduce significant engineering creativity or systemic change to renewable energy challenges.","The idea of creating small versions of renewable energy systems for personal use is not particularly original, as many existing products already cater to this market, such as small solar panels and home wind turbines. While the concept may have some merit in terms of accessibility, it lacks innovation and does not significantly deviate from established solutions in the field of renewable energy.",1,1,1,1,,,2,2,1,1,2,2
"This solution is extremely generic and lacks innovative thinking. While solar panels are a valid renewable energy approach, ""more solar panels"" represents a basic, widely-proposed strategy that does not introduce any novel technological or systemic improvements to renewable energy deployment.","The suggestion to use more solar panels is a very common and straightforward approach to increasing renewable energy use. From an engineering perspective, it lacks originality as it does not introduce any new concepts, technologies, or innovative methods for enhancing solar energy deployment.",1,1,1,1,,,2,2,1,1,2,2
"This solution is relatively unoriginal, as tax incentives for renewable energy adoption have been widely discussed and implemented in many jurisdictions. While potentially effective, the approach lacks innovative thinking in addressing renewable energy challenges from a technological or systemic perspective.","From an engineering perspective, offering tax incentives for adopting alternative power is a common policy approach that has been widely discussed and implemented in various regions. While it may encourage the use of renewable energy, the concept itself lacks originality as it is a standard economic strategy rather than a novel engineering solution.",1,1,1,1,,,2,2,1,1,2,2
"This solution is quite generic and lacks innovative engineering specificity. While transitioning away from fossil fuels is important, the statement is broad and doesn't propose a novel technical approach or mechanism for achieving renewable energy transformation.","The solution to phase out fossil fuels is very unoriginal as it is a widely discussed and advocated approach in the field of renewable energy. From an engineering perspective, while it is a necessary step towards sustainability, it lacks novelty and does not introduce any new methods or technologies to achieve the goal of increasing renewable energy use.",1,2,1,1,,,2,2,1,1,2,2
"This solution proposes converting mechanical energy from human foot traffic into electrical energy through piezoelectric materials embedded in walkways, which represents an innovative approach to distributed renewable energy generation by harvesting previously untapped kinetic energy from everyday human movement.","The concept of piezoelectric pathways is original as it applies a less common technology to energy generation, utilizing mechanical stress to produce electricity. This approach is not widely implemented in renewable energy solutions, making it a creative and innovative idea in the context of engineering design.",2,2,1,1,,,1,1,2,2,2,2
"This solution represents a standard approach to renewable energy adoption that has been widely discussed and partially implemented in many regions. While promoting solar panel installation is positive, the suggestion lacks innovative mechanisms or unique strategies for widespread implementation.","The solution of promoting solar panels in industries and public buildings is a common approach to increasing renewable energy use, as many regions have already implemented similar initiatives. While it has some merit in terms of visibility and setting an example, it lacks originality due to its widespread adoption and familiarity in the field of renewable energy engineering.",1,1,1,1,,,2,2,1,1,2,2
"This solution suggests increasing renewable energy adoption through public engagement and participation, which is a moderately standard approach in energy policy. While potentially effective, the concept lacks specific innovative mechanisms for driving renewable energy uptake from an engineering perspective.","The solution of increasing public coverage and attendance is unoriginal as it is a common approach to promote renewable energy initiatives. From an engineering perspective, it lacks innovative elements or unique strategies that would differentiate it from typical outreach efforts, making it a standard suggestion rather than an original idea.",2,1,1,1,,,2,2,1,1,2,2
"Public solar chargers are a relatively standard renewable energy solution that has been implemented in many urban environments. While potentially useful, the concept lacks significant technological innovation or breakthrough engineering design compared to existing solar infrastructure approaches.","The concept of public solar chargers is relatively unoriginal as similar initiatives have been implemented in various cities worldwide. While the idea promotes renewable energy use, it does not introduce a novel approach or technology that significantly deviates from existing solutions.",1,1,1,1,,,2,2,1,1,2,2
"This solution is very unoriginal and represents a standard, widely-discussed approach to renewable energy transition that has been proposed by environmental policy experts and climate scientists for decades. While reducing coal usage is important, the suggestion lacks innovative engineering insight or novel technological strategy.","The solution to reduce the use of coal is a common and straightforward approach to increasing renewable energy use, as it is widely recognized in environmental engineering and policy discussions. It lacks originality because it does not propose a novel method or innovative strategy to achieve this reduction, making it a typical response to the problem.",1,2,1,1,,,2,2,1,1,2,2
"This solution represents a moderately original approach to renewable energy deployment by integrating charging infrastructure directly into public spaces. While the concept isn't radically new, it offers a practical integration of renewable energy generation with urban infrastructure needs.","The idea of renewable charging stations at public spaces is relatively common and has been implemented in various locations, making it unoriginal. While it does promote the use of renewable energy, the concept itself is not particularly innovative or far removed from existing solutions, as many cities are already exploring or have established similar infrastructure.",1,1,1,1,,,2,2,2,1,2,2
"This solution is extremely generic and lacks specific technical implementation strategies. While transitioning to renewable energy is important, the statement provides no novel engineering approach or innovative mechanism for actually achieving large-scale energy source replacement.","This solution is very unoriginal as it simply states a common approach to increasing renewable energy use without introducing any innovative methods or technologies. From an engineering perspective, it lacks specificity and does not provide any unique insights or strategies that differentiate it from standard practices already widely recognized in the field.",1,1,1,1,,,2,2,1,1,2,2
"This solution is extremely generic and lacks specific technical implementation strategies. While transitioning to renewable energy is important, the statement provides no novel engineering approach or innovative mechanism for actually achieving large-scale energy source replacement.","This solution is very unoriginal as it simply states a common approach to increasing renewable energy use without introducing any innovative methods or technologies. From an engineering perspective, it lacks specificity and does not propose any unique strategies or systems that would differentiate it from standard practices already widely recognized in the field.",1,1,1,1,,,2,2,1,1,2,2
"This solution represents a standard policy approach that has been widely discussed and implemented in many jurisdictions. While important, it lacks innovative engineering or technological insight into renewable energy adoption, presenting a generic administrative strategy rather than a novel approach to increasing renewable energy use.","This solution is unoriginal because setting targets and regulations for renewable energy adoption is a widely recognized and commonly implemented strategy in energy policy. While it is a necessary approach, it lacks innovative elements that would distinguish it from standard practices in engineering and environmental management.",1,1,1,1,,,2,2,1,1,2,2
"This solution demonstrates innovative thinking by proposing to harness kinetic energy from municipal wastewater flow, which is an underexplored renewable energy source. The concept leverages existing infrastructure to generate electricity through turbine systems installed within sewer networks, representing a novel approach to decentralized urban energy generation.","The idea of harnessing energy from water flow in sewers is original as it utilizes an often-overlooked resource for renewable energy generation. This approach is uncommon and demonstrates clever engineering by repurposing existing infrastructure, though it may not be entirely remote since it builds on established concepts of hydropower.",2,1,1,1,,,1,2,2,2,2,2
"This solution is relatively unoriginal as solar charging stations for electric vehicles are already being implemented in many urban and highway contexts. While the concept has merit, it represents an incremental improvement rather than a breakthrough renewable energy approach.","The concept of solar-powered charging stations for cars is not particularly original, as it has been implemented in various locations and discussed widely in the context of renewable energy solutions. While it does incorporate renewable energy, the idea itself is common and lacks a unique twist or innovative approach that would elevate its originality in the engineering field.",1,1,1,1,,,2,2,1,1,2,2
"This solution lacks specificity and appears to be a vague suggestion about supporting scientists without providing concrete mechanisms or innovative approaches to increasing renewable energy adoption. From an engineering perspective, it does not offer a novel strategy for addressing renewable energy challenges.","Supporting concerned scientists is a common approach to increasing renewable energy use, as it aligns with established practices in environmental advocacy and research funding. From an engineering perspective, while collaboration with scientists is important, this solution lacks innovative elements or unique strategies that would distinguish it from typical support mechanisms already in place.",1,1,1,1,,,2,2,1,1,2,2
"This solution lacks specificity and appears to be a vague suggestion about supporting scientists without providing concrete mechanisms or innovative approaches to increasing renewable energy adoption. From an engineering perspective, it does not offer a novel strategy for addressing renewable energy challenges.","Supporting concerned scientists is a common approach to increasing renewable energy use, as it aligns with existing practices of funding and collaboration in research. From an engineering perspective, while it is important, the idea lacks originality since it does not introduce a new method or innovative strategy to enhance renewable energy adoption.",1,1,1,1,,,2,2,1,1,2,2
"This solution lacks specificity and appears to be a vague suggestion about supporting scientists without providing concrete mechanisms or innovative approaches to increasing renewable energy adoption. From an engineering perspective, it does not offer a novel strategy for addressing renewable energy challenges.","Supporting concerned scientists is a common approach to increasing renewable energy use, as it aligns with existing practices of funding and collaboration in research. From an engineering perspective, while it is important, this solution lacks originality because it does not introduce new methods or innovative strategies to enhance the adoption of renewable energy sources.",1,1,1,1,,,2,2,1,1,2,2
"Teaching about renewable energy in schools is a standard, predictable approach to increasing renewable energy awareness. While educational strategies are important, this solution lacks innovative engineering or technological insight for directly increasing renewable energy adoption.","Teaching about renewable energy sources in schools is a common approach to increasing awareness and usage, making it unoriginal. While education is important, this solution lacks innovative elements or unique methods that would set it apart from typical educational initiatives.",1,1,1,1,,,2,2,1,1,2,2
"Wind power is an established renewable energy technology that has been widely researched and implemented globally. While important, this solution lacks novel engineering approaches or breakthrough thinking about renewable energy deployment, representing a standard, well-known strategy rather than an innovative concept.","The use of wind power is a well-established and widely adopted renewable energy source, making it very unoriginal. From an engineering perspective, it lacks novelty as it has been implemented in numerous projects globally for decades, and there are no unique or innovative aspects presented in this solution.",1,1,1,1,,,2,2,1,1,2,2
"Wind power is an established renewable energy technology that has been widely researched and implemented globally. While important, this solution lacks novel engineering approaches or breakthrough thinking about renewable energy deployment, representing a standard, well-known strategy rather than an innovative concept.","The use of wind power is a well-established and widely adopted renewable energy source, making it a very unoriginal solution. From an engineering perspective, while wind power is effective, it does not present any new ideas or innovations that would differentiate it from existing solutions in the field.",1,1,1,1,,,2,2,1,1,2,2
"Biodiesel is an established renewable energy technology that has been widely researched and implemented for decades. While environmentally beneficial, the solution lacks novel engineering approaches to significantly advancing renewable energy adoption beyond existing practices.","The use of biodiesel is a well-established method for increasing renewable energy sources, making it a common solution in the field of energy engineering. While it has its benefits, the concept itself lacks originality as it has been widely adopted and discussed in various contexts.",1,1,1,1,,,2,2,1,1,2,2
"This solution demonstrates innovative integration of multiple waste streams (sewage and cow dung) to generate biogas, which is an uncommon approach to decentralized renewable energy production. The concept cleverly combines waste management with energy generation, particularly suited to rural agricultural contexts.","This solution is original because it combines two waste sources—sewage and cow dung—to create biogas, which is not a widely discussed approach in urban settings. From an engineering perspective, utilizing local waste for energy generation in rural areas demonstrates innovative thinking in resource management and sustainability, making it a clever and practical solution.",2,1,1,1,,,1,1,2,2,2,2
"This solution represents a standard, well-established approach to wind energy deployment that has been widely discussed and implemented by energy engineers for decades. While technically valid, it lacks innovative thinking and merely restates existing wind farm development strategies.","This solution is unoriginal as building wind farms in areas with consistent wind patterns is a well-established practice in renewable energy engineering. While it is a practical approach, it lacks innovation or a unique twist that would elevate its originality in the context of increasing renewable energy sources.",1,1,1,1,,,2,2,1,1,2,2
"This solution represents a standard, well-established approach to wind energy deployment that has been widely discussed and implemented by energy engineers for decades. While technically valid, it lacks innovative thinking and merely restates existing wind farm development strategies.","This solution is unoriginal as the concept of building wind farms in areas with consistent wind patterns is a well-established practice in renewable energy engineering. While it is a practical approach, it lacks innovation or a unique twist that would elevate its originality.",1,1,1,1,,,2,2,1,1,2,2
"Wind power is an established renewable energy technology that has been widely researched and implemented globally. While important, this solution lacks novel engineering approaches or breakthrough thinking for increasing renewable energy usage.","Wind power is a well-established and widely used renewable energy source, making it a very unoriginal solution. From an engineering perspective, it lacks novelty as it has been implemented extensively across the globe for decades, and there are numerous existing technologies and infrastructures dedicated to harnessing wind energy.",1,1,1,1,,,2,2,1,1,2,2
"This solution represents an existing community engagement model that has been implemented in many cities and environmental programs worldwide. While the approach has merit, it lacks significant engineering innovation or novel technological intervention for waste management.","From an engineering perspective, the concept of adopt-a-beach or adopt-a-street programs is not particularly original as similar initiatives have been implemented in various locations for years. While the idea promotes community involvement and responsibility, it does not introduce new technologies or innovative methods for litter reduction, making it a common approach to the problem.",1,1,1,1,,,2,2,1,1,2,2
"This solution represents an existing community engagement model that has been implemented in many cities and environmental programs worldwide. While the approach has merit, it lacks significant engineering innovation or novel technological intervention for waste management.","From an engineering perspective, the concept of adopt-a-beach or adopt-a-street programs is not particularly original as similar initiatives have been implemented in various locations for years. While the idea promotes community involvement and responsibility, it does not introduce new technologies or innovative methods for litter reduction, making it a common approach to the problem.",1,1,1,1,,,2,2,1,1,2,2
"This solution represents an existing community engagement model that has been implemented in many cities and environmental programs worldwide. While well-intentioned, the approach lacks significant technological innovation or novel systemic design for addressing litter reduction.","From an engineering perspective, the concept of adopt-a-beach or adopt-a-street programs is not particularly original as similar initiatives have been implemented in various locations for years. While the idea promotes community involvement and responsibility, it does not introduce new technologies or innovative methods for litter reduction, making it a common approach to the problem.",1,1,1,1,,,2,2,1,1,2,2
"Anti-littering signage is an extremely conventional approach to waste management that has been used for decades in public spaces. While potentially useful, this solution lacks innovative engineering design thinking and represents a baseline communication strategy rather than a novel technical intervention.","The use of anti-littering signage is a very common approach to addressing litter in public spaces, making it unoriginal. From an engineering perspective, while signage can be effective in raising awareness, it does not introduce new technology or innovative methods to tackle the problem of littering, thus lacking originality.",1,1,1,1,,,2,2,1,1,2,2
"Anti-littering signage is an extremely conventional approach to waste management that has been used for decades in public spaces. While potentially useful, this solution lacks innovative engineering design thinking and represents a baseline communication strategy rather than a novel technical intervention.","The concept of using anti-littering signage is a well-established method in public spaces, making it unoriginal from an engineering perspective. While it can be effective in raising awareness, it does not introduce new technology or innovative approaches to the problem of littering, which limits its originality.",1,1,1,1,,,2,2,1,1,2,2
"An awareness campaign is a standard, frequently used approach to addressing environmental issues that lacks innovative engineering design. While potentially useful, this solution represents a conventional communication strategy rather than a novel technical intervention for reducing litter or improving waste management systems.","The concept of an awareness campaign is a well-established approach in addressing litter and waste issues, making it unoriginal from an engineering perspective. While it can be effective, it lacks innovative elements or unique strategies that would set it apart from typical public awareness efforts.",2,1,1,1,,,2,2,1,1,2,2
"This solution represents a standard municipal engineering approach to waste management that has been widely discussed and partially implemented in many cities. While technically valid, it lacks specific innovative mechanisms or transformative design elements that would distinguish it as a novel approach to litter reduction.","The idea of improving waste collection systems is a common approach to addressing litter and waste management issues. While it is a necessary and practical solution, it lacks originality as it has been widely discussed and implemented in various cities already. From an engineering perspective, the concept does not introduce new technologies or innovative methods that would significantly differentiate it from existing practices.",1,1,1,1,,,2,2,1,1,2,2
"This solution represents a standard municipal engineering approach to waste management that has been widely discussed and partially implemented in many cities. While technically valid, it lacks specific innovative mechanisms or transformative design elements that would distinguish it as a novel approach to litter reduction.","The idea of improving waste collection systems is a common approach to addressing litter and waste management issues. While it is a necessary and practical solution, it lacks originality as it has been widely discussed and implemented in various forms across many cities. From an engineering perspective, the concept does not introduce new technologies or innovative methods that significantly deviate from existing practices.",1,1,1,1,,,2,2,1,1,2,2
"This solution represents a standard municipal engineering approach to waste management that has been widely discussed and partially implemented in many cities. While technically valid, it lacks specific innovative mechanisms or transformative design elements that would distinguish it as a novel approach to litter reduction.","The idea of improving waste collection systems is a common approach to addressing litter and waste management issues. While it is a necessary and practical solution, it lacks originality as it has been widely discussed and implemented in various forms across many cities. From an engineering perspective, the concept does not introduce new technologies or innovative methods that significantly differentiate it from existing practices.",1,1,1,1,,,2,2,1,1,2,2
"This solution represents a conventional regulatory approach to behavioral modification that has been widely used in many jurisdictions. While potentially effective, it lacks innovative engineering or technological insight into addressing the root causes of littering behavior or creating systemic waste reduction strategies.","From an engineering perspective, the idea of imposing bigger fines for littering is a common approach to waste management and public behavior modification. It lacks originality as it mirrors existing legal frameworks and enforcement strategies without introducing innovative methods or technologies to address the issue.",1,1,1,1,,,2,2,1,1,2,2
"This solution represents a conventional regulatory approach to behavioral modification that has been widely used in many jurisdictions. While potentially effective, it lacks innovative engineering or technological insight into addressing the root causes of littering behavior or creating systemic waste reduction strategies.","The idea of imposing bigger fines for littering is a common approach used by many municipalities to deter littering behavior. From an engineering perspective, it lacks originality as it does not introduce a new method or technology to address the problem, but rather relies on existing punitive measures that have been widely implemented.",1,1,1,1,,,2,2,1,1,2,2
"This solution demonstrates moderate technical originality by applying computer vision and sensor technology to waste management, but relies on existing surveillance and alarm technologies. The core concept of using cameras for monitoring is not particularly novel in engineering design.","The idea of using cameras to monitor littering is not entirely new, as surveillance technology has been applied in various public safety contexts. However, the specific implementation of an alarm system for littering is somewhat unique, placing it in a neutral originality category. From an engineering perspective, while the concept leverages existing technology, it lacks innovative integration or a novel approach to addressing the problem of littering.",1,1,1,1,,,2,2,1,1,2,2
"This solution demonstrates moderate technical originality by applying computer vision and sensor technology to waste management, but relies on existing surveillance and alarm technologies. The core concept of using cameras for monitoring is not particularly novel in engineering design.","The idea of using cameras to monitor littering is not particularly original, as surveillance technology is commonly used in various public safety applications. However, the specific implementation of setting off an alarm for littering is somewhat unique, though it remains closely related to existing monitoring systems, which keeps it from being highly original.",1,1,1,1,,,2,2,1,2,2,2
"This solution represents a moderate level of originality in waste management engineering, as community recycling centers are already an established concept. While the proposal adds a nuanced approach by including hard-to-recycle materials and educational components, it does not fundamentally reimagine waste reduction infrastructure in a transformative way.","The concept of community recycling hubs is a moderately original idea as it builds on existing recycling initiatives but adds a community-focused approach and addresses non-standard recyclable materials. From an engineering perspective, while the idea is not groundbreaking, the integration of education and resource provision enhances its effectiveness, making it a thoughtful adaptation of common recycling practices.",1,1,1,1,,,2,2,2,2,2,2
"This solution demonstrates engineering creativity by integrating digital technology, behavioral psychology, and waste management through interactive design. The combination of educational screens with gamification/incentive mechanisms represents an innovative approach to addressing environmental behavior modification.","This solution is original as it combines technology with behavioral incentives, which is not a typical approach in waste management. The interactive aspect and the rewards system provide a fresh perspective on engaging the public, making it a more innovative solution compared to standard recycling bins.",2,2,1,1,,,1,2,2,2,2,2
"This solution demonstrates engineering creativity by integrating digital technology, behavioral psychology, and waste management through interactive design. The combination of educational screens with gamification/incentive mechanisms represents an innovative approach to addressing environmental behavior modification.","This solution is original because it combines technology with behavioral incentives in a way that is not commonly seen in public recycling initiatives. The interactive aspect and the rewards system provide a fresh approach to engaging the public, making it more likely to influence recycling behavior effectively.",2,2,1,1,,,1,2,2,2,2,2
"This solution demonstrates engineering creativity by integrating digital technology, behavioral psychology, and waste management through interactive design. The combination of educational screens with gamification/incentive mechanisms represents an innovative approach to addressing environmental behavior modification.","This solution is original as it combines technology with behavioral incentives, which is not a typical approach in waste management. The interactive aspect and the rewards system provide a fresh perspective on engaging the public, making it a more innovative solution compared to standard recycling bins or educational pamphlets.",2,2,1,1,,,1,2,2,2,2,2
"This solution demonstrates engineering creativity by integrating digital technology, behavioral psychology, and waste management through interactive design. The combination of educational screens with gamification/incentive mechanisms represents an innovative approach to addressing environmental behavior modification.","This solution is original as it combines technology with behavioral incentives, which is not a typical approach in waste management. The interactive element and reward system provide a fresh perspective on engaging the public in recycling, making it stand out from more conventional methods.",2,2,1,1,,,1,2,2,2,2,2
"This solution demonstrates engineering creativity by integrating digital technology, behavioral psychology, and waste management through interactive design. The combination of educational screens with gamification/incentive mechanisms represents an innovative approach to addressing environmental behavior modification.","This solution is original as it combines technology with behavioral incentives, which is not a typical approach in waste management. The interactive element and reward system provide a fresh perspective on engaging the public, making it a more innovative solution compared to standard recycling bins.",2,2,1,1,,,1,2,2,2,2,2
"This solution offers a moderately original approach to recycling by leveraging digital technology to make waste disposal more convenient. The app concept bridges technology with environmental sustainability, providing a user-friendly method to incentivize recycling that reduces barriers to participation.","The idea of an app for scheduling recyclable material pickups is somewhat original, as it combines technology with waste management, but similar services already exist in various forms. From an engineering perspective, while the concept leverages existing technologies, it does not introduce a fundamentally new approach to waste reduction, thus earning a neutral originality rating.",2,1,1,1,,,1,2,2,1,2,2
"This solution offers a moderately original approach to recycling by leveraging digital technology to make waste disposal more convenient. The app concept bridges technology with environmental sustainability, providing a user-friendly method to incentivize recycling that reduces barriers to participation.","The idea of an app for scheduling recyclable material pickups is somewhat original, as it combines technology with waste management in a user-friendly way. However, similar services already exist in various forms, which limits its originality from an engineering perspective. The cleverness lies in the convenience it offers, making recycling more accessible to users.",2,1,1,1,,,1,2,2,2,2,2
"This solution is relatively unoriginal from an engineering perspective, as it represents a straightforward incremental improvement to existing waste management infrastructure. While providing free garbage bags could marginally increase waste collection convenience, it does not fundamentally address systemic waste reduction or recycling challenges.","The idea of providing free garbage bags is not particularly original, as similar initiatives have been implemented in various communities to encourage proper waste disposal. From an engineering perspective, while the concept may promote waste reduction, it lacks innovative features or technology that would distinguish it from existing solutions.",1,1,1,1,,,2,2,1,1,2,2
"This solution is relatively unoriginal from an engineering perspective, as public spaces already frequently provide trash receptacles. While the free garbage bag concept has some merit for encouraging waste disposal, it lacks innovative mechanisms for actually reducing litter or promoting recycling behavior.","The idea of providing free garbage bags is not particularly original, as similar initiatives have been implemented in various communities to encourage proper waste disposal. From an engineering perspective, while the concept may promote litter reduction, it lacks innovative features or technology that would distinguish it from existing solutions.",1,1,1,1,,,2,2,1,1,2,2
"This solution demonstrates engineering creativity by proposing autonomous robotic systems for continuous urban waste management, which goes beyond traditional manual street cleaning methods. The concept integrates robotics, AI, and urban infrastructure maintenance in an innovative approach to addressing litter problems.","The idea of using Vroomba-like robots for continuous monitoring and cleaning in public spaces is original as it combines robotics with waste management in a novel way. From an engineering perspective, the integration of autonomous cleaning technology in public areas is not widely implemented, making it a unique approach to litter reduction.",2,2,1,1,,,2,2,2,2,2,2
"This solution represents a relatively standard approach to recycling incentivization that has already been implemented in multiple cities and recycling programs worldwide. While the concept has merit, it lacks significant technological innovation or novel engineering design that would distinguish it from existing recycling reward systems.","The idea of a rewards scheme for recycling is a common approach seen in various programs and initiatives, making it unoriginal. While it does promote recycling, it does not introduce a novel concept or technology that significantly deviates from existing methods, thus scoring low on originality.",1,1,1,1,,,2,2,1,1,2,2
"This solution represents a relatively standard approach to recycling incentivization that has already been implemented in multiple cities and recycling programs worldwide. While the concept has merit, it lacks significant technological innovation or novel engineering design that would distinguish it from existing recycling reward systems.","The idea of a rewards scheme for recycling is a common approach seen in various programs and initiatives, making it unoriginal. While it does promote recycling, it does not introduce a novel concept or technology that significantly deviates from existing methods in waste management.",1,1,1,1,,,2,2,1,1,2,2
"This solution represents a standard, widely-implemented approach to waste management that has already been adopted in many cities and public spaces. From an engineering perspective, it lacks innovative design thinking and proposes a basic infrastructure strategy that is already well-known and minimally effective.","This solution is unoriginal as it suggests a common approach to waste management that has been widely implemented in many public spaces. From an engineering perspective, while the enforcement of recycling bins is necessary, it lacks innovative elements or new methodologies that could significantly enhance waste reduction and recycling efforts.",1,1,1,1,,,2,2,1,1,2,2
"This solution represents a moderately original approach to waste reduction by leveraging existing business networks, but it follows a relatively predictable collaborative model that has been explored in sustainability initiatives before. The engineering perspective suggests a practical, incremental improvement rather than a breakthrough innovation.","From an engineering perspective, the idea of partnering with local businesses is a common approach to waste reduction, making it somewhat unoriginal. However, the specific focus on eco-friendly packaging and recycling facilities adds a layer of creativity, which is why it scores higher in cleverness. The solution is not particularly remote as it aligns with existing community engagement strategies.",1,1,1,1,,,2,2,1,2,2,2
"This solution represents a moderately original approach to waste reduction by leveraging existing business networks, but it follows a relatively predictable collaborative model that has been explored in sustainability initiatives before. The engineering perspective suggests a practical, incremental improvement rather than a breakthrough innovation.","From an engineering perspective, the idea of partnering with local businesses is a common approach to waste reduction, as many communities have implemented similar initiatives. However, the specific focus on eco-friendly packaging and recycling facilities adds a layer of collaboration that is somewhat original, but not groundbreaking. The cleverness lies in the practical application of existing concepts in a new context, making it a thoughtful yet not highly original solution.",1,1,1,1,,,2,2,1,2,2,2
"This solution represents a moderately original approach to waste reduction by leveraging existing business networks, but it follows a relatively predictable collaborative model that has been explored in sustainability initiatives before. The engineering perspective suggests a practical, incremental improvement rather than a breakthrough innovation.","This solution is somewhat original as it combines the idea of partnerships with local businesses and sustainability, which is a common approach in waste reduction strategies. However, the concept of collaborating with businesses for recycling and eco-friendly practices is not particularly novel in the field of environmental engineering, making it score neutral on originality.",1,1,1,1,,,2,2,1,1,2,2
"This solution represents a moderate improvement on existing waste management strategies by emphasizing visual design and comprehensive sorting options. While the concept of multi-compartment recycling bins is not new, the focus on making them eye-catching suggests a potential behavioral design approach to encourage proper waste disposal.","The idea of placing eye-catching waste bins with sorting options is a common approach in waste management, as many cities already implement similar strategies to encourage recycling. While the emphasis on visibility and accessibility is a thoughtful addition, it does not introduce a fundamentally new concept or technology, making it less original from an engineering perspective.",2,1,1,1,,,2,2,2,1,2,2
"This solution represents a standard, conventional approach to waste management that has been widely implemented in many public spaces. From an engineering perspective, simply increasing trash bin frequency lacks innovative design thinking and does not address root causes of littering or provide a transformative waste reduction strategy.","The solution of providing frequent trash bins is very unoriginal as it is a standard approach to litter reduction that has been widely implemented in various public spaces. From an engineering perspective, while increasing the number of trash bins can help manage waste, it does not introduce any innovative methods or technologies to address the underlying issues of littering or promote recycling effectively.",1,1,1,1,,,2,2,1,1,2,2
"This solution represents a moderately original approach to localized recycling by emphasizing community-driven plastic processing technologies. While the core concept isn't entirely novel, the focus on distributed, small-scale recycling infrastructure provides an innovative engineering perspective on waste management.","From an engineering perspective, grassroots plastics recycling initiatives that involve shredding and melting are original because they empower local communities to take control of waste management, which is not a typical top-down approach. This solution combines practical engineering techniques with community engagement, making it both innovative and applicable in various contexts.",2,2,1,1,,,2,2,2,2,2,2
"This solution represents a very standard, conventional approach to addressing litter problems by relying on traditional law enforcement methods. From an engineering perspective, it lacks innovative design thinking and does not propose any novel technological or systemic interventions to actually solve the root causes of littering.","From an engineering perspective, the idea of strict law enforcement to reduce litter is a common approach that relies on regulatory measures rather than innovative engineering solutions. It lacks originality as it does not introduce new technologies or methods for waste reduction and recycling, and it is a frequently suggested solution in discussions about public cleanliness.",1,1,1,1,,,2,2,1,1,2,2
"This solution represents a very standard, conventional approach to addressing litter problems by relying on traditional law enforcement methods. From an engineering perspective, it lacks innovative design thinking and does not propose any novel technological or systemic interventions to actually solve the root causes of littering.","From an engineering perspective, the idea of strict law enforcement to reduce litter is not original, as it is a common approach used in many public policy frameworks. While it may be effective, it lacks innovative engineering solutions or technological advancements that could provide a more original method for addressing litter and promoting waste reduction.",1,1,1,1,,,2,2,1,1,2,2
"This solution represents a very standard, frequently proposed approach to waste management that lacks innovative engineering design. While technically valid, it reflects a basic linear thinking strategy that has been repeatedly suggested in municipal planning without introducing any novel technological or systemic intervention.","The solution of having more recycling bins is very unoriginal as it is a widely recognized and commonly implemented approach to promote recycling. From an engineering perspective, it lacks innovation and does not address the underlying behavioral or systemic issues related to littering and waste management.",1,1,1,1,,,2,2,1,1,2,2
"This solution represents a very standard, frequently proposed approach to waste management that lacks innovative engineering design. While technically valid, it reflects a basic linear thinking strategy that has been repeatedly suggested in municipal planning without introducing any novel technological or systemic intervention.","The solution of having more recycling bins is very unoriginal as it is a widely recognized and commonly implemented approach to waste management. From an engineering perspective, it lacks innovation and does not address the underlying behavioral or systemic issues related to littering and waste reduction.",1,1,1,1,,,2,2,1,1,2,2
"This solution represents a very standard, frequently proposed approach to waste management that lacks innovative engineering design. While technically valid, it reflects a basic linear thinking strategy that has been repeatedly suggested in municipal planning without introducing any novel technological or systemic intervention.","From an engineering perspective, the solution of having more recycling bins is very unoriginal as it is a widely recognized and commonly implemented approach to waste management. It does not introduce any new technology, methods, or innovative strategies to effectively reduce litter or promote recycling beyond what is already standard practice.",1,1,1,1,,,2,2,1,1,2,2
"This solution represents a very standard, frequently proposed approach to waste management that lacks innovative engineering design. While technically valid, it reflects a basic linear thinking strategy that has been repeatedly suggested in municipal planning without introducing any novel technological or systemic intervention.","The solution of having more recycling bins is very unoriginal as it is a widely recognized and commonly implemented approach to promote recycling and reduce litter. From an engineering perspective, it lacks innovation and does not introduce any new methods or technologies to address the problem.",1,1,1,1,,,2,2,1,1,2,2
"This solution demonstrates engineering creativity by introducing a direct economic incentive mechanism that transforms waste management from a passive to an active participatory process. The approach leverages behavioral economics principles to create a tangible, immediate reward system that could significantly alter recycling behavior.","The concept of providing immediate monetary incentives for returning recyclable goods is original as it combines behavioral economics with waste management, encouraging recycling through instant gratification. While similar systems exist in some regions, the immediacy of the reward and its application in various public spaces is less common, making it a creative approach to promoting recycling.",2,2,1,1,,,2,2,2,2,2,2
"The solution presents a moderately original approach by combining financial incentive with automated waste collection, which introduces a technological intervention to behavioral change. While not entirely novel, the concept of rewarding recycling through machine-based collection shows some innovative thinking in waste management engineering.","The idea of an automatic machine to collect litter is somewhat original, as it combines automation with waste management, but similar concepts have been explored in various forms, such as smart bins. From an engineering perspective, while the integration of technology is a step forward, the core concept of incentivizing proper waste disposal through a machine is not entirely novel, which keeps the originality rating at a neutral level.",2,1,1,1,,,2,2,2,1,2,2
"This solution represents a standard, widely-implemented approach to waste management that has been used in many cities and public spaces for decades. While technically sound, it lacks innovative engineering design elements that would distinguish it as a novel approach to reducing litter and promoting recycling.","This solution is unoriginal as it reflects a widely implemented strategy in waste management, focusing on accessibility and clarity. While it is a practical approach, it lacks innovative elements that would distinguish it from existing recycling initiatives.",1,1,1,1,,,2,2,1,1,2,2
"This solution represents a standard, widely-implemented approach to waste management that has been used in many cities and public spaces for decades. While technically sound, it lacks innovative engineering design elements that would distinguish it as a novel approach to reducing litter and promoting recycling.","This solution is unoriginal as it reflects a widely implemented strategy in waste management, focusing on accessibility and clarity. While it is a practical approach, it lacks innovative elements that would distinguish it from existing recycling initiatives commonly seen in public spaces.",1,1,1,1,,,2,2,1,1,2,2
"This solution is extremely generic and lacks specificity. While legal frameworks can support waste reduction, simply mentioning ""laws"" without detailing the type, mechanism, or innovative approach provides no substantive engineering insight into addressing litter and recycling challenges.","The solution of implementing laws to reduce litter is very unoriginal as it is a common approach used in many societies. From an engineering perspective, it lacks innovation or a unique application of technology or design principles to address the problem of littering, making it a standard and expected response rather than an original idea.",1,1,1,1,,,2,2,1,1,2,2
"This solution is extremely generic and lacks specificity. While legal frameworks can support waste reduction, simply stating ""laws"" without detailing the type, scope, or innovative approach to legislation provides no substantive engineering design strategy for addressing litter and recycling challenges.","The solution of implementing laws to reduce litter is very unoriginal as it is a common approach used by many governments and organizations. From an engineering perspective, it lacks innovation and does not introduce any new methods or technologies to address the problem of littering and waste reduction.",1,1,1,1,,,2,2,1,1,2,2
"This solution is extremely generic and lacks specificity. While legal frameworks can support waste reduction, simply mentioning ""laws"" without detailing the type, mechanism, or innovative approach provides no substantive engineering insight into addressing litter and recycling challenges.","The solution of implementing laws to reduce litter is very unoriginal as it is a common approach used by many governments worldwide. From an engineering perspective, it lacks innovation or a unique application of technology or design principles to address the problem of littering and waste reduction.",1,1,1,1,,,2,2,1,1,2,2
"This solution is extremely generic and lacks specificity. While legal frameworks can support waste reduction, simply mentioning ""laws"" without detailing the type, mechanism, or innovative approach provides no substantive engineering insight into addressing litter and recycling challenges.","The solution of implementing laws to reduce litter is very unoriginal as it is a common approach used in many societies. From an engineering perspective, it lacks innovation or a unique application of technology or design principles to address the problem of littering, making it a standard and expected response rather than an original idea.",1,1,1,1,,,2,2,1,1,2,2
"This solution offers an innovative approach to decentralizing recycling infrastructure by making collection services mobile and adaptable to community needs. The concept transforms traditional static recycling centers into dynamic, accessible units that can strategically target areas with low recycling participation, demonstrating creative problem-solving in waste management logistics.","The concept of mobile recycling units is original as it addresses the accessibility issue of recycling facilities in underserved areas, which is not a common approach in waste management. From an engineering perspective, it creatively utilizes mobile technology to enhance recycling efforts, making it a practical and innovative solution.",2,2,1,1,,,2,2,2,2,2,2
"""More education"" is a generic, broad recommendation that lacks specific engineering design details. While education can be important, this solution does not propose a novel technical or systemic approach to reducing litter, making it relatively unoriginal from an engineering perspective.","The solution of ""more education"" is a common approach to addressing litter and waste issues, often cited in various contexts. From an engineering perspective, while education can be a valuable tool for promoting awareness and behavior change, it lacks specificity and innovation in terms of practical implementation strategies that could lead to measurable outcomes.",1,1,1,1,,,2,2,1,1,2,2
"This solution represents a very standard, frequently proposed approach to waste management that lacks innovative engineering design. While adding more recycling bins can incrementally improve waste collection, it does not address root behavioral or systemic challenges in waste reduction and does not introduce any novel technological or design intervention.","The suggestion of adding more recycling bins is a very common and straightforward approach to waste management, lacking any innovative elements or engineering insights. It does not introduce new technology, methods, or concepts that would significantly alter the current state of litter reduction strategies.",2,1,1,1,,,2,2,1,1,2,2
"This solution represents a very standard, frequently proposed approach to waste management that lacks innovative engineering design. While adding more recycling bins can incrementally improve waste collection, it does not address root behavioral or systemic challenges in waste reduction and does not introduce any novel technological or design intervention.","The suggestion of adding more recycling bins is a very common and straightforward approach to waste management, lacking any innovative or unique elements. From an engineering perspective, it does not introduce new technology, methods, or concepts that would significantly alter the current state of litter reduction and recycling efforts.",1,1,1,1,,,2,2,1,1,2,2
"No littering signs are an extremely standard, conventional approach that has been used for decades in public spaces. From an engineering perspective, this solution lacks innovation, does not address root behavioral causes of littering, and provides no novel mechanism for actually preventing or reducing waste.","The solution of using ""no littering"" signs is very unoriginal as it is a widely implemented and standard approach to address littering in public spaces. From an engineering perspective, it lacks innovation and does not introduce any new methods or technologies to effectively reduce litter or promote recycling.",1,1,1,1,,,2,2,1,1,2,2
"This solution represents a standard educational approach that has been widely used in environmental campaigns for decades. While education is important, the proposed method lacks innovative engineering or technological strategies to directly address waste management and reduction.","This solution is unoriginal as it reflects a common approach to addressing littering through education, which has been widely implemented in various campaigns. From an engineering perspective, while education is important, it does not introduce a novel method or technology to effectively reduce littering, making it a standard response rather than an innovative one.",1,1,1,1,,,2,2,1,1,2,2
"This solution represents a standard educational approach that has been widely used in environmental campaigns for decades. While education is important, the proposed method lacks innovative engineering or technological strategies to directly address waste management and reduction.","This solution is unoriginal as it reflects a common approach to addressing littering through education, which has been widely implemented in various campaigns. From an engineering perspective, while education is important, it does not introduce a novel method or technology to effectively reduce littering, making it a standard response rather than an innovative one.",1,1,1,1,,,2,2,1,1,2,2
"This solution lacks technical or systemic engineering approach to litter reduction. While promoting social responsibility is positive, it's a generic behavioral suggestion without specific mechanisms for waste management or infrastructure changes that would create meaningful environmental impact.","This solution is very unoriginal as it relies on a societal norm that is already widely accepted and does not propose any new engineering methods or technologies to address littering. It lacks specificity and actionable steps, making it a common and simplistic approach to a complex problem.",1,1,1,1,,,2,2,1,1,2,2
"Posters are an extremely conventional communication method for public awareness campaigns. From an engineering perspective, this solution lacks innovative design thinking and does not introduce any novel technological or systemic approach to addressing litter reduction or recycling challenges.","The use of posters to reduce litter and promote waste reduction is a very common and traditional approach in public awareness campaigns. From an engineering perspective, this solution lacks innovation and does not introduce any new methods or technologies to address the problem, making it unoriginal.",1,1,1,1,,,2,2,1,1,2,2
"This solution represents a standard, widely-used approach to waste management that lacks innovative engineering design. While promoting anti-littering behavior is important, the proposed method is extremely generic and does not introduce any novel technological or systemic mechanisms to actually reduce litter.","The solution of promoting no littering is very unoriginal as it is a widely recognized and commonly implemented approach to address littering issues. From an engineering perspective, it lacks innovative elements or unique strategies that would differentiate it from standard public awareness campaigns.",2,1,1,1,,,2,2,1,1,2,2
"This solution demonstrates engineering innovation by integrating mechanical compaction technology directly into public waste receptacles, which addresses multiple waste management challenges simultaneously. The approach combines sensor technology, mechanical design, and waste reduction strategy in a pragmatic and technically sophisticated manner.","The concept of smart bins with compacting capabilities is somewhat original, as it combines existing technologies in a new way to address littering. However, the idea of compacting waste in public bins is not entirely novel, as similar systems have been implemented in various locations, making it a neutral solution in terms of originality.",2,1,1,1,,,1,2,2,2,2,2
"This solution demonstrates engineering innovation by integrating mechanical compaction technology directly into public waste receptacles, which addresses multiple waste management challenges simultaneously. The approach combines sensor technology, mechanical design, and waste reduction strategy in a pragmatic and technically sophisticated manner.","The concept of smart bins with compacting capabilities is a moderately original idea, as it builds on existing waste management technologies but applies them in a public space context. While the idea is not entirely new, its specific application to reduce littering and improve waste management in public areas demonstrates a thoughtful adaptation of technology, making it somewhat original from an engineering perspective.",2,2,1,1,,,1,2,2,2,2,2
"This solution demonstrates engineering innovation by integrating mechanical compaction technology directly into public waste receptacles, which addresses multiple waste management challenges simultaneously. The approach combines sensor technology, mechanical design, and waste reduction strategy in a pragmatic and technically sophisticated manner.","The concept of smart bins with compacting capabilities is a known technology that has been implemented in various urban settings, making it somewhat common. However, the specific application to public spaces for litter reduction shows a moderate level of originality. The cleverness lies in the practical insight of reducing overflow and littering, which is a relevant engineering challenge.",2,1,1,1,,,1,2,2,2,2,2
"This solution represents a standard municipal infrastructure approach that has existed for decades. While waste disposal locations are necessary, the concept lacks innovative engineering design thinking to address root causes of litter and recycling challenges.","The solution of providing public waste disposal locations is a very common approach to managing litter and waste. From an engineering perspective, while it is a necessary infrastructure element, it lacks originality as it has been widely implemented in various forms across many public spaces without introducing innovative features or enhancements.",1,1,1,1,,,2,2,1,1,2,2
"This solution represents a standard municipal infrastructure approach that has existed for decades. While waste disposal locations are necessary, the concept lacks innovative engineering design thinking to address root causes of litter and recycling challenges.","The solution of providing public waste disposal locations is quite common and has been implemented in many urban areas. From an engineering perspective, while the placement and design of these locations can vary, the concept itself lacks originality as it does not introduce new methods or technologies to enhance waste reduction or recycling.",1,1,1,1,,,2,2,1,1,2,2
"This solution represents a standard municipal infrastructure approach that has existed for decades. While waste disposal locations are necessary, the concept lacks innovative engineering design thinking to address root causes of litter and recycling challenges.","The solution of providing public waste disposal locations is very unoriginal as it is a standard approach widely implemented in urban planning and waste management. From an engineering perspective, this solution lacks innovation and does not introduce any new methods or technologies to effectively reduce litter or promote recycling.",1,1,1,1,,,2,2,1,1,2,2
"This solution represents a standard behavioral economics approach to waste management that has been widely discussed and partially implemented in various contexts. While incentive-based systems can be effective, the concept of rewards for recycling is not particularly novel from an engineering design perspective.","The concept of providing rewards for responsible disposal and recycling is a common approach seen in various waste management programs. While it has some merit, it lacks originality as it closely resembles existing incentive-based recycling initiatives, making it less innovative from an engineering perspective.",1,1,1,1,,,2,2,1,1,2,2
"This solution lacks technical depth and specificity. While signage can help raise awareness about litter, it is an extremely conventional approach that does not introduce any novel engineering or technological mechanisms for actually reducing waste or incentivizing recycling.","The solution of using signs to reduce litter is very unoriginal as it is a common approach seen in many public spaces. From an engineering perspective, while signs can be effective in promoting awareness, they do not introduce any innovative methods or technologies to address the problem of littering, making them a standard and expected solution.",1,1,1,1,,,2,2,1,1,2,2
"This solution lacks technical depth and specificity. While signage can help raise awareness about litter, it is an extremely conventional approach that does not introduce any novel engineering or technological mechanisms for actually reducing waste or incentivizing recycling.","The solution of using signs to reduce litter is very unoriginal as it is a common approach seen in many public spaces. From an engineering perspective, while signs can be effective in promoting awareness, they do not introduce any innovative methods or technologies to address the problem of littering, making this solution lack originality.",1,1,1,1,,,2,2,1,1,2,2
"This solution lacks technical depth and specificity. While signage can help raise awareness about litter, it is an extremely conventional approach that does not introduce any novel engineering or technological mechanisms for actually reducing waste or incentivizing recycling.","The use of signs to reduce litter and promote recycling is a very common and straightforward approach that has been widely implemented in various public spaces. From an engineering perspective, this solution lacks originality as it does not introduce any new technology, methods, or innovative ideas to address the problem.",1,1,1,1,,,2,2,1,1,2,2
"This solution lacks technical depth and specificity. While signage can help raise awareness about litter, it is an extremely conventional approach that does not introduce any novel engineering or technological mechanisms for actually reducing waste or incentivizing recycling.","The solution of using signs to reduce litter is very unoriginal as it is a common approach seen in many public spaces. From an engineering perspective, while signs can be effective in raising awareness, they do not introduce any innovative methods or technologies to address the problem of littering, making this solution lack originality.",1,1,1,1,,,2,2,1,1,2,2
"This solution lacks technical depth and specificity. While signage can help raise awareness about litter, it is an extremely conventional approach that does not introduce any novel engineering or technological mechanisms for actually reducing waste or incentivizing recycling.","The solution of using signs to reduce litter is very unoriginal as it is a common approach seen in many public spaces. From an engineering perspective, while signs can be effective in conveying messages, they do not introduce any innovative methods or technologies to address the problem of littering, making them a standard and expected solution.",1,1,1,1,,,2,2,1,1,2,2
"This solution lacks technical depth and specificity. While signage can help raise awareness about litter, it is an extremely conventional approach that does not introduce any novel engineering or technological mechanisms for actually reducing waste or incentivizing recycling.","The solution of using signs to reduce litter is very unoriginal as it is a common approach seen in many public spaces. From an engineering perspective, while signs can be effective in conveying messages, they do not introduce any innovative methods or technologies to address the problem of littering, making them a standard and expected solution.",1,1,1,1,,,2,2,1,1,2,2
"This solution lacks technical depth and specificity. While signage can help raise awareness about litter, it is an extremely conventional approach that does not introduce any novel engineering or technological mechanisms for actually reducing waste or incentivizing recycling.","The solution of using signs to reduce litter is very unoriginal as it is a common approach seen in many public spaces. From an engineering perspective, while signs can be effective in conveying messages, they do not introduce any innovative methods or technologies to address the problem of littering, making this solution lack originality.",1,1,1,1,,,2,2,1,1,2,2
"This solution lacks technical depth and specificity. While signage can help raise awareness about litter, it is an extremely conventional approach that does not introduce any novel engineering or technological mechanisms for actually reducing waste or incentivizing recycling.","The solution of using signs to reduce litter is very unoriginal as it is a common approach seen in many public spaces. From an engineering perspective, while signs can be effective in conveying messages, they do not introduce any innovative methods or technologies to address the problem of littering, making this solution lack originality.",1,1,1,1,,,2,2,1,1,2,2
"This solution demonstrates engineering innovation by integrating IoT (Internet of Things) technology with waste management systems. The use of sensors to dynamically monitor bin capacity represents a data-driven approach to optimizing waste collection efficiency, which moves beyond traditional static waste management strategies.","The concept of smart bins with sensors is a moderately original idea, as it builds on existing technology but applies it in a specific context of waste management. While the use of sensors is not new, the application to monitor bin fullness is a relevant and practical adaptation that enhances efficiency in waste collection.",2,2,1,1,,,2,2,2,2,2,2
"This solution demonstrates engineering innovation by integrating IoT (Internet of Things) technology with waste management systems. The use of sensors to dynamically monitor bin capacity represents a data-driven approach to optimizing waste collection efficiency, which moves beyond traditional static waste management strategies.","The concept of smart bins with sensors is a moderately original idea, as it builds on existing technology but applies it in a specific context of waste management. While the use of sensors is not new, the application to monitor bin fullness is a practical and insightful adaptation that enhances waste collection efficiency.",2,2,1,1,,,2,2,2,2,2,2
"This solution demonstrates engineering innovation by integrating multiple technologies - automated sorting mechanisms and built-in grinding/compacting systems within a single waste management device. The concept goes beyond traditional recycling by combining sorting, volume reduction, and potential pre-processing of recyclable materials in a single smart infrastructure element.","The concept of smart trashcans that sort and grind litter is original as it combines technology with waste management in a way that is not widely implemented. From an engineering perspective, the integration of sorting mechanisms and grinding capabilities into a single unit presents a novel approach to reducing waste volume and promoting recycling, distinguishing it from traditional waste disposal methods.",2,2,1,1,,,2,2,2,2,2,2
"This solution represents a standard educational approach to waste management that lacks innovative engineering design elements. While involving schools is a reasonable strategy, the proposal is generic and does not introduce any novel technological or systemic mechanisms for reducing litter or improving recycling processes.","This solution is unoriginal as it suggests a common approach of involving schools in waste management, which has been widely implemented in various communities. From an engineering perspective, while engaging schools is a valid strategy, it lacks innovative methods or technologies that could significantly enhance waste reduction and recycling efforts.",1,1,1,1,,,2,2,1,1,2,2
"This solution demonstrates an innovative engineering approach to waste management by proposing an automated pneumatic collection system integrated directly into urban infrastructure. The concept transforms traditional waste collection by creating a passive, continuous collection mechanism that could reduce manual handling and improve urban cleanliness.","This solution is original because it proposes a novel engineering concept of using air ducts to collect litter, which is not a common approach in waste management. From a STEM perspective, the idea of integrating a vacuum system into public infrastructure is innovative and could potentially reduce litter in a unique way, although it may face practical challenges in implementation.",2,2,1,1,,,2,2,2,2,2,2
"This solution represents a moderate level of originality in addressing waste reduction. While shifting from plastic to glass can reduce environmental impact due to glass's recyclability and longer lifecycle, it is a relatively straightforward approach that has been discussed in sustainability circles before.","The suggestion to use more glass than plastic is not particularly original, as it aligns with common discussions around material choices in waste reduction. While it does promote a shift towards more sustainable materials, it lacks innovative engineering approaches or novel applications that would elevate its originality.",1,1,1,1,,,2,2,1,1,2,2
"This solution represents a moderate level of originality in addressing waste reduction. While shifting from plastic to glass can reduce environmental impact due to glass's recyclability and longer lifecycle, it is a relatively straightforward approach that has been discussed in sustainability circles before.","The suggestion to use more glass than plastic is not particularly original, as it aligns with common discussions around material choices in waste reduction. While it does promote a shift towards more sustainable materials, it lacks innovative engineering approaches or novel applications that would elevate its originality.",1,1,1,1,,,2,2,1,1,2,2
"This solution represents a moderate level of originality in addressing waste reduction. While shifting from plastic to glass can reduce environmental impact due to glass's recyclability and longer lifecycle, it is a relatively straightforward approach that has been discussed in sustainability circles before.","The suggestion to use more glass than plastic is not particularly original, as it aligns with common discussions around material sustainability. While it promotes waste reduction, it does not introduce a novel approach or innovative engineering solution to the problem of litter in public spaces.",1,1,1,1,,,2,2,1,1,2,2
"This solution represents a moderate level of originality in addressing waste reduction. While shifting from plastic to glass can reduce environmental impact due to glass's recyclability and longer lifecycle, it is a relatively straightforward approach that has been discussed in sustainability circles before.","The suggestion to use more glass than plastic is not particularly original, as it aligns with common discussions around material sustainability. While it promotes waste reduction, it does not introduce a novel approach or innovative engineering solution to the problem of litter in public spaces.",1,1,1,1,,,2,2,1,1,2,2
"This solution represents a moderate level of originality in addressing waste reduction. While shifting from plastic to glass can reduce environmental impact due to glass's recyclability and longer lifecycle, it is a relatively straightforward approach that has been discussed in sustainability circles before.","The suggestion to use more glass than plastic is not particularly original, as it aligns with common discussions around material sustainability. While it does promote waste reduction, the idea of substituting materials is a well-known approach in environmental engineering, making it less innovative.",1,1,1,1,,,2,2,1,1,2,2
"This solution is conceptually neutral because biofuels for aviation are already an active area of research and development. While potentially promising, the statement is too generic and lacks specific technical details about the unique composition or production method of the proposed biofuel.","The idea of using biofuels for air travel is not new and has been explored extensively in the aviation industry. While the concept of biofuels is relevant, the lack of specificity and innovation in the proposed solution makes it unoriginal from an engineering perspective.",1,1,1,1,,,1,2,1,1,2,2
"This solution demonstrates significant engineering creativity by reimagining air transportation through high-altitude lighter-than-air craft powered by solar energy, which represents a substantial departure from conventional jet propulsion and addresses multiple environmental constraints simultaneously.","This solution is original because it proposes a novel approach to air travel by combining zeppelin-style buoyancy with solar-powered propulsion, which is not a common method in modern aviation. From an engineering perspective, the integration of lighter-than-air technology with renewable energy sources presents a unique and innovative concept that diverges from traditional fuel-based aircraft designs.",2,2,1,1,,,2,2,2,2,2,2
"While hydrogen propulsion for aviation is an emerging concept with potential environmental benefits, it is not a novel idea and has been extensively researched by aerospace engineers. The solution represents an incremental improvement rather than a breakthrough technological approach to reducing air travel's environmental impact.","The idea of using hydrogen thrusters instead of traditional jet fuel is a recognized concept in aerospace engineering, making it somewhat neutral in originality. However, it does present a viable alternative that is not widely implemented yet, which gives it a moderate score in uncommonness. The solution is not particularly remote as it builds on existing technologies, but it is clever in its application of hydrogen as a cleaner fuel source.",1,2,1,1,,,2,2,1,2,2,2
"While hydrogen propulsion for aviation is an emerging concept with potential environmental benefits, it is not a novel idea and has been extensively researched by aerospace engineers. The solution represents an incremental improvement rather than a breakthrough technological approach to reducing air travel's environmental impact.","The idea of using hydrogen thrusters instead of traditional jet fuel is a recognized concept in aerospace engineering, making it somewhat common. However, it does present a shift towards cleaner energy sources, which is a relevant and timely consideration. The solution is moderately original as it builds on existing technologies but does not introduce a fundamentally new concept.",1,2,1,1,,,2,2,1,1,2,2
"This solution represents a moderate level of originality by introducing a regulatory approach to limiting air travel through a quota system. While the concept of travel restrictions isn't entirely novel, the specific implementation of personal travel quotas with financial penalties offers a somewhat innovative policy-based mechanism for reducing environmental impact.","This solution is unoriginal as it resembles regulatory approaches seen in other sectors, such as carbon emissions trading or congestion pricing. From an engineering perspective, it lacks innovative technical or design elements that would significantly alter the current air travel framework.",2,1,1,1,,,2,2,2,1,2,2
"This solution represents a moderate level of originality by introducing a regulatory approach to limiting air travel through a quota system. While the concept of travel restrictions isn't entirely novel, the specific implementation of personal travel quotas with financial penalties offers a somewhat innovative policy-based mechanism for reducing environmental impact.","This solution is unoriginal as it resembles regulatory approaches already seen in various sectors, such as carbon credits or emissions trading. From an engineering perspective, it lacks innovative technical solutions to reduce environmental impact and instead relies on punitive measures, which are common in policy-making.",2,1,1,1,,,2,2,2,1,2,2
"This solution represents a moderate level of originality by introducing a regulatory approach to limiting air travel through a quota system. While the concept of travel restrictions isn't entirely novel, the specific implementation of personal travel quotas with financial penalties offers a somewhat innovative policy-based mechanism for reducing environmental impact.","This solution is unoriginal as it resembles regulatory approaches seen in other sectors, such as carbon emissions trading or congestion pricing. From an engineering perspective, it lacks innovative technical or design elements that would significantly alter the current air travel framework.",2,1,1,1,,,2,2,2,1,2,2
"Alternative fuels for aviation have been extensively researched and discussed for over a decade, making this solution relatively unoriginal from an engineering perspective. While important, biofuels, hydrogen, and electric propulsion are already well-established potential pathways in aerospace engineering literature.","The concept of using alternative fuels for air travel is a well-established idea in the engineering community, making it unoriginal. While it is a necessary approach to reducing environmental impact, many existing solutions already explore various alternative fuels, such as biofuels and hydrogen, which diminishes its uniqueness.",1,1,1,1,,,2,2,1,1,2,2
"Alternative fuels for aviation have been extensively researched and discussed for over a decade, making this solution relatively unoriginal from an engineering perspective. While important, biofuels, hydrogen, and electric propulsion are already well-established potential pathways in aerospace engineering literature.","The concept of using alternative fuels for air travel is a well-established idea in the engineering community, with various types of biofuels and synthetic fuels already being researched and implemented. While it is a necessary and important approach to reducing environmental impact, it lacks originality due to its widespread recognition and application in the aviation industry.",1,1,1,1,,,2,2,1,1,2,2
"Alternative fuels for aviation have been extensively researched and discussed for over a decade, making this solution relatively unoriginal from an engineering perspective. While important, biofuels, hydrogen, and electric propulsion are already well-established potential pathways in aerospace engineering literature.","The concept of using alternative fuels for air travel is a well-established idea in the engineering community, making it unoriginal. While it is a necessary approach to reducing environmental impact, many existing solutions already explore various alternative fuels, such as biofuels and hydrogen, which diminishes its uniqueness.",1,1,1,1,,,2,2,1,1,2,2
"Alternative fuels for aviation have been extensively researched and discussed for over a decade, making this solution relatively unoriginal from an engineering perspective. While important, biofuels, hydrogen, and electric propulsion are already well-established potential pathways in aerospace engineering literature.","The concept of using alternative fuels for air travel is a well-established idea in the engineering community, making it unoriginal. While it is a necessary step towards reducing environmental impact, many existing solutions already explore various alternative fuels, such as biofuels and hydrogen, which diminishes its uniqueness.",1,1,1,1,,,2,2,1,1,2,2
"Alternative fuels for aviation have been extensively researched and discussed for over a decade, making this solution relatively unoriginal from an engineering perspective. While important, biofuels, hydrogen, and electric propulsion are already well-established potential pathways in aerospace engineering literature.","The concept of using alternative fuels for air travel is a well-established idea in the engineering community, with various types of biofuels and synthetic fuels already being researched and implemented. While it is a necessary and important approach to reducing environmental impact, it lacks originality due to its commonality and the extensive prior work in this area.",1,1,1,1,,,2,2,1,1,2,2
"Alternative fuels for aviation have been extensively researched and discussed for over a decade, making this solution relatively unoriginal from an engineering perspective. While important, biofuels, hydrogen, and electric propulsion are already well-established potential pathways in aerospace engineering literature.","The use of alternative fuels for air travel is a well-established concept in the aviation industry, making it unoriginal. While there are various types of alternative fuels being explored, the general idea of using them to reduce environmental impact is common and lacks novelty from an engineering perspective.",1,1,1,1,,,2,2,1,1,2,2
"This solution is extremely vague and lacks specific engineering or technical details about reducing air travel's environmental impact. While exploring alternative transportation methods could be relevant, the statement is too broad and generic to be considered an original or substantive engineering approach to the problem.","The suggestion of ""alternative ways of traveling"" is quite broad and lacks specificity, making it unoriginal as it encompasses many existing modes of transport that are already well-known. From an engineering perspective, without detailing specific alternatives or innovative approaches, the idea does not present a novel solution to reducing the environmental impact of air travel.",1,1,1,1,,,2,2,1,1,2,2
"This solution is extremely vague and lacks specific engineering or technical details about reducing air travel's environmental impact. While exploring alternative transportation methods could be relevant, the statement is too broad and generic to be considered an original or substantive engineering approach to the problem.","The suggestion of ""alternative ways of traveling"" is quite broad and lacks specificity, making it unoriginal as it encompasses many existing modes of transport that are already well-known. From an engineering perspective, without detailing specific alternatives or innovative approaches, the solution does not present a novel idea that significantly deviates from conventional travel methods.",1,1,1,1,,,2,2,1,1,2,2
"This solution is extremely vague and lacks specific engineering or technical details about reducing air travel's environmental impact. While exploring alternative transportation methods could be relevant, the statement is too broad and generic to be considered an original or substantive engineering approach to the problem.","The suggestion of ""alternative ways of traveling"" is quite broad and lacks specificity, making it unoriginal as it encompasses many existing modes of transport that are already well-known. From an engineering perspective, without detailing specific alternatives or innovative approaches, the idea does not present a novel solution to reducing the environmental impact of air travel.",1,1,1,1,,,2,2,1,1,2,2
"Biofuel is a relatively established concept in aviation sustainability that has been researched and partially implemented for over a decade. While important, it represents an incremental improvement rather than a breakthrough solution, lacking significant novel engineering approaches to reducing air travel's environmental impact.","The use of biofuels as a solution to reduce the environmental impact of air travel is a well-established concept in the field of aviation and energy. While it is a step towards sustainability, it lacks originality as it has been widely discussed and implemented in various contexts, making it a common approach rather than a novel engineering solution.",1,1,1,1,,,2,2,1,1,2,2
"This solution represents a relatively standard engineering approach to emissions reduction, proposing a technological filter/cleaner mechanism. While technically valid, it lacks significant novelty since similar carbon capture technologies already exist in various industrial and automotive contexts.","The concept of using a carbon cleaner to remove harmful emissions from engines is not particularly original, as various forms of emission control technologies have been in development and use for years in the automotive and aviation industries. While the idea may have some merit, it does not significantly deviate from existing solutions, making it less innovative from an engineering perspective.",1,1,1,1,,,2,2,1,1,2,2
"This solution represents a relatively standard engineering approach to emissions reduction, proposing a technological filter/cleaner mechanism. While technically valid, it lacks significant novelty since similar carbon capture technologies already exist in various industrial and automotive contexts.","The concept of using a carbon cleaner to remove harmful emissions from engines is not particularly original, as various forms of emission control technologies have been in development and use for years. While the idea may have some merit in improving engine efficiency, it does not significantly deviate from existing solutions in the field of environmental engineering.",1,1,1,1,,,2,2,1,1,2,2
"This solution represents a relatively standard engineering approach to emissions reduction, proposing a technological filter/cleaner mechanism. While technically valid, it lacks significant novelty since similar carbon capture technologies already exist in various industrial and automotive contexts.","The concept of using a carbon cleaner to remove harmful emissions from engines is not particularly original, as various forms of emission control technologies have been in development and use for years. While the idea may have some merit in improving engine efficiency, it does not significantly deviate from existing solutions in the field of environmental engineering.",1,1,1,1,,,2,2,1,1,2,2
"This solution offers an innovative alternative to air travel by proposing a comprehensive cross-country electric train network powered by green or nuclear energy, which represents a systemic approach to reducing aviation's environmental impact by providing a fundamentally different transportation infrastructure.","This solution is original as it proposes a significant shift from traditional air travel to a long-range electric train system, which is not a common approach in addressing air travel's environmental impact. The integration of green energy sources or nuclear power for electrification adds a modern engineering perspective that enhances its originality, making it a forward-thinking alternative to conventional transportation methods.",2,2,1,1,,,2,2,2,2,2,2
"This solution represents a standard incremental engineering approach to reducing environmental impact, which has already been extensively researched by automotive and aerospace industries. While important, it lacks significant novelty in addressing air travel's carbon footprint, as developing cleaner engines is an ongoing, predictable technological pathway.","The idea of developing more environmentally friendly engines and fuels is a common approach in the field of aerospace engineering, as many companies and researchers are already pursuing this path. While it is a necessary and important area of focus, it lacks originality due to its prevalence in existing discussions and research initiatives.",1,1,1,1,,,2,2,1,1,2,2
"This solution represents a straightforward operational efficiency approach that has been discussed in airline and environmental circles before. While potentially impactful, it lacks novel engineering insight and closely mirrors existing capacity optimization strategies already considered by the aviation industry.","This solution is unoriginal as it reflects a common practice in the airline industry to optimize fuel efficiency by maximizing passenger load. While it addresses environmental impact, it lacks innovative engineering insights or novel approaches to the problem, making it a standard operational consideration rather than a groundbreaking idea.",1,1,1,1,,,2,2,1,1,2,2
"Eco fuels are a relatively standard approach to reducing aviation environmental impact, already being researched by multiple aerospace and energy companies. While potentially important, the solution lacks significant engineering novelty in its current broad, generic formulation.","The concept of eco fuels, while beneficial for reducing environmental impact, is not particularly original as it has been widely discussed and implemented in various forms for years. From an engineering perspective, many existing technologies already focus on biofuels and alternative energy sources, making this solution more common than innovative.",1,1,1,1,,,2,2,1,1,2,2
"Eco fuels are a relatively standard approach to reducing aviation environmental impact, already being researched by multiple aerospace and energy companies. While potentially important, the solution lacks significant engineering novelty in its current broad, generic formulation.","The concept of eco fuels, while beneficial for reducing emissions, is not particularly original as it has been widely discussed and implemented in various forms for years. From an engineering perspective, many existing technologies already focus on biofuels and alternative fuels, making this solution more common than innovative.",1,1,1,1,,,2,2,1,1,2,2
"Electric planes are already being actively developed by multiple aerospace companies like Eviation and Heart Aerospace, making this solution relatively unoriginal. While electrification of short-haul flights is a promising approach to reducing aviation emissions, it represents an incremental rather than breakthrough innovation in sustainable air travel.","The concept of electric planes for short flights is a developing area in aviation, but it is not entirely original as there are existing prototypes and ongoing research in this field. While it presents a modern approach to reducing emissions, it aligns with current trends in sustainable aviation rather than introducing a fundamentally new idea.",1,2,1,1,,,2,2,1,1,2,2
"Electric planes are already being actively developed by multiple aerospace companies like Eviation and Heart Aerospace, making this solution relatively unoriginal. While electrification of short-haul flights is a promising approach to reducing aviation emissions, it represents an incremental rather than breakthrough innovation in sustainable air travel.","The concept of electric planes for short flights is a developing area in aviation, but it is not entirely original as there are existing prototypes and ongoing research in this field. From an engineering perspective, while the idea is innovative, it aligns with current trends in sustainable aviation, making it a neutral contribution in terms of originality.",1,2,1,1,,,2,2,1,1,2,2
"Electric planes are already being actively developed by multiple aerospace companies like Eviation and Heart Aerospace, making this solution relatively unoriginal. While electrification of short-haul flights is a promising approach to reducing aviation emissions, it represents an incremental rather than breakthrough innovation in sustainable air travel.","The concept of electric planes for short flights is a developing area in aviation, but it is not entirely original as there are existing prototypes and ongoing research in this field. From an engineering perspective, while the idea is innovative, it aligns with current trends in sustainable aviation, making it a neutral contribution in terms of originality.",1,2,1,1,,,2,2,1,1,2,2
"This solution is relatively unoriginal as air traffic management optimization is already a standard approach in aviation engineering for reducing fuel consumption and emissions. While potentially valuable, it represents an incremental improvement rather than a breakthrough strategy for reducing environmental impact.","Enhancing air traffic management is a common approach to reducing environmental impact, as it focuses on optimizing existing systems rather than introducing new technologies or methods. While it may improve efficiency, the concept itself is widely recognized and lacks the innovative edge that would elevate its originality in the context of engineering solutions.",1,1,1,1,,,2,2,1,1,2,2
"This solution is relatively unoriginal as air traffic management optimization is already a standard approach in aviation engineering for reducing fuel consumption and emissions. While potentially valuable, it represents an incremental improvement rather than a breakthrough strategy for reducing environmental impact.","Enhancing air traffic management is a common approach to reducing environmental impact, as it focuses on optimizing existing systems rather than introducing new technologies or methods. While it may improve efficiency, the concept itself is widely recognized and lacks the novelty needed for a higher originality rating.",1,1,1,1,,,2,2,1,1,2,2
"This solution is relatively unoriginal from an engineering perspective, as it represents a direct regulatory approach to reducing air travel emissions. While potentially effective, it lacks innovative technological or systemic thinking about transportation efficiency and environmental impact mitigation.","The idea of forbidding plane travel under 300km is somewhat original as it proposes a regulatory approach to reduce short-haul flights, which are often less efficient. However, similar policies have been discussed in various contexts, making it not entirely unique. From an engineering perspective, while the concept addresses environmental impact, it lacks innovative technical solutions or alternative travel methods to replace short flights.",1,1,1,1,,,2,2,1,1,2,2
"This solution addresses environmental impact by restricting short-distance air travel, which has relatively high per-mile emissions. While the concept has merit from a sustainability perspective, it is a relatively straightforward policy approach that lacks innovative engineering design thinking about alternative transportation methods or emissions reduction technologies.","The idea of forbidding short trips is a straightforward approach to reducing air travel's environmental impact, but it lacks originality as it is a common suggestion that has been discussed in various contexts. From an engineering perspective, while it addresses the issue, it does not introduce a novel method or technology to achieve the goal, making it more of a policy suggestion than an innovative engineering solution.",1,1,1,1,,,2,2,1,1,2,2
"This solution addresses environmental impact by restricting short-distance air travel, which has relatively high per-mile emissions. While the concept has merit from a sustainability perspective, it is a relatively straightforward policy approach that lacks innovative engineering design thinking about alternative transportation methods or emissions reduction technologies.","The idea of forbidding short trips is a straightforward approach to reducing air travel's environmental impact, but it lacks originality as it is a common suggestion that has been discussed in various contexts. From an engineering perspective, while it addresses the issue, it does not introduce a novel method or technology to achieve the goal, making it more of a policy suggestion than an innovative engineering solution.",1,1,1,1,,,2,2,1,1,2,2
"This solution addresses environmental impact by restricting short-distance air travel, which has relatively high per-mile emissions. While the concept has merit from a sustainability perspective, it is a relatively straightforward policy approach that lacks innovative engineering design thinking about alternative transportation methods or emissions reduction technologies.","The idea of forbidding short trips is a straightforward approach to reducing air travel's environmental impact, but it lacks originality as it is a common suggestion that has been discussed in various contexts. From an engineering perspective, while it addresses the issue, it does not introduce a novel method or technology to achieve the goal, making it more of a policy suggestion than an innovative engineering solution.",2,1,1,1,,,2,2,1,1,2,2
"This solution addresses environmental impact by restricting short-distance air travel, which has relatively high per-mile emissions. While the concept has merit from a sustainability perspective, it is a relatively straightforward policy approach that lacks innovative engineering design thinking about alternative transportation methods or emissions reduction technologies.","The idea of forbidding short trips is not particularly original, as it aligns with existing discussions about reducing air travel for environmental reasons. While it may be a straightforward approach to decrease emissions, it lacks innovative engineering solutions or alternative methods to achieve the same goal, making it feel more like a policy suggestion than a novel engineering design.",1,1,1,1,,,2,2,1,1,2,2
"This solution of a two-level seating arrangement in aircraft is moderately original from an engineering perspective. While multi-level passenger configurations have been conceptually explored, a practical implementation that optimizes space and passenger comfort would require innovative structural and ergonomic design considerations.","The idea of having two levels for passenger seating is not particularly original, as multi-level seating has been explored in various forms in the aviation industry, such as in double-decker aircraft. From an engineering perspective, while it may offer some space efficiency, it does not introduce a fundamentally new concept or technology to reduce environmental impact.",2,1,1,1,,,2,2,2,1,2,2
"Hydrogen fuel cell technology for aviation represents a genuinely innovative approach to reducing carbon emissions in air travel. While not entirely unprecedented, it offers a substantive departure from traditional jet fuel systems by proposing a zero-emission propulsion method with significant potential for transforming aerospace engineering.","The concept of using hydrogen fuel cells for aviation is relatively novel compared to traditional jet fuel, making it an original approach to reducing environmental impact. While hydrogen fuel cells have been explored in other transportation sectors, their application in aviation is still developing, showcasing a unique engineering perspective on sustainable air travel.",2,2,1,1,,,2,2,2,2,2,2
"Hydrogen fuel cell technology for aviation represents a genuinely innovative approach to reducing carbon emissions in air travel. While not entirely unprecedented, it offers a substantive departure from traditional jet fuel systems by proposing a zero-emission propulsion method with significant potential for transforming aerospace engineering.","The concept of using hydrogen fuel cells for aviation is relatively novel compared to traditional fossil fuel-powered aircraft, making it an original approach to reducing environmental impact. While hydrogen fuel cells have been explored in other transportation sectors, their application in aviation is still developing, which adds to its uniqueness and potential for innovation in engineering design.",2,2,1,1,,,2,2,2,2,2,2
"This solution is fundamentally unoriginal, representing a standard economic policy lever of using pricing to modify behavior. While potentially effective, it lacks innovative engineering thinking and merely applies a basic market mechanism to environmental challenges without addressing underlying technological or systemic issues in air travel emissions.","Increasing fees for air travel is a common economic approach to reduce demand and subsequently lower environmental impact, making it unoriginal. From an engineering perspective, it lacks innovative technical solutions or novel strategies that directly address the environmental issues associated with air travel.",1,1,1,1,,,2,2,1,1,2,2
"This solution is fundamentally unoriginal, representing a standard economic policy lever of using pricing to modify behavior. While potentially effective, it lacks innovative engineering thinking and merely applies a basic market mechanism to environmental challenges without addressing underlying technological or systemic issues in air travel emissions.","From an engineering perspective, increasing fees for air travel is a common economic approach to reduce demand and subsequently lower environmental impact. This solution lacks originality as it does not introduce any innovative technology or method to address the environmental concerns directly, relying instead on traditional economic mechanisms.",1,1,1,1,,,2,2,1,1,2,2
"This solution is fundamentally unoriginal, representing a standard economic policy lever of using pricing to modify behavior. While potentially effective, it lacks innovative engineering thinking and merely applies a basic market mechanism to environmental challenges without addressing underlying technological or systemic issues in air travel emissions.","From an engineering perspective, increasing fees for air travel is a common economic approach to reduce demand and subsequently lower environmental impact. This solution lacks originality as it does not introduce any new technology or innovative methods to address the problem, relying instead on traditional economic principles that have been widely discussed and implemented.",1,1,1,1,,,2,2,1,1,2,2
"This solution represents a standard regulatory approach to environmental challenges that has been frequently proposed and implemented in transportation sectors. While potentially effective, it lacks innovative engineering thinking and does not introduce a novel mechanism for reducing air travel's environmental impact.","Increasing vehicle pollution restrictions is a common regulatory approach to reduce emissions, particularly in the transportation sector. From an engineering perspective, while it may contribute to environmental goals, it lacks originality as it is a widely adopted strategy rather than a novel solution.",1,2,1,1,,,2,2,1,1,2,2
"This solution represents a standard regulatory approach to environmental challenges that has been frequently proposed and implemented in transportation sectors. While potentially effective, it lacks innovative engineering thinking and does not introduce a novel mechanism for reducing air travel's environmental impact.","Increasing vehicle pollution restrictions is a common regulatory approach to reduce emissions, particularly in the transportation sector. From an engineering perspective, this solution lacks originality as it does not introduce new technologies or innovative methods to address the environmental impact of air travel, but rather relies on existing regulatory frameworks.",1,1,1,1,,,2,2,1,1,2,2
This solution demonstrates engineering creativity by proposing dual-purpose solar integration that extends beyond traditional energy harvesting approaches. The concept of generating electricity during both flight and ground stationary periods represents an innovative approach to reducing aircraft energy consumption and environmental impact.,"The idea of integrating solar technology into planes is original as it combines renewable energy with aviation, which is not a common approach in current aircraft design. While solar panels on vehicles are becoming more popular, their application in aviation is still relatively rare, making this solution both innovative and practical from an engineering perspective.",2,2,1,1,,,2,2,2,2,2,2
This solution demonstrates engineering creativity by proposing dual-purpose solar integration that extends beyond traditional energy harvesting approaches. The concept of generating electricity during both flight and ground stationary periods represents an innovative approach to reducing aircraft energy consumption and environmental impact.,"The idea of integrating solar technology into planes is original as it combines renewable energy with aviation, which is not a widely adopted concept in the industry. While solar panels on aircraft are not entirely new, the proposal to utilize them for electricity generation both during and after flight demonstrates a creative approach to enhancing energy efficiency and reducing environmental impact.",2,2,1,1,,,2,2,2,2,2,2
"This solution is relatively unoriginal in aerospace engineering, as lightweight materials research is already a standard approach in aircraft design. While reducing aircraft weight can improve fuel efficiency, this suggestion lacks specific innovation or novel material concepts beyond existing engineering practices.","The idea of using lighter materials for aircraft is a well-established approach in aerospace engineering, aimed at improving fuel efficiency and reducing emissions. While it is a valid solution, it lacks originality as it has been widely discussed and implemented in the industry for many years.",1,1,1,1,,,2,2,1,1,2,2
"This solution is quite unoriginal in the engineering context, as improving engine efficiency is a standard and ongoing approach in aerospace engineering. While technically valid, it represents a conventional strategy that has been continuously pursued by manufacturers for decades, lacking a novel or breakthrough perspective on reducing air travel's environmental impact.","The suggestion to make more efficient engines is a common approach in the field of aerospace engineering, as improving engine efficiency has been a longstanding goal. While it is a valid solution, it lacks originality because it is a well-established concept that has been extensively researched and implemented in various forms over the years.",1,1,1,1,,,2,2,1,1,2,2
"This solution is fundamentally unoriginal because improving aircraft fuel efficiency has been a continuous engineering focus for decades. While technically valid, it represents an incremental approach that has already been extensively pursued by aerospace manufacturers through aerodynamic design, engine technology, and materials science.","The solution of making planes more fuel efficient is a common approach in the aviation industry, as it has been a primary focus for many years. While it is a necessary goal, the idea itself lacks originality since it is widely recognized and implemented through various engineering advancements and technologies.",1,1,1,1,,,2,2,1,1,2,2
"This solution represents a highly innovative approach to aircraft design by proposing dynamically scalable aircraft that can physically adjust their size based on passenger demand, which challenges traditional fixed-size aircraft engineering paradigms and could significantly optimize fuel efficiency and operational costs.","The concept of modular aircraft that can adjust their size based on demand is original as it combines principles of modular design with aviation, which is not commonly explored. This approach could lead to significant efficiency improvements and resource optimization, making it a clever solution to the problem of fluctuating air travel demand.",2,2,1,1,,,2,1,2,2,2,2
"This solution represents an incremental engineering improvement that has already been extensively researched and implemented by aerospace manufacturers. While technically valid, it reflects an established approach to aircraft design optimization that has been pursued for decades, offering minimal novelty in addressing environmental impact.","The concept of designing more aerodynamic and streamlined planes is a well-established principle in aerospace engineering, making it unoriginal. While improvements in aerodynamics can lead to better fuel efficiency, this idea is commonly discussed and implemented, thus lacking uniqueness in the context of reducing environmental impact in air travel.",1,1,1,1,,,2,2,1,1,2,2
"This solution represents an incremental engineering improvement that has already been extensively researched and implemented by aerospace manufacturers. While technically valid, it reflects an established approach to aircraft design optimization that has been pursued for decades, offering minimal novelty in addressing environmental impact.","The concept of designing more aerodynamic and streamlined planes is a well-established principle in aerospace engineering, making it unoriginal. While improvements in aerodynamics can lead to better fuel efficiency, this idea is commonly discussed and implemented, thus lacking uniqueness in the context of reducing environmental impact in air travel.",1,1,1,1,,,2,2,1,1,2,2
"This solution represents a standard operational optimization approach that has been repeatedly proposed and partially implemented by airlines. From an engineering perspective, it lacks innovative thinking about fundamental environmental challenges in air travel, merely suggesting a marginal capacity improvement rather than addressing systemic carbon emissions or technological transformation.","From an engineering perspective, the idea of adding more seats to planes to maximize efficiency is a common approach that has been implemented in the airline industry for years. While it may seem like a straightforward solution to increase capacity and reduce per-passenger emissions, it lacks originality as it does not introduce any new technology or innovative design principles.",1,1,1,1,,,2,2,1,1,2,2
"This solution represents a standard operational optimization approach that has been repeatedly proposed and partially implemented by airlines. From an engineering perspective, it lacks innovative thinking about fundamental environmental challenges in air travel, merely suggesting a marginal capacity improvement rather than addressing systemic carbon emissions or technological transformation.","From an engineering perspective, the idea of adding more seats to planes to maximize efficiency is a common approach that has been implemented in the aviation industry for years, particularly in the context of low-cost carriers. This solution lacks originality as it does not introduce new technology or innovative design principles, but rather relies on existing practices that prioritize capacity over passenger comfort.",1,1,1,1,,,2,2,1,1,2,2
"This solution represents a standard operational optimization approach that has been repeatedly proposed and partially implemented by airlines. From an engineering perspective, it lacks innovative thinking about fundamental environmental challenges in air travel, merely suggesting a marginal capacity improvement rather than addressing systemic carbon emissions or technological transformation.","From an engineering perspective, the idea of adding more seats to planes to maximize efficiency is a common approach that has been implemented in the aviation industry for years. While it may seem like a straightforward solution to increase capacity and reduce per-passenger emissions, it lacks originality as it does not introduce any new technology or innovative design principles.",1,1,1,1,,,2,2,1,1,2,2
"While reducing air travel through telecommuting is a logical approach to environmental impact, it is not particularly original as a solution. Many organizations and researchers have already proposed and implemented remote work strategies as a method to decrease transportation-related carbon emissions, making this a relatively standard engineering mitigation strategy.","The suggestion of increasing telecommuting as a means to reduce the environmental impact of air travel is unoriginal, as it is a widely recognized and commonly discussed approach. From an engineering perspective, while it does have potential benefits in reducing travel needs, it lacks innovative elements or new methodologies that would make it stand out as an original solution.",1,1,1,1,,,2,2,1,1,2,2
"While reducing air travel through telecommuting is a logical approach to environmental impact, it is not particularly original as a solution. Many organizations and researchers have already proposed and implemented remote work strategies as a method to decrease transportation-related carbon emissions, making this a relatively standard engineering mitigation strategy.","The suggestion of increasing telecommuting is a common approach to reducing the environmental impact of air travel, as it directly addresses the need for travel by promoting remote work. However, it lacks originality since it has been widely discussed and implemented in various industries, making it a standard solution rather than a novel engineering innovation.",1,1,1,1,,,2,2,1,1,2,2
"""Newer material technology"" is a very broad and generic suggestion for reducing air travel's environmental impact. While materials science could potentially contribute to more fuel-efficient aircraft design, this proposal lacks specific details about what materials or how they would be applied, making it a neutral concept from an engineering perspective.","The suggestion of using newer material technology is quite common in engineering discussions about reducing environmental impact, particularly in aviation. While advancements in materials can lead to improvements in fuel efficiency and weight reduction, this concept lacks specificity and does not present a novel approach or application, making it unoriginal from a STEM perspective.",2,2,1,1,,,2,2,1,1,2,2
This solution lacks technical originality and does not address the core environmental challenge of reducing air travel's carbon footprint. Simply removing first class seating does not inherently reduce emissions or provide a meaningful engineering approach to sustainability.,"The idea of eliminating first class is not particularly original, as it has been discussed in various contexts regarding cost reduction and environmental impact. From an engineering perspective, while it may contribute to a more equitable use of space and resources on an aircraft, it does not introduce a novel approach or technology to significantly reduce the environmental impact of air travel.",1,1,1,1,,,2,2,1,1,2,2
"This solution appears unrelated to reducing air travel's environmental impact and does not demonstrate meaningful engineering innovation. While boat licensing might tangentially reduce transportation emissions, it lacks direct connection to the specific challenge of air travel's carbon footprint.","From an engineering perspective, the idea of offering boat licenses to ordinary citizens is not particularly original, as it does not directly address the environmental impact of air travel. While it may promote alternative modes of transportation, the concept of licensing for recreational boating is already established and does not introduce a novel approach to reducing air travel's environmental footprint.",1,1,1,1,,,2,2,1,1,2,2
"This solution addresses environmental impact through dietary choices, which is a moderately original approach to reducing carbon emissions in air travel. While not entirely novel, connecting food choices to aviation sustainability represents a nuanced systems-thinking perspective that links passenger consumption directly to ecological footprint.","From an engineering perspective, the idea of serving only vegan meals on board is not particularly original, as many airlines have already begun to offer plant-based options in response to environmental concerns. While it does address the issue of reducing the carbon footprint associated with meat production, it is a common approach that lacks innovative engineering solutions or technologies to further enhance its impact.",2,1,1,1,,,2,2,2,1,2,2
"This solution addresses environmental impact through dietary choices, which is a moderately original approach to reducing carbon emissions in air travel. While not entirely novel, connecting food choices to aviation sustainability represents a nuanced systems-thinking perspective that links passenger consumption directly to ecological footprint.","From an engineering perspective, the idea of serving only vegan meals on board is not particularly original, as many airlines have already begun to offer plant-based options to reduce their carbon footprint. While it is a step towards sustainability, it does not introduce a fundamentally new approach to reducing the environmental impact of air travel.",2,1,1,1,,,2,2,2,1,2,2
"Route optimization is a standard approach in aviation engineering that has been actively studied for decades. While potentially effective for reducing fuel consumption, this solution represents an incremental improvement rather than a breakthrough, lacking significant novel technological or systemic innovation for reducing air travel's environmental impact.","Optimizing flight routes is a well-established practice in aviation and logistics, making it a common solution to reducing environmental impact. While it can lead to efficiency improvements, the concept itself lacks originality as it has been widely implemented and discussed in the industry for many years.",1,1,1,1,,,2,2,1,1,2,2
"Route optimization is a standard approach in aviation engineering that has been actively studied for decades. While potentially effective for reducing fuel consumption, this solution represents an incremental improvement rather than a breakthrough, lacking significant novel technological or systemic innovation for reducing air travel's environmental impact.","Optimizing flight routes is a well-established practice in aviation and logistics, making it a common solution to reducing environmental impact. While it can lead to efficiency improvements, the concept itself lacks originality as it has been widely implemented and discussed in the industry for many years.",1,1,1,1,,,2,2,1,1,2,2
"Route optimization is a standard approach in aviation engineering that has been extensively studied and implemented by airlines and aerospace companies. While potentially beneficial, this solution represents an incremental improvement rather than a breakthrough in reducing air travel's environmental impact.","Optimizing flight routes is a well-established practice in aviation and logistics, making it a common solution to reduce environmental impact. While it can lead to efficiency improvements, the concept itself lacks originality as it has been widely implemented and discussed in the industry for many years.",1,1,1,1,,,2,2,1,1,2,2
"Route optimization is a standard approach in aviation engineering that has been extensively studied and implemented by airlines and aerospace companies. While potentially beneficial, this solution represents an incremental improvement rather than a breakthrough in reducing air travel's environmental impact.","Optimizing flight routes is a well-established practice in aviation and logistics, making it a common solution to reduce environmental impact. While it can lead to efficiency improvements, the concept itself lacks originality as it has been widely implemented and discussed in the industry for many years.",1,1,1,1,,,2,2,1,1,2,2
"Route optimization is a standard approach in aviation engineering that has been extensively studied and implemented by airlines and aerospace companies. While potentially beneficial, this solution represents an incremental improvement rather than a breakthrough in reducing air travel's environmental impact.","Optimizing flight routes is a well-established practice in aviation and logistics, making it a common solution to reduce environmental impact. While it can lead to efficiency gains, the concept itself lacks originality as it has been widely implemented and discussed in the industry for many years.",1,1,1,1,,,2,2,1,1,2,2
"Route optimization is a standard approach in aviation engineering that has been extensively studied and implemented by airlines and aerospace companies. While potentially beneficial, this solution represents an incremental improvement rather than a breakthrough in reducing air travel's environmental impact.","From an engineering perspective, optimizing flight routes is a well-established practice in aviation and air traffic management. While it can lead to reduced fuel consumption and emissions, the concept itself is not original, as it has been widely implemented and discussed in the industry for many years.",1,1,1,1,,,2,2,1,1,2,2
"This solution is quite generic and lacks specific engineering insight into reducing air travel's environmental impact. It offers a broad, vague suggestion without detailing technological innovations or concrete alternative transportation strategies that could meaningfully address the environmental challenge.","This solution is unoriginal as it suggests improving existing transportation methods, which is a common approach to reducing air travel's environmental impact. From an engineering perspective, it lacks innovative ideas or novel technologies that could significantly alter the current landscape of transportation.",1,1,1,1,,,2,2,1,1,2,2
"This solution is quite generic and lacks specific engineering insight into reducing air travel's environmental impact. It offers a broad, vague suggestion without detailing technological innovations or concrete alternative transportation strategies that could meaningfully address the environmental challenge.","This solution is unoriginal as it suggests improving existing transportation methods, which is a common approach to reducing air travel's environmental impact. From an engineering perspective, it lacks innovation and does not introduce new technologies or concepts that could significantly alter the current landscape of transportation.",1,1,1,1,,,2,2,1,1,2,2
"This solution is quite generic and lacks specific engineering insight into reducing air travel's environmental impact. It offers a broad, vague suggestion without detailing technological innovations or concrete alternative transportation strategies that could meaningfully address the environmental challenge.","This solution is unoriginal as it suggests improving existing transportation methods, which is a common approach to reducing air travel's environmental impact. From an engineering perspective, it lacks innovative ideas or novel technologies that could significantly alter the current landscape of transportation.",1,1,1,1,,,2,2,1,1,2,2
"This solution represents a moderate level of originality by suggesting modal shift as an alternative to air travel, which is a known but not widely implemented sustainability strategy. The approach shows basic systems thinking about transportation emissions reduction, but lacks breakthrough innovation in transportation design.","This solution is somewhat original as it suggests promoting alternative modes of transportation, which is a less common approach compared to direct improvements in air travel technology. However, the idea of using trains or buses as alternatives is not particularly novel, as it has been discussed in various contexts before. The connection to reducing air travel's environmental impact is clear, but the concept itself is relatively straightforward and not far removed from existing ideas.",1,1,1,1,,,2,2,2,1,2,2
"This solution represents a moderate level of originality by suggesting modal shift as an alternative to air travel, which is a known but not widely implemented sustainability strategy. The approach shows basic systems thinking about transportation emissions reduction, but lacks breakthrough innovation in transportation design.","This solution is somewhat original as it suggests promoting alternative modes of transportation, which is a less common approach compared to direct improvements in air travel technology. However, the idea of using trains or buses as alternatives is not particularly novel, as it has been discussed in various contexts before. The concept is practical and relevant, but it does not significantly deviate from established transportation strategies.",1,1,1,1,,,2,2,2,1,2,2
"This solution is relatively unoriginal as reducing private jet usage has been frequently proposed by environmental advocates and policy makers. While environmentally responsible, the approach lacks innovative engineering thinking and represents a straightforward regulatory or social policy recommendation rather than a technical solution to air travel's environmental impact.","The suggestion to reduce the use of private jets is unoriginal as it is a common approach to decreasing the environmental impact of air travel. From an engineering perspective, while it addresses a significant source of emissions, it lacks innovative methods or technologies that could provide a more effective or novel solution.",1,1,1,1,,,2,2,1,1,2,2
"This solution is relatively unoriginal as reducing private jet usage has been frequently proposed by environmental advocates and policy makers. While environmentally responsible, the approach lacks innovative engineering thinking and represents a straightforward regulatory or social policy recommendation rather than a technical solution to air travel's environmental impact.","The suggestion to reduce the use of private jets is unoriginal as it is a common approach discussed in the context of reducing air travel's environmental impact. From an engineering perspective, while it addresses a significant source of emissions, it lacks innovative methods or technologies that could lead to a more substantial reduction in environmental impact.",1,1,1,1,,,2,2,1,1,2,2
"This solution is extremely generic and lacks specificity. While reducing aircraft weight is a valid engineering approach to improving fuel efficiency, the response is too vague and represents a standard, well-known strategy in aerospace design that has been extensively researched for decades.","The idea of reducing weight in aircraft to improve fuel efficiency and reduce environmental impact is a well-established engineering principle. While it is a valid approach, it is not original as it has been widely discussed and implemented in the aerospace industry for many years.",1,1,1,1,,,2,2,1,1,2,2
"This solution represents a moderate level of originality in addressing air travel's environmental impact. While route optimization software exists, specifically targeting layovers to reduce fuel consumption and emissions is a pragmatic but not groundbreaking engineering approach.","The concept of route planning software is not new, as many travel and airline companies already utilize similar systems. However, optimizing layovers specifically to reduce environmental impact adds a layer of complexity and innovation, making it moderately original. The cleverness lies in the targeted approach to a specific aspect of air travel, which could lead to more efficient flight paths and reduced emissions.",1,2,1,1,,,2,2,1,2,2,2
"This solution represents a moderate level of originality in addressing air travel's environmental impact. While route optimization software exists, specifically targeting layovers to reduce fuel consumption and emissions is a pragmatic but not groundbreaking engineering approach.","The concept of route planning software is not new, as many travel and airline companies already utilize similar systems. However, optimizing layovers specifically to reduce environmental impact adds a layer of originality, making it a neutral solution overall. The cleverness lies in the potential for improved efficiency and reduced emissions, but the idea itself is not particularly remote from existing technologies.",1,1,1,1,,,2,2,1,2,2,2
"This solution lacks technical sophistication and does not address the core environmental challenge of reducing aircraft carbon emissions or fuel consumption. It appears to be a simplistic suggestion without understanding the complex engineering constraints of aircraft weight, fuel efficiency, and environmental impact.","This solution is very unoriginal as it suggests a common practice of maximizing cargo capacity in planes, which does not inherently reduce environmental impact. From an engineering perspective, simply taking more stuff does not address the core issues of fuel efficiency or emissions reduction, making it a very basic and uninsightful suggestion.",1,1,1,1,,,2,2,1,1,2,2
"This solution represents a standard policy approach that has been frequently discussed by economists and environmental policy makers. While potentially effective, it lacks innovative engineering thinking and relies on traditional economic disincentive mechanisms rather than technological or systemic redesign of air travel's environmental impact.","The idea of taxing air travel to encourage alternatives is a common economic approach to reducing consumption and environmental impact, making it unoriginal. While it may be a straightforward solution, it lacks innovative engineering concepts or technologies that could provide a more unique approach to the problem.",1,1,1,1,,,2,2,1,1,2,2
"This solution represents a standard policy approach to environmental regulation that has been widely discussed and partially implemented in various carbon pricing schemes. While potentially effective, the concept of taxation to offset emissions is not particularly novel in engineering or environmental policy circles.","The idea of implementing taxes or fees to offset environmental emissions is a well-established concept in environmental economics and policy, making it unoriginal. While it may be a practical approach, it lacks novelty in the context of engineering solutions for air travel, as similar mechanisms have been proposed and discussed extensively in various sectors.",1,1,1,1,,,2,2,1,1,2,2
"This solution represents a standard policy approach to environmental regulation that has been widely discussed and partially implemented in various carbon pricing schemes. While potentially effective, the concept of taxation to offset emissions is not particularly novel in engineering or environmental policy circles.","From an engineering perspective, implementing taxes or fees to offset environmental emissions is a common economic approach used in various industries, including air travel. While it may have some merit in promoting sustainability, it lacks originality as it is a widely discussed and implemented strategy rather than a novel engineering solution.",1,1,1,1,,,2,2,1,1,2,2
"This solution is extremely generic and lacks specific technical details about what alternative transportation methods might be used. While reducing air travel is conceptually valid for environmental impact, the suggestion is vague and does not demonstrate engineering creativity or innovative problem-solving approaches.","The suggestion to use alternatives to flight is unoriginal as it encompasses well-known modes of transportation such as trains, buses, and cars, which are commonly discussed in the context of reducing air travel. From an engineering perspective, while the idea promotes sustainability, it lacks innovation and does not introduce new technologies or methods that could significantly alter the current landscape of travel.",1,1,1,1,,,2,2,1,1,2,2
"This solution is extremely generic and lacks specific technical details about what alternative transportation methods might be used. While reducing air travel is conceptually valid for environmental impact, the suggestion is vague and does not demonstrate engineering creativity or innovative problem-solving approaches.","The suggestion to use alternatives to flight is unoriginal as it is a common approach to reducing air travel's environmental impact, such as promoting trains or buses. From an engineering perspective, while the idea is valid, it lacks innovation or a unique twist that would elevate it beyond standard recommendations.",1,1,1,1,,,2,2,1,1,2,2
"This solution is extremely generic and lacks specific technical details about what alternative transportation methods might be used. While reducing air travel is conceptually valid for environmental impact, the suggestion is vague and does not demonstrate engineering creativity or innovative problem-solving approaches.","The suggestion to use alternatives to flight is unoriginal as it encompasses common modes of transportation such as trains, buses, or cars, which are widely recognized as substitutes for air travel. From an engineering perspective, while the idea promotes reducing air travel's environmental impact, it lacks innovation and does not introduce new technologies or methods that could significantly alter the current landscape of transportation.",1,1,1,1,,,2,2,1,1,2,2
"This solution lacks technical specificity and does not represent a novel approach to reducing aviation environmental impact. ""Pure fuel"" is vague and does not demonstrate an innovative engineering strategy for addressing carbon emissions or fuel efficiency.","The idea of using pure fuel is not particularly original, as it aligns with existing efforts to improve fuel quality and reduce emissions in aviation. While the concept may have some merit, it lacks innovation and does not introduce a new approach or technology to significantly reduce the environmental impact of air travel.",1,1,1,1,,,1,2,1,1,2,2
"This solution lacks technical specificity and does not represent a novel approach to reducing aviation environmental impact. ""Pure fuel"" is vague and does not demonstrate an innovative engineering strategy for addressing carbon emissions or fuel efficiency.","The idea of using pure fuel is not particularly original, as it aligns with existing efforts to improve fuel quality and reduce emissions in aviation. From an engineering perspective, while the concept of using cleaner fuels is important, it is a common approach that lacks innovative elements or new methodologies to significantly reduce environmental impact.",1,1,1,1,,,1,2,1,1,2,2
